####
#
# OBJ File Generated by Meshlab
#
####
# Object Tile4x4x4.obj
#
# Vertices: 15360
# Faces: 11520
#
####
v 0.1630000 0.0870000 0.1630000
v 0.0870000 0.0870000 0.1630000
v 0.0870000 0.1630000 0.1630000
v 0.1630000 0.1630000 0.1630000
v 0.1450000 0.1050000 0.2500000
v 0.1450000 0.1450000 0.2500000
v 0.1050000 0.1450000 0.2500000
v 0.1050000 0.1050000 0.2500000
v 0.1630000 0.0870000 0.1630000
v 0.1630000 0.1630000 0.1630000
v 0.1505678 0.1505678 0.1832059
v 0.1505678 0.0994322 0.1832059
v 0.1454497 0.1454497 0.2070279
v 0.1454497 0.1045503 0.2070279
v 0.1450000 0.1450000 0.2500000
v 0.1450000 0.1050000 0.2500000
v 0.0870000 0.0870000 0.1630000
v 0.0994322 0.0994322 0.1832059
v 0.0994322 0.1505678 0.1832059
v 0.0870000 0.1630000 0.1630000
v 0.1045503 0.1045503 0.2070279
v 0.1045503 0.1454497 0.2070279
v 0.1050000 0.1050000 0.2500000
v 0.1050000 0.1450000 0.2500000
v 0.0870000 0.1630000 0.1630000
v 0.0994322 0.1505678 0.1832059
v 0.1505678 0.1505678 0.1832059
v 0.1630000 0.1630000 0.1630000
v 0.1045503 0.1454497 0.2070279
v 0.1454497 0.1454497 0.2070279
v 0.1050000 0.1450000 0.2500000
v 0.1450000 0.1450000 0.2500000
v 0.0870000 0.0870000 0.1630000
v 0.1630000 0.0870000 0.1630000
v 0.1505678 0.0994322 0.1832059
v 0.0994322 0.0994322 0.1832059
v 0.1454497 0.1045503 0.2070279
v 0.1045503 0.1045503 0.2070279
v 0.1450000 0.1050000 0.2500000
v 0.1050000 0.1050000 0.2500000
v 0.1450000 0.1050000 0.0000000
v 0.1050000 0.1050000 0.0000000
v 0.1050000 0.1450000 0.0000000
v 0.1450000 0.1450000 0.0000000
v 0.1630000 0.0870000 0.0870000
v 0.1630000 0.1630000 0.0870000
v 0.0870000 0.1630000 0.0870000
v 0.0870000 0.0870000 0.0870000
v 0.1450000 0.1050000 0.0000000
v 0.1450000 0.1450000 0.0000000
v 0.1454503 0.1454503 0.0429779
v 0.1454503 0.1045497 0.0429779
v 0.1505698 0.1505698 0.0667996
v 0.1505698 0.0994303 0.0667996
v 0.1630000 0.1630000 0.0870000
v 0.1630000 0.0870000 0.0870000
v 0.1050000 0.1050000 0.0000000
v 0.1045497 0.1045497 0.0429779
v 0.1045497 0.1454503 0.0429779
v 0.1050000 0.1450000 0.0000000
v 0.0994303 0.0994303 0.0667996
v 0.0994303 0.1505698 0.0667996
v 0.0870000 0.0870000 0.0870000
v 0.0870000 0.1630000 0.0870000
v 0.1050000 0.1450000 0.0000000
v 0.1045497 0.1454503 0.0429779
v 0.1454503 0.1454503 0.0429779
v 0.1450000 0.1450000 0.0000000
v 0.0994303 0.1505698 0.0667996
v 0.1505698 0.1505698 0.0667996
v 0.0870000 0.1630000 0.0870000
v 0.1630000 0.1630000 0.0870000
v 0.1050000 0.1050000 0.0000000
v 0.1450000 0.1050000 0.0000000
v 0.1454503 0.1045497 0.0429779
v 0.1045497 0.1045497 0.0429779
v 0.1505698 0.0994303 0.0667996
v 0.0994303 0.0994303 0.0667996
v 0.1630000 0.0870000 0.0870000
v 0.0870000 0.0870000 0.0870000
v 0.1450000 0.2500000 0.1050000
v 0.1050000 0.2500000 0.1050000
v 0.1050000 0.2500000 0.1450000
v 0.1450000 0.2500000 0.1450000
v 0.1630000 0.1630000 0.0870000
v 0.1630000 0.1630000 0.1630000
v 0.0870000 0.1630000 0.1630000
v 0.0870000 0.1630000 0.0870000
v 0.1450000 0.2500000 0.1050000
v 0.1450000 0.2500000 0.1450000
v 0.1454503 0.2070221 0.1454503
v 0.1454503 0.2070221 0.1045497
v 0.1505698 0.1832004 0.1505698
v 0.1505698 0.1832004 0.0994303
v 0.1630000 0.1630000 0.1630000
v 0.1630000 0.1630000 0.0870000
v 0.1050000 0.2500000 0.1050000
v 0.1045497 0.2070221 0.1045497
v 0.1045497 0.2070221 0.1454503
v 0.1050000 0.2500000 0.1450000
v 0.0994303 0.1832004 0.0994303
v 0.0994303 0.1832004 0.1505698
v 0.0870000 0.1630000 0.0870000
v 0.0870000 0.1630000 0.1630000
v 0.1050000 0.2500000 0.1450000
v 0.1045497 0.2070221 0.1454503
v 0.1454503 0.2070221 0.1454503
v 0.1450000 0.2500000 0.1450000
v 0.0994303 0.1832004 0.1505698
v 0.1505698 0.1832004 0.1505698
v 0.1050000 0.2500000 0.1050000
v 0.1450000 0.2500000 0.1050000
v 0.1454503 0.2070221 0.1045497
v 0.1045497 0.2070221 0.1045497
v 0.1505698 0.1832004 0.0994303
v 0.0994303 0.1832004 0.0994303
v 0.1630000 0.0870000 0.0870000
v 0.0870000 0.0870000 0.0870000
v 0.0870000 0.0870000 0.1630000
v 0.1630000 0.0870000 0.1630000
v 0.1450000 0.0000000 0.1050000
v 0.1450000 0.0000000 0.1450000
v 0.1050000 0.0000000 0.1450000
v 0.1050000 0.0000000 0.1050000
v 0.1630000 0.0870000 0.0870000
v 0.1630000 0.0870000 0.1630000
v 0.1505678 0.0667941 0.1505678
v 0.1505678 0.0667941 0.0994322
v 0.1454497 0.0429721 0.1454497
v 0.1454497 0.0429721 0.1045503
v 0.1450000 0.0000000 0.1450000
v 0.1450000 0.0000000 0.1050000
v 0.0870000 0.0870000 0.0870000
v 0.0994322 0.0667941 0.0994322
v 0.0994322 0.0667941 0.1505678
v 0.0870000 0.0870000 0.1630000
v 0.1045503 0.0429721 0.1045503
v 0.1045503 0.0429721 0.1454497
v 0.1050000 0.0000000 0.1050000
v 0.1050000 0.0000000 0.1450000
v 0.0994322 0.0667941 0.1505678
v 0.1505678 0.0667941 0.1505678
v 0.1045503 0.0429721 0.1454497
v 0.1454497 0.0429721 0.1454497
v 0.1050000 0.0000000 0.1450000
v 0.1450000 0.0000000 0.1450000
v 0.1505678 0.0667941 0.0994322
v 0.0994322 0.0667941 0.0994322
v 0.1454497 0.0429721 0.1045503
v 0.1045503 0.0429721 0.1045503
v 0.1450000 0.0000000 0.1050000
v 0.1050000 0.0000000 0.1050000
v 0.1630000 0.1630000 0.0870000
v 0.1630000 0.0870000 0.0870000
v 0.1630000 0.0870000 0.1630000
v 0.1630000 0.1630000 0.1630000
v 0.2500000 0.1450000 0.1050000
v 0.2500000 0.1450000 0.1450000
v 0.2500000 0.1050000 0.1450000
v 0.2500000 0.1050000 0.1050000
v 0.1832059 0.1505678 0.1505678
v 0.1832059 0.1505678 0.0994322
v 0.2070279 0.1454497 0.1454497
v 0.2070279 0.1454497 0.1045503
v 0.2500000 0.1450000 0.1450000
v 0.2500000 0.1450000 0.1050000
v 0.1832059 0.0994322 0.0994322
v 0.1832059 0.0994322 0.1505678
v 0.2070279 0.1045503 0.1045503
v 0.2070279 0.1045503 0.1454497
v 0.2500000 0.1050000 0.1050000
v 0.2500000 0.1050000 0.1450000
v 0.1832059 0.0994322 0.1505678
v 0.1832059 0.1505678 0.1505678
v 0.2070279 0.1045503 0.1454497
v 0.2070279 0.1454497 0.1454497
v 0.2500000 0.1050000 0.1450000
v 0.2500000 0.1450000 0.1450000
v 0.1832059 0.1505678 0.0994322
v 0.1832059 0.0994322 0.0994322
v 0.2070279 0.1454497 0.1045503
v 0.2070279 0.1045503 0.1045503
v 0.2500000 0.1450000 0.1050000
v 0.2500000 0.1050000 0.1050000
v 0.0000000 0.1450000 0.1050000
v 0.0000000 0.1050000 0.1050000
v 0.0000000 0.1050000 0.1450000
v 0.0000000 0.1450000 0.1450000
v 0.0870000 0.1630000 0.0870000
v 0.0870000 0.1630000 0.1630000
v 0.0870000 0.0870000 0.1630000
v 0.0870000 0.0870000 0.0870000
v 0.0000000 0.1450000 0.1050000
v 0.0000000 0.1450000 0.1450000
v 0.0429779 0.1454503 0.1454503
v 0.0429779 0.1454503 0.1045497
v 0.0667996 0.1505698 0.1505698
v 0.0667996 0.1505698 0.0994303
v 0.0000000 0.1050000 0.1050000
v 0.0429779 0.1045497 0.1045497
v 0.0429779 0.1045497 0.1454503
v 0.0000000 0.1050000 0.1450000
v 0.0667996 0.0994303 0.0994303
v 0.0667996 0.0994303 0.1505698
v 0.0000000 0.1050000 0.1450000
v 0.0429779 0.1045497 0.1454503
v 0.0429779 0.1454503 0.1454503
v 0.0000000 0.1450000 0.1450000
v 0.0667996 0.0994303 0.1505698
v 0.0667996 0.1505698 0.1505698
v 0.0000000 0.1050000 0.1050000
v 0.0000000 0.1450000 0.1050000
v 0.0429779 0.1454503 0.1045497
v 0.0429779 0.1045497 0.1045497
v 0.0667996 0.1505698 0.0994303
v 0.0667996 0.0994303 0.0994303
v 0.0870000 0.1630000 0.0870000
v 0.0870000 0.0870000 0.0870000
v 0.0870000 0.0870000 0.1630000
v 0.0870000 0.1630000 0.1630000
v 0.1630000 0.1630000 0.0870000
v 0.1630000 0.1630000 0.1630000
v 0.1630000 0.0870000 0.1630000
v 0.1630000 0.0870000 0.0870000
v 0.0870000 0.1630000 0.0870000
v 0.0870000 0.1630000 0.1630000
v 0.1630000 0.1630000 0.1630000
v 0.1630000 0.1630000 0.0870000
v 0.0870000 0.0870000 0.0870000
v 0.1630000 0.0870000 0.0870000
v 0.1630000 0.0870000 0.1630000
v 0.0870000 0.0870000 0.1630000
v 0.0870000 0.0870000 0.1630000
v 0.1630000 0.0870000 0.1630000
v 0.1630000 0.1630000 0.1630000
v 0.0870000 0.1630000 0.1630000
v 0.0870000 0.0870000 0.0870000
v 0.0870000 0.1630000 0.0870000
v 0.1630000 0.1630000 0.0870000
v 0.1630000 0.0870000 0.0870000
v 0.4130000 0.0870000 0.1630000
v 0.3370000 0.0870000 0.1630000
v 0.3370000 0.1630000 0.1630000
v 0.4130000 0.1630000 0.1630000
v 0.3950000 0.1050000 0.2500000
v 0.3950000 0.1450000 0.2500000
v 0.3550000 0.1450000 0.2500000
v 0.3550000 0.1050000 0.2500000
v 0.4130000 0.0870000 0.1630000
v 0.4130000 0.1630000 0.1630000
v 0.4005677 0.1505678 0.1832059
v 0.4005677 0.0994322 0.1832059
v 0.3954497 0.1454497 0.2070279
v 0.3954497 0.1045503 0.2070279
v 0.3950000 0.1450000 0.2500000
v 0.3950000 0.1050000 0.2500000
v 0.3370000 0.0870000 0.1630000
v 0.3494323 0.0994322 0.1832059
v 0.3494323 0.1505678 0.1832059
v 0.3370000 0.1630000 0.1630000
v 0.3545503 0.1045503 0.2070279
v 0.3545503 0.1454497 0.2070279
v 0.3550000 0.1050000 0.2500000
v 0.3550000 0.1450000 0.2500000
v 0.3370000 0.1630000 0.1630000
v 0.3494323 0.1505678 0.1832059
v 0.4005677 0.1505678 0.1832059
v 0.4130000 0.1630000 0.1630000
v 0.3545503 0.1454497 0.2070279
v 0.3954497 0.1454497 0.2070279
v 0.3550000 0.1450000 0.2500000
v 0.3950000 0.1450000 0.2500000
v 0.3370000 0.0870000 0.1630000
v 0.4130000 0.0870000 0.1630000
v 0.4005677 0.0994322 0.1832059
v 0.3494323 0.0994322 0.1832059
v 0.3954497 0.1045503 0.2070279
v 0.3545503 0.1045503 0.2070279
v 0.3950000 0.1050000 0.2500000
v 0.3550000 0.1050000 0.2500000
v 0.3950000 0.1050000 0.0000000
v 0.3550000 0.1050000 0.0000000
v 0.3550000 0.1450000 0.0000000
v 0.3950000 0.1450000 0.0000000
v 0.4130000 0.0870000 0.0870000
v 0.4130000 0.1630000 0.0870000
v 0.3370000 0.1630000 0.0870000
v 0.3370000 0.0870000 0.0870000
v 0.3950000 0.1050000 0.0000000
v 0.3950000 0.1450000 0.0000000
v 0.3954503 0.1454503 0.0429779
v 0.3954503 0.1045497 0.0429779
v 0.4005697 0.1505698 0.0667996
v 0.4005697 0.0994303 0.0667996
v 0.4130000 0.1630000 0.0870000
v 0.4130000 0.0870000 0.0870000
v 0.3550000 0.1050000 0.0000000
v 0.3545497 0.1045497 0.0429779
v 0.3545497 0.1454503 0.0429779
v 0.3550000 0.1450000 0.0000000
v 0.3494303 0.0994303 0.0667996
v 0.3494303 0.1505698 0.0667996
v 0.3370000 0.0870000 0.0870000
v 0.3370000 0.1630000 0.0870000
v 0.3550000 0.1450000 0.0000000
v 0.3545497 0.1454503 0.0429779
v 0.3954503 0.1454503 0.0429779
v 0.3950000 0.1450000 0.0000000
v 0.3494303 0.1505698 0.0667996
v 0.4005697 0.1505698 0.0667996
v 0.3370000 0.1630000 0.0870000
v 0.4130000 0.1630000 0.0870000
v 0.3550000 0.1050000 0.0000000
v 0.3950000 0.1050000 0.0000000
v 0.3954503 0.1045497 0.0429779
v 0.3545497 0.1045497 0.0429779
v 0.4005697 0.0994303 0.0667996
v 0.3494303 0.0994303 0.0667996
v 0.4130000 0.0870000 0.0870000
v 0.3370000 0.0870000 0.0870000
v 0.3950000 0.2500000 0.1050000
v 0.3550000 0.2500000 0.1050000
v 0.3550000 0.2500000 0.1450000
v 0.3950000 0.2500000 0.1450000
v 0.4130000 0.1630000 0.0870000
v 0.4130000 0.1630000 0.1630000
v 0.3370000 0.1630000 0.1630000
v 0.3370000 0.1630000 0.0870000
v 0.3950000 0.2500000 0.1050000
v 0.3950000 0.2500000 0.1450000
v 0.3954503 0.2070221 0.1454503
v 0.3954503 0.2070221 0.1045497
v 0.4005697 0.1832004 0.1505698
v 0.4005697 0.1832004 0.0994303
v 0.4130000 0.1630000 0.1630000
v 0.4130000 0.1630000 0.0870000
v 0.3550000 0.2500000 0.1050000
v 0.3545497 0.2070221 0.1045497
v 0.3545497 0.2070221 0.1454503
v 0.3550000 0.2500000 0.1450000
v 0.3494303 0.1832004 0.0994303
v 0.3494303 0.1832004 0.1505698
v 0.3370000 0.1630000 0.0870000
v 0.3370000 0.1630000 0.1630000
v 0.3550000 0.2500000 0.1450000
v 0.3545497 0.2070221 0.1454503
v 0.3954503 0.2070221 0.1454503
v 0.3950000 0.2500000 0.1450000
v 0.3494303 0.1832004 0.1505698
v 0.4005697 0.1832004 0.1505698
v 0.3550000 0.2500000 0.1050000
v 0.3950000 0.2500000 0.1050000
v 0.3954503 0.2070221 0.1045497
v 0.3545497 0.2070221 0.1045497
v 0.4005697 0.1832004 0.0994303
v 0.3494303 0.1832004 0.0994303
v 0.4130000 0.0870000 0.0870000
v 0.3370000 0.0870000 0.0870000
v 0.3370000 0.0870000 0.1630000
v 0.4130000 0.0870000 0.1630000
v 0.3950000 0.0000000 0.1050000
v 0.3950000 0.0000000 0.1450000
v 0.3550000 0.0000000 0.1450000
v 0.3550000 0.0000000 0.1050000
v 0.4130000 0.0870000 0.0870000
v 0.4130000 0.0870000 0.1630000
v 0.4005677 0.0667941 0.1505678
v 0.4005677 0.0667941 0.0994322
v 0.3954497 0.0429721 0.1454497
v 0.3954497 0.0429721 0.1045503
v 0.3950000 0.0000000 0.1450000
v 0.3950000 0.0000000 0.1050000
v 0.3370000 0.0870000 0.0870000
v 0.3494323 0.0667941 0.0994322
v 0.3494323 0.0667941 0.1505678
v 0.3370000 0.0870000 0.1630000
v 0.3545503 0.0429721 0.1045503
v 0.3545503 0.0429721 0.1454497
v 0.3550000 0.0000000 0.1050000
v 0.3550000 0.0000000 0.1450000
v 0.3494323 0.0667941 0.1505678
v 0.4005677 0.0667941 0.1505678
v 0.3545503 0.0429721 0.1454497
v 0.3954497 0.0429721 0.1454497
v 0.3550000 0.0000000 0.1450000
v 0.3950000 0.0000000 0.1450000
v 0.4005677 0.0667941 0.0994322
v 0.3494323 0.0667941 0.0994322
v 0.3954497 0.0429721 0.1045503
v 0.3545503 0.0429721 0.1045503
v 0.3950000 0.0000000 0.1050000
v 0.3550000 0.0000000 0.1050000
v 0.4130000 0.1630000 0.0870000
v 0.4130000 0.0870000 0.0870000
v 0.4130000 0.0870000 0.1630000
v 0.4130000 0.1630000 0.1630000
v 0.5000000 0.1450000 0.1050000
v 0.5000000 0.1450000 0.1450000
v 0.5000000 0.1050000 0.1450000
v 0.5000000 0.1050000 0.1050000
v 0.4332058 0.1505678 0.1505678
v 0.4332058 0.1505678 0.0994322
v 0.4570279 0.1454497 0.1454497
v 0.4570279 0.1454497 0.1045503
v 0.5000000 0.1450000 0.1450000
v 0.5000000 0.1450000 0.1050000
v 0.4332058 0.0994322 0.0994322
v 0.4332058 0.0994322 0.1505678
v 0.4570279 0.1045503 0.1045503
v 0.4570279 0.1045503 0.1454497
v 0.5000000 0.1050000 0.1050000
v 0.5000000 0.1050000 0.1450000
v 0.4332058 0.0994322 0.1505678
v 0.4332058 0.1505678 0.1505678
v 0.4570279 0.1045503 0.1454497
v 0.4570279 0.1454497 0.1454497
v 0.5000000 0.1050000 0.1450000
v 0.5000000 0.1450000 0.1450000
v 0.4332058 0.1505678 0.0994322
v 0.4332058 0.0994322 0.0994322
v 0.4570279 0.1454497 0.1045503
v 0.4570279 0.1045503 0.1045503
v 0.5000000 0.1450000 0.1050000
v 0.5000000 0.1050000 0.1050000
v 0.2500000 0.1450000 0.1050000
v 0.2500000 0.1050000 0.1050000
v 0.2500000 0.1050000 0.1450000
v 0.2500000 0.1450000 0.1450000
v 0.3370000 0.1630000 0.0870000
v 0.3370000 0.1630000 0.1630000
v 0.3370000 0.0870000 0.1630000
v 0.3370000 0.0870000 0.0870000
v 0.2500000 0.1450000 0.1050000
v 0.2500000 0.1450000 0.1450000
v 0.2929779 0.1454503 0.1454503
v 0.2929779 0.1454503 0.1045497
v 0.3167996 0.1505698 0.1505698
v 0.3167996 0.1505698 0.0994303
v 0.2500000 0.1050000 0.1050000
v 0.2929779 0.1045497 0.1045497
v 0.2929779 0.1045497 0.1454503
v 0.2500000 0.1050000 0.1450000
v 0.3167996 0.0994303 0.0994303
v 0.3167996 0.0994303 0.1505698
v 0.2500000 0.1050000 0.1450000
v 0.2929779 0.1045497 0.1454503
v 0.2929779 0.1454503 0.1454503
v 0.2500000 0.1450000 0.1450000
v 0.3167996 0.0994303 0.1505698
v 0.3167996 0.1505698 0.1505698
v 0.2500000 0.1050000 0.1050000
v 0.2500000 0.1450000 0.1050000
v 0.2929779 0.1454503 0.1045497
v 0.2929779 0.1045497 0.1045497
v 0.3167996 0.1505698 0.0994303
v 0.3167996 0.0994303 0.0994303
v 0.3370000 0.1630000 0.0870000
v 0.3370000 0.0870000 0.0870000
v 0.3370000 0.0870000 0.1630000
v 0.3370000 0.1630000 0.1630000
v 0.4130000 0.1630000 0.0870000
v 0.4130000 0.1630000 0.1630000
v 0.4130000 0.0870000 0.1630000
v 0.4130000 0.0870000 0.0870000
v 0.3370000 0.1630000 0.0870000
v 0.3370000 0.1630000 0.1630000
v 0.4130000 0.1630000 0.1630000
v 0.4130000 0.1630000 0.0870000
v 0.3370000 0.0870000 0.0870000
v 0.4130000 0.0870000 0.0870000
v 0.4130000 0.0870000 0.1630000
v 0.3370000 0.0870000 0.1630000
v 0.3370000 0.0870000 0.1630000
v 0.4130000 0.0870000 0.1630000
v 0.4130000 0.1630000 0.1630000
v 0.3370000 0.1630000 0.1630000
v 0.3370000 0.0870000 0.0870000
v 0.3370000 0.1630000 0.0870000
v 0.4130000 0.1630000 0.0870000
v 0.4130000 0.0870000 0.0870000
v 0.6630000 0.0870000 0.1630000
v 0.5870000 0.0870000 0.1630000
v 0.5870000 0.1630000 0.1630000
v 0.6630000 0.1630000 0.1630000
v 0.6450000 0.1050000 0.2500000
v 0.6450000 0.1450000 0.2500000
v 0.6050000 0.1450000 0.2500000
v 0.6050000 0.1050000 0.2500000
v 0.6630000 0.0870000 0.1630000
v 0.6630000 0.1630000 0.1630000
v 0.6505678 0.1505678 0.1832059
v 0.6505678 0.0994322 0.1832059
v 0.6454497 0.1454497 0.2070279
v 0.6454497 0.1045503 0.2070279
v 0.6450000 0.1450000 0.2500000
v 0.6450000 0.1050000 0.2500000
v 0.5870000 0.0870000 0.1630000
v 0.5994322 0.0994322 0.1832059
v 0.5994322 0.1505678 0.1832059
v 0.5870000 0.1630000 0.1630000
v 0.6045503 0.1045503 0.2070279
v 0.6045503 0.1454497 0.2070279
v 0.6050000 0.1050000 0.2500000
v 0.6050000 0.1450000 0.2500000
v 0.5870000 0.1630000 0.1630000
v 0.5994322 0.1505678 0.1832059
v 0.6505678 0.1505678 0.1832059
v 0.6630000 0.1630000 0.1630000
v 0.6045503 0.1454497 0.2070279
v 0.6454497 0.1454497 0.2070279
v 0.6050000 0.1450000 0.2500000
v 0.6450000 0.1450000 0.2500000
v 0.5870000 0.0870000 0.1630000
v 0.6630000 0.0870000 0.1630000
v 0.6505678 0.0994322 0.1832059
v 0.5994322 0.0994322 0.1832059
v 0.6454497 0.1045503 0.2070279
v 0.6045503 0.1045503 0.2070279
v 0.6450000 0.1050000 0.2500000
v 0.6050000 0.1050000 0.2500000
v 0.6450000 0.1050000 0.0000000
v 0.6050000 0.1050000 0.0000000
v 0.6050000 0.1450000 0.0000000
v 0.6450000 0.1450000 0.0000000
v 0.6630000 0.0870000 0.0870000
v 0.6630000 0.1630000 0.0870000
v 0.5870000 0.1630000 0.0870000
v 0.5870000 0.0870000 0.0870000
v 0.6450000 0.1050000 0.0000000
v 0.6450000 0.1450000 0.0000000
v 0.6454503 0.1454503 0.0429779
v 0.6454503 0.1045497 0.0429779
v 0.6505697 0.1505698 0.0667996
v 0.6505697 0.0994303 0.0667996
v 0.6630000 0.1630000 0.0870000
v 0.6630000 0.0870000 0.0870000
v 0.6050000 0.1050000 0.0000000
v 0.6045497 0.1045497 0.0429779
v 0.6045497 0.1454503 0.0429779
v 0.6050000 0.1450000 0.0000000
v 0.5994303 0.0994303 0.0667996
v 0.5994303 0.1505698 0.0667996
v 0.5870000 0.0870000 0.0870000
v 0.5870000 0.1630000 0.0870000
v 0.6050000 0.1450000 0.0000000
v 0.6045497 0.1454503 0.0429779
v 0.6454503 0.1454503 0.0429779
v 0.6450000 0.1450000 0.0000000
v 0.5994303 0.1505698 0.0667996
v 0.6505697 0.1505698 0.0667996
v 0.5870000 0.1630000 0.0870000
v 0.6630000 0.1630000 0.0870000
v 0.6050000 0.1050000 0.0000000
v 0.6450000 0.1050000 0.0000000
v 0.6454503 0.1045497 0.0429779
v 0.6045497 0.1045497 0.0429779
v 0.6505697 0.0994303 0.0667996
v 0.5994303 0.0994303 0.0667996
v 0.6630000 0.0870000 0.0870000
v 0.5870000 0.0870000 0.0870000
v 0.6450000 0.2500000 0.1050000
v 0.6050000 0.2500000 0.1050000
v 0.6050000 0.2500000 0.1450000
v 0.6450000 0.2500000 0.1450000
v 0.6630000 0.1630000 0.0870000
v 0.6630000 0.1630000 0.1630000
v 0.5870000 0.1630000 0.1630000
v 0.5870000 0.1630000 0.0870000
v 0.6450000 0.2500000 0.1050000
v 0.6450000 0.2500000 0.1450000
v 0.6454503 0.2070221 0.1454503
v 0.6454503 0.2070221 0.1045497
v 0.6505697 0.1832004 0.1505698
v 0.6505697 0.1832004 0.0994303
v 0.6630000 0.1630000 0.1630000
v 0.6630000 0.1630000 0.0870000
v 0.6050000 0.2500000 0.1050000
v 0.6045497 0.2070221 0.1045497
v 0.6045497 0.2070221 0.1454503
v 0.6050000 0.2500000 0.1450000
v 0.5994303 0.1832004 0.0994303
v 0.5994303 0.1832004 0.1505698
v 0.5870000 0.1630000 0.0870000
v 0.5870000 0.1630000 0.1630000
v 0.6050000 0.2500000 0.1450000
v 0.6045497 0.2070221 0.1454503
v 0.6454503 0.2070221 0.1454503
v 0.6450000 0.2500000 0.1450000
v 0.5994303 0.1832004 0.1505698
v 0.6505697 0.1832004 0.1505698
v 0.6050000 0.2500000 0.1050000
v 0.6450000 0.2500000 0.1050000
v 0.6454503 0.2070221 0.1045497
v 0.6045497 0.2070221 0.1045497
v 0.6505697 0.1832004 0.0994303
v 0.5994303 0.1832004 0.0994303
v 0.6630000 0.0870000 0.0870000
v 0.5870000 0.0870000 0.0870000
v 0.5870000 0.0870000 0.1630000
v 0.6630000 0.0870000 0.1630000
v 0.6450000 0.0000000 0.1050000
v 0.6450000 0.0000000 0.1450000
v 0.6050000 0.0000000 0.1450000
v 0.6050000 0.0000000 0.1050000
v 0.6630000 0.0870000 0.0870000
v 0.6630000 0.0870000 0.1630000
v 0.6505678 0.0667941 0.1505678
v 0.6505678 0.0667941 0.0994322
v 0.6454497 0.0429721 0.1454497
v 0.6454497 0.0429721 0.1045503
v 0.6450000 0.0000000 0.1450000
v 0.6450000 0.0000000 0.1050000
v 0.5870000 0.0870000 0.0870000
v 0.5994322 0.0667941 0.0994322
v 0.5994322 0.0667941 0.1505678
v 0.5870000 0.0870000 0.1630000
v 0.6045503 0.0429721 0.1045503
v 0.6045503 0.0429721 0.1454497
v 0.6050000 0.0000000 0.1050000
v 0.6050000 0.0000000 0.1450000
v 0.5994322 0.0667941 0.1505678
v 0.6505678 0.0667941 0.1505678
v 0.6045503 0.0429721 0.1454497
v 0.6454497 0.0429721 0.1454497
v 0.6050000 0.0000000 0.1450000
v 0.6450000 0.0000000 0.1450000
v 0.6505678 0.0667941 0.0994322
v 0.5994322 0.0667941 0.0994322
v 0.6454497 0.0429721 0.1045503
v 0.6045503 0.0429721 0.1045503
v 0.6450000 0.0000000 0.1050000
v 0.6050000 0.0000000 0.1050000
v 0.6630000 0.1630000 0.0870000
v 0.6630000 0.0870000 0.0870000
v 0.6630000 0.0870000 0.1630000
v 0.6630000 0.1630000 0.1630000
v 0.7500000 0.1450000 0.1050000
v 0.7500000 0.1450000 0.1450000
v 0.7500000 0.1050000 0.1450000
v 0.7500000 0.1050000 0.1050000
v 0.6832058 0.1505678 0.1505678
v 0.6832058 0.1505678 0.0994322
v 0.7070279 0.1454497 0.1454497
v 0.7070279 0.1454497 0.1045503
v 0.7500000 0.1450000 0.1450000
v 0.7500000 0.1450000 0.1050000
v 0.6832058 0.0994322 0.0994322
v 0.6832058 0.0994322 0.1505678
v 0.7070279 0.1045503 0.1045503
v 0.7070279 0.1045503 0.1454497
v 0.7500000 0.1050000 0.1050000
v 0.7500000 0.1050000 0.1450000
v 0.6832058 0.0994322 0.1505678
v 0.6832058 0.1505678 0.1505678
v 0.7070279 0.1045503 0.1454497
v 0.7070279 0.1454497 0.1454497
v 0.7500000 0.1050000 0.1450000
v 0.7500000 0.1450000 0.1450000
v 0.6832058 0.1505678 0.0994322
v 0.6832058 0.0994322 0.0994322
v 0.7070279 0.1454497 0.1045503
v 0.7070279 0.1045503 0.1045503
v 0.7500000 0.1450000 0.1050000
v 0.7500000 0.1050000 0.1050000
v 0.5000000 0.1450000 0.1050000
v 0.5000000 0.1050000 0.1050000
v 0.5000000 0.1050000 0.1450000
v 0.5000000 0.1450000 0.1450000
v 0.5870000 0.1630000 0.0870000
v 0.5870000 0.1630000 0.1630000
v 0.5870000 0.0870000 0.1630000
v 0.5870000 0.0870000 0.0870000
v 0.5000000 0.1450000 0.1050000
v 0.5000000 0.1450000 0.1450000
v 0.5429779 0.1454503 0.1454503
v 0.5429779 0.1454503 0.1045497
v 0.5667996 0.1505698 0.1505698
v 0.5667996 0.1505698 0.0994303
v 0.5000000 0.1050000 0.1050000
v 0.5429779 0.1045497 0.1045497
v 0.5429779 0.1045497 0.1454503
v 0.5000000 0.1050000 0.1450000
v 0.5667996 0.0994303 0.0994303
v 0.5667996 0.0994303 0.1505698
v 0.5000000 0.1050000 0.1450000
v 0.5429779 0.1045497 0.1454503
v 0.5429779 0.1454503 0.1454503
v 0.5000000 0.1450000 0.1450000
v 0.5667996 0.0994303 0.1505698
v 0.5667996 0.1505698 0.1505698
v 0.5000000 0.1050000 0.1050000
v 0.5000000 0.1450000 0.1050000
v 0.5429779 0.1454503 0.1045497
v 0.5429779 0.1045497 0.1045497
v 0.5667996 0.1505698 0.0994303
v 0.5667996 0.0994303 0.0994303
v 0.5870000 0.1630000 0.0870000
v 0.5870000 0.0870000 0.0870000
v 0.5870000 0.0870000 0.1630000
v 0.5870000 0.1630000 0.1630000
v 0.6630000 0.1630000 0.0870000
v 0.6630000 0.1630000 0.1630000
v 0.6630000 0.0870000 0.1630000
v 0.6630000 0.0870000 0.0870000
v 0.5870000 0.1630000 0.0870000
v 0.5870000 0.1630000 0.1630000
v 0.6630000 0.1630000 0.1630000
v 0.6630000 0.1630000 0.0870000
v 0.5870000 0.0870000 0.0870000
v 0.6630000 0.0870000 0.0870000
v 0.6630000 0.0870000 0.1630000
v 0.5870000 0.0870000 0.1630000
v 0.5870000 0.0870000 0.1630000
v 0.6630000 0.0870000 0.1630000
v 0.6630000 0.1630000 0.1630000
v 0.5870000 0.1630000 0.1630000
v 0.5870000 0.0870000 0.0870000
v 0.5870000 0.1630000 0.0870000
v 0.6630000 0.1630000 0.0870000
v 0.6630000 0.0870000 0.0870000
v 0.9130000 0.0870000 0.1630000
v 0.8370000 0.0870000 0.1630000
v 0.8370000 0.1630000 0.1630000
v 0.9130000 0.1630000 0.1630000
v 0.8950000 0.1050000 0.2500000
v 0.8950000 0.1450000 0.2500000
v 0.8550000 0.1450000 0.2500000
v 0.8550000 0.1050000 0.2500000
v 0.9130000 0.0870000 0.1630000
v 0.9130000 0.1630000 0.1630000
v 0.9005678 0.1505678 0.1832059
v 0.9005678 0.0994322 0.1832059
v 0.8954497 0.1454497 0.2070279
v 0.8954497 0.1045503 0.2070279
v 0.8950000 0.1450000 0.2500000
v 0.8950000 0.1050000 0.2500000
v 0.8370000 0.0870000 0.1630000
v 0.8494322 0.0994322 0.1832059
v 0.8494322 0.1505678 0.1832059
v 0.8370000 0.1630000 0.1630000
v 0.8545503 0.1045503 0.2070279
v 0.8545503 0.1454497 0.2070279
v 0.8550000 0.1050000 0.2500000
v 0.8550000 0.1450000 0.2500000
v 0.8370000 0.1630000 0.1630000
v 0.8494322 0.1505678 0.1832059
v 0.9005678 0.1505678 0.1832059
v 0.9130000 0.1630000 0.1630000
v 0.8545503 0.1454497 0.2070279
v 0.8954497 0.1454497 0.2070279
v 0.8550000 0.1450000 0.2500000
v 0.8950000 0.1450000 0.2500000
v 0.8370000 0.0870000 0.1630000
v 0.9130000 0.0870000 0.1630000
v 0.9005678 0.0994322 0.1832059
v 0.8494322 0.0994322 0.1832059
v 0.8954497 0.1045503 0.2070279
v 0.8545503 0.1045503 0.2070279
v 0.8950000 0.1050000 0.2500000
v 0.8550000 0.1050000 0.2500000
v 0.8950000 0.1050000 0.0000000
v 0.8550000 0.1050000 0.0000000
v 0.8550000 0.1450000 0.0000000
v 0.8950000 0.1450000 0.0000000
v 0.9130000 0.0870000 0.0870000
v 0.9130000 0.1630000 0.0870000
v 0.8370000 0.1630000 0.0870000
v 0.8370000 0.0870000 0.0870000
v 0.8950000 0.1050000 0.0000000
v 0.8950000 0.1450000 0.0000000
v 0.8954503 0.1454503 0.0429779
v 0.8954503 0.1045497 0.0429779
v 0.9005697 0.1505698 0.0667996
v 0.9005697 0.0994303 0.0667996
v 0.9130000 0.1630000 0.0870000
v 0.9130000 0.0870000 0.0870000
v 0.8550000 0.1050000 0.0000000
v 0.8545497 0.1045497 0.0429779
v 0.8545497 0.1454503 0.0429779
v 0.8550000 0.1450000 0.0000000
v 0.8494303 0.0994303 0.0667996
v 0.8494303 0.1505698 0.0667996
v 0.8370000 0.0870000 0.0870000
v 0.8370000 0.1630000 0.0870000
v 0.8550000 0.1450000 0.0000000
v 0.8545497 0.1454503 0.0429779
v 0.8954503 0.1454503 0.0429779
v 0.8950000 0.1450000 0.0000000
v 0.8494303 0.1505698 0.0667996
v 0.9005697 0.1505698 0.0667996
v 0.8370000 0.1630000 0.0870000
v 0.9130000 0.1630000 0.0870000
v 0.8550000 0.1050000 0.0000000
v 0.8950000 0.1050000 0.0000000
v 0.8954503 0.1045497 0.0429779
v 0.8545497 0.1045497 0.0429779
v 0.9005697 0.0994303 0.0667996
v 0.8494303 0.0994303 0.0667996
v 0.9130000 0.0870000 0.0870000
v 0.8370000 0.0870000 0.0870000
v 0.8950000 0.2500000 0.1050000
v 0.8550000 0.2500000 0.1050000
v 0.8550000 0.2500000 0.1450000
v 0.8950000 0.2500000 0.1450000
v 0.9130000 0.1630000 0.0870000
v 0.9130000 0.1630000 0.1630000
v 0.8370000 0.1630000 0.1630000
v 0.8370000 0.1630000 0.0870000
v 0.8950000 0.2500000 0.1050000
v 0.8950000 0.2500000 0.1450000
v 0.8954503 0.2070221 0.1454503
v 0.8954503 0.2070221 0.1045497
v 0.9005697 0.1832004 0.1505698
v 0.9005697 0.1832004 0.0994303
v 0.9130000 0.1630000 0.1630000
v 0.9130000 0.1630000 0.0870000
v 0.8550000 0.2500000 0.1050000
v 0.8545497 0.2070221 0.1045497
v 0.8545497 0.2070221 0.1454503
v 0.8550000 0.2500000 0.1450000
v 0.8494303 0.1832004 0.0994303
v 0.8494303 0.1832004 0.1505698
v 0.8370000 0.1630000 0.0870000
v 0.8370000 0.1630000 0.1630000
v 0.8550000 0.2500000 0.1450000
v 0.8545497 0.2070221 0.1454503
v 0.8954503 0.2070221 0.1454503
v 0.8950000 0.2500000 0.1450000
v 0.8494303 0.1832004 0.1505698
v 0.9005697 0.1832004 0.1505698
v 0.8550000 0.2500000 0.1050000
v 0.8950000 0.2500000 0.1050000
v 0.8954503 0.2070221 0.1045497
v 0.8545497 0.2070221 0.1045497
v 0.9005697 0.1832004 0.0994303
v 0.8494303 0.1832004 0.0994303
v 0.9130000 0.0870000 0.0870000
v 0.8370000 0.0870000 0.0870000
v 0.8370000 0.0870000 0.1630000
v 0.9130000 0.0870000 0.1630000
v 0.8950000 0.0000000 0.1050000
v 0.8950000 0.0000000 0.1450000
v 0.8550000 0.0000000 0.1450000
v 0.8550000 0.0000000 0.1050000
v 0.9130000 0.0870000 0.0870000
v 0.9130000 0.0870000 0.1630000
v 0.9005678 0.0667941 0.1505678
v 0.9005678 0.0667941 0.0994322
v 0.8954497 0.0429721 0.1454497
v 0.8954497 0.0429721 0.1045503
v 0.8950000 0.0000000 0.1450000
v 0.8950000 0.0000000 0.1050000
v 0.8370000 0.0870000 0.0870000
v 0.8494322 0.0667941 0.0994322
v 0.8494322 0.0667941 0.1505678
v 0.8370000 0.0870000 0.1630000
v 0.8545503 0.0429721 0.1045503
v 0.8545503 0.0429721 0.1454497
v 0.8550000 0.0000000 0.1050000
v 0.8550000 0.0000000 0.1450000
v 0.8494322 0.0667941 0.1505678
v 0.9005678 0.0667941 0.1505678
v 0.8545503 0.0429721 0.1454497
v 0.8954497 0.0429721 0.1454497
v 0.8550000 0.0000000 0.1450000
v 0.8950000 0.0000000 0.1450000
v 0.9005678 0.0667941 0.0994322
v 0.8494322 0.0667941 0.0994322
v 0.8954497 0.0429721 0.1045503
v 0.8545503 0.0429721 0.1045503
v 0.8950000 0.0000000 0.1050000
v 0.8550000 0.0000000 0.1050000
v 0.9130000 0.1630000 0.0870000
v 0.9130000 0.0870000 0.0870000
v 0.9130000 0.0870000 0.1630000
v 0.9130000 0.1630000 0.1630000
v 1.0000000 0.1450000 0.1050000
v 1.0000000 0.1450000 0.1450000
v 1.0000000 0.1050000 0.1450000
v 1.0000000 0.1050000 0.1050000
v 0.9332058 0.1505678 0.1505678
v 0.9332058 0.1505678 0.0994322
v 0.9570279 0.1454497 0.1454497
v 0.9570279 0.1454497 0.1045503
v 1.0000000 0.1450000 0.1450000
v 1.0000000 0.1450000 0.1050000
v 0.9332058 0.0994322 0.0994322
v 0.9332058 0.0994322 0.1505678
v 0.9570279 0.1045503 0.1045503
v 0.9570279 0.1045503 0.1454497
v 1.0000000 0.1050000 0.1050000
v 1.0000000 0.1050000 0.1450000
v 0.9332058 0.0994322 0.1505678
v 0.9332058 0.1505678 0.1505678
v 0.9570279 0.1045503 0.1454497
v 0.9570279 0.1454497 0.1454497
v 1.0000000 0.1050000 0.1450000
v 1.0000000 0.1450000 0.1450000
v 0.9332058 0.1505678 0.0994322
v 0.9332058 0.0994322 0.0994322
v 0.9570279 0.1454497 0.1045503
v 0.9570279 0.1045503 0.1045503
v 1.0000000 0.1450000 0.1050000
v 1.0000000 0.1050000 0.1050000
v 0.7500000 0.1450000 0.1050000
v 0.7500000 0.1050000 0.1050000
v 0.7500000 0.1050000 0.1450000
v 0.7500000 0.1450000 0.1450000
v 0.8370000 0.1630000 0.0870000
v 0.8370000 0.1630000 0.1630000
v 0.8370000 0.0870000 0.1630000
v 0.8370000 0.0870000 0.0870000
v 0.7500000 0.1450000 0.1050000
v 0.7500000 0.1450000 0.1450000
v 0.7929779 0.1454503 0.1454503
v 0.7929779 0.1454503 0.1045497
v 0.8167996 0.1505698 0.1505698
v 0.8167996 0.1505698 0.0994303
v 0.7500000 0.1050000 0.1050000
v 0.7929779 0.1045497 0.1045497
v 0.7929779 0.1045497 0.1454503
v 0.7500000 0.1050000 0.1450000
v 0.8167996 0.0994303 0.0994303
v 0.8167996 0.0994303 0.1505698
v 0.7500000 0.1050000 0.1450000
v 0.7929779 0.1045497 0.1454503
v 0.7929779 0.1454503 0.1454503
v 0.7500000 0.1450000 0.1450000
v 0.8167996 0.0994303 0.1505698
v 0.8167996 0.1505698 0.1505698
v 0.7500000 0.1050000 0.1050000
v 0.7500000 0.1450000 0.1050000
v 0.7929779 0.1454503 0.1045497
v 0.7929779 0.1045497 0.1045497
v 0.8167996 0.1505698 0.0994303
v 0.8167996 0.0994303 0.0994303
v 0.8370000 0.1630000 0.0870000
v 0.8370000 0.0870000 0.0870000
v 0.8370000 0.0870000 0.1630000
v 0.8370000 0.1630000 0.1630000
v 0.9130000 0.1630000 0.0870000
v 0.9130000 0.1630000 0.1630000
v 0.9130000 0.0870000 0.1630000
v 0.9130000 0.0870000 0.0870000
v 0.8370000 0.1630000 0.0870000
v 0.8370000 0.1630000 0.1630000
v 0.9130000 0.1630000 0.1630000
v 0.9130000 0.1630000 0.0870000
v 0.8370000 0.0870000 0.0870000
v 0.9130000 0.0870000 0.0870000
v 0.9130000 0.0870000 0.1630000
v 0.8370000 0.0870000 0.1630000
v 0.8370000 0.0870000 0.1630000
v 0.9130000 0.0870000 0.1630000
v 0.9130000 0.1630000 0.1630000
v 0.8370000 0.1630000 0.1630000
v 0.8370000 0.0870000 0.0870000
v 0.8370000 0.1630000 0.0870000
v 0.9130000 0.1630000 0.0870000
v 0.9130000 0.0870000 0.0870000
v 0.1630000 0.3370000 0.1630000
v 0.0870000 0.3370000 0.1630000
v 0.0870000 0.4130000 0.1630000
v 0.1630000 0.4130000 0.1630000
v 0.1450000 0.3550000 0.2500000
v 0.1450000 0.3950000 0.2500000
v 0.1050000 0.3950000 0.2500000
v 0.1050000 0.3550000 0.2500000
v 0.1630000 0.3370000 0.1630000
v 0.1630000 0.4130000 0.1630000
v 0.1505678 0.4005677 0.1832059
v 0.1505678 0.3494323 0.1832059
v 0.1454497 0.3954497 0.2070279
v 0.1454497 0.3545503 0.2070279
v 0.1450000 0.3950000 0.2500000
v 0.1450000 0.3550000 0.2500000
v 0.0870000 0.3370000 0.1630000
v 0.0994322 0.3494323 0.1832059
v 0.0994322 0.4005677 0.1832059
v 0.0870000 0.4130000 0.1630000
v 0.1045503 0.3545503 0.2070279
v 0.1045503 0.3954497 0.2070279
v 0.1050000 0.3550000 0.2500000
v 0.1050000 0.3950000 0.2500000
v 0.0870000 0.4130000 0.1630000
v 0.0994322 0.4005677 0.1832059
v 0.1505678 0.4005677 0.1832059
v 0.1630000 0.4130000 0.1630000
v 0.1045503 0.3954497 0.2070279
v 0.1454497 0.3954497 0.2070279
v 0.1050000 0.3950000 0.2500000
v 0.1450000 0.3950000 0.2500000
v 0.0870000 0.3370000 0.1630000
v 0.1630000 0.3370000 0.1630000
v 0.1505678 0.3494323 0.1832059
v 0.0994322 0.3494323 0.1832059
v 0.1454497 0.3545503 0.2070279
v 0.1045503 0.3545503 0.2070279
v 0.1450000 0.3550000 0.2500000
v 0.1050000 0.3550000 0.2500000
v 0.1450000 0.3550000 0.0000000
v 0.1050000 0.3550000 0.0000000
v 0.1050000 0.3950000 0.0000000
v 0.1450000 0.3950000 0.0000000
v 0.1630000 0.3370000 0.0870000
v 0.1630000 0.4130000 0.0870000
v 0.0870000 0.4130000 0.0870000
v 0.0870000 0.3370000 0.0870000
v 0.1450000 0.3550000 0.0000000
v 0.1450000 0.3950000 0.0000000
v 0.1454503 0.3954503 0.0429779
v 0.1454503 0.3545497 0.0429779
v 0.1505698 0.4005697 0.0667996
v 0.1505698 0.3494303 0.0667996
v 0.1630000 0.4130000 0.0870000
v 0.1630000 0.3370000 0.0870000
v 0.1050000 0.3550000 0.0000000
v 0.1045497 0.3545497 0.0429779
v 0.1045497 0.3954503 0.0429779
v 0.1050000 0.3950000 0.0000000
v 0.0994303 0.3494303 0.0667996
v 0.0994303 0.4005697 0.0667996
v 0.0870000 0.3370000 0.0870000
v 0.0870000 0.4130000 0.0870000
v 0.1050000 0.3950000 0.0000000
v 0.1045497 0.3954503 0.0429779
v 0.1454503 0.3954503 0.0429779
v 0.1450000 0.3950000 0.0000000
v 0.0994303 0.4005697 0.0667996
v 0.1505698 0.4005697 0.0667996
v 0.0870000 0.4130000 0.0870000
v 0.1630000 0.4130000 0.0870000
v 0.1050000 0.3550000 0.0000000
v 0.1450000 0.3550000 0.0000000
v 0.1454503 0.3545497 0.0429779
v 0.1045497 0.3545497 0.0429779
v 0.1505698 0.3494303 0.0667996
v 0.0994303 0.3494303 0.0667996
v 0.1630000 0.3370000 0.0870000
v 0.0870000 0.3370000 0.0870000
v 0.1450000 0.5000000 0.1050000
v 0.1050000 0.5000000 0.1050000
v 0.1050000 0.5000000 0.1450000
v 0.1450000 0.5000000 0.1450000
v 0.1630000 0.4130000 0.0870000
v 0.1630000 0.4130000 0.1630000
v 0.0870000 0.4130000 0.1630000
v 0.0870000 0.4130000 0.0870000
v 0.1450000 0.5000000 0.1050000
v 0.1450000 0.5000000 0.1450000
v 0.1454503 0.4570221 0.1454503
v 0.1454503 0.4570221 0.1045497
v 0.1505698 0.4332004 0.1505698
v 0.1505698 0.4332004 0.0994303
v 0.1630000 0.4130000 0.1630000
v 0.1630000 0.4130000 0.0870000
v 0.1050000 0.5000000 0.1050000
v 0.1045497 0.4570221 0.1045497
v 0.1045497 0.4570221 0.1454503
v 0.1050000 0.5000000 0.1450000
v 0.0994303 0.4332004 0.0994303
v 0.0994303 0.4332004 0.1505698
v 0.0870000 0.4130000 0.0870000
v 0.0870000 0.4130000 0.1630000
v 0.1050000 0.5000000 0.1450000
v 0.1045497 0.4570221 0.1454503
v 0.1454503 0.4570221 0.1454503
v 0.1450000 0.5000000 0.1450000
v 0.0994303 0.4332004 0.1505698
v 0.1505698 0.4332004 0.1505698
v 0.1050000 0.5000000 0.1050000
v 0.1450000 0.5000000 0.1050000
v 0.1454503 0.4570221 0.1045497
v 0.1045497 0.4570221 0.1045497
v 0.1505698 0.4332004 0.0994303
v 0.0994303 0.4332004 0.0994303
v 0.1630000 0.3370000 0.0870000
v 0.0870000 0.3370000 0.0870000
v 0.0870000 0.3370000 0.1630000
v 0.1630000 0.3370000 0.1630000
v 0.1450000 0.2500000 0.1050000
v 0.1450000 0.2500000 0.1450000
v 0.1050000 0.2500000 0.1450000
v 0.1050000 0.2500000 0.1050000
v 0.1630000 0.3370000 0.0870000
v 0.1630000 0.3370000 0.1630000
v 0.1505678 0.3167942 0.1505678
v 0.1505678 0.3167942 0.0994322
v 0.1454497 0.2929721 0.1454497
v 0.1454497 0.2929721 0.1045503
v 0.1450000 0.2500000 0.1450000
v 0.1450000 0.2500000 0.1050000
v 0.0870000 0.3370000 0.0870000
v 0.0994322 0.3167942 0.0994322
v 0.0994322 0.3167942 0.1505678
v 0.0870000 0.3370000 0.1630000
v 0.1045503 0.2929721 0.1045503
v 0.1045503 0.2929721 0.1454497
v 0.1050000 0.2500000 0.1050000
v 0.1050000 0.2500000 0.1450000
v 0.0994322 0.3167942 0.1505678
v 0.1505678 0.3167942 0.1505678
v 0.1045503 0.2929721 0.1454497
v 0.1454497 0.2929721 0.1454497
v 0.1050000 0.2500000 0.1450000
v 0.1450000 0.2500000 0.1450000
v 0.1505678 0.3167942 0.0994322
v 0.0994322 0.3167942 0.0994322
v 0.1454497 0.2929721 0.1045503
v 0.1045503 0.2929721 0.1045503
v 0.1450000 0.2500000 0.1050000
v 0.1050000 0.2500000 0.1050000
v 0.1630000 0.4130000 0.0870000
v 0.1630000 0.3370000 0.0870000
v 0.1630000 0.3370000 0.1630000
v 0.1630000 0.4130000 0.1630000
v 0.2500000 0.3950000 0.1050000
v 0.2500000 0.3950000 0.1450000
v 0.2500000 0.3550000 0.1450000
v 0.2500000 0.3550000 0.1050000
v 0.1832059 0.4005677 0.1505678
v 0.1832059 0.4005677 0.0994322
v 0.2070279 0.3954497 0.1454497
v 0.2070279 0.3954497 0.1045503
v 0.2500000 0.3950000 0.1450000
v 0.2500000 0.3950000 0.1050000
v 0.1832059 0.3494323 0.0994322
v 0.1832059 0.3494323 0.1505678
v 0.2070279 0.3545503 0.1045503
v 0.2070279 0.3545503 0.1454497
v 0.2500000 0.3550000 0.1050000
v 0.2500000 0.3550000 0.1450000
v 0.1832059 0.3494323 0.1505678
v 0.1832059 0.4005677 0.1505678
v 0.2070279 0.3545503 0.1454497
v 0.2070279 0.3954497 0.1454497
v 0.2500000 0.3550000 0.1450000
v 0.2500000 0.3950000 0.1450000
v 0.1832059 0.4005677 0.0994322
v 0.1832059 0.3494323 0.0994322
v 0.2070279 0.3954497 0.1045503
v 0.2070279 0.3545503 0.1045503
v 0.2500000 0.3950000 0.1050000
v 0.2500000 0.3550000 0.1050000
v 0.0000000 0.3950000 0.1050000
v 0.0000000 0.3550000 0.1050000
v 0.0000000 0.3550000 0.1450000
v 0.0000000 0.3950000 0.1450000
v 0.0870000 0.4130000 0.0870000
v 0.0870000 0.4130000 0.1630000
v 0.0870000 0.3370000 0.1630000
v 0.0870000 0.3370000 0.0870000
v 0.0000000 0.3950000 0.1050000
v 0.0000000 0.3950000 0.1450000
v 0.0429779 0.3954503 0.1454503
v 0.0429779 0.3954503 0.1045497
v 0.0667996 0.4005697 0.1505698
v 0.0667996 0.4005697 0.0994303
v 0.0000000 0.3550000 0.1050000
v 0.0429779 0.3545497 0.1045497
v 0.0429779 0.3545497 0.1454503
v 0.0000000 0.3550000 0.1450000
v 0.0667996 0.3494303 0.0994303
v 0.0667996 0.3494303 0.1505698
v 0.0000000 0.3550000 0.1450000
v 0.0429779 0.3545497 0.1454503
v 0.0429779 0.3954503 0.1454503
v 0.0000000 0.3950000 0.1450000
v 0.0667996 0.3494303 0.1505698
v 0.0667996 0.4005697 0.1505698
v 0.0000000 0.3550000 0.1050000
v 0.0000000 0.3950000 0.1050000
v 0.0429779 0.3954503 0.1045497
v 0.0429779 0.3545497 0.1045497
v 0.0667996 0.4005697 0.0994303
v 0.0667996 0.3494303 0.0994303
v 0.0870000 0.4130000 0.0870000
v 0.0870000 0.3370000 0.0870000
v 0.0870000 0.3370000 0.1630000
v 0.0870000 0.4130000 0.1630000
v 0.1630000 0.4130000 0.0870000
v 0.1630000 0.4130000 0.1630000
v 0.1630000 0.3370000 0.1630000
v 0.1630000 0.3370000 0.0870000
v 0.0870000 0.4130000 0.0870000
v 0.0870000 0.4130000 0.1630000
v 0.1630000 0.4130000 0.1630000
v 0.1630000 0.4130000 0.0870000
v 0.0870000 0.3370000 0.0870000
v 0.1630000 0.3370000 0.0870000
v 0.1630000 0.3370000 0.1630000
v 0.0870000 0.3370000 0.1630000
v 0.0870000 0.3370000 0.1630000
v 0.1630000 0.3370000 0.1630000
v 0.1630000 0.4130000 0.1630000
v 0.0870000 0.4130000 0.1630000
v 0.0870000 0.3370000 0.0870000
v 0.0870000 0.4130000 0.0870000
v 0.1630000 0.4130000 0.0870000
v 0.1630000 0.3370000 0.0870000
v 0.4130000 0.3370000 0.1630000
v 0.3370000 0.3370000 0.1630000
v 0.3370000 0.4130000 0.1630000
v 0.4130000 0.4130000 0.1630000
v 0.3950000 0.3550000 0.2500000
v 0.3950000 0.3950000 0.2500000
v 0.3550000 0.3950000 0.2500000
v 0.3550000 0.3550000 0.2500000
v 0.4130000 0.3370000 0.1630000
v 0.4130000 0.4130000 0.1630000
v 0.4005677 0.4005677 0.1832059
v 0.4005677 0.3494323 0.1832059
v 0.3954497 0.3954497 0.2070279
v 0.3954497 0.3545503 0.2070279
v 0.3950000 0.3950000 0.2500000
v 0.3950000 0.3550000 0.2500000
v 0.3370000 0.3370000 0.1630000
v 0.3494323 0.3494323 0.1832059
v 0.3494323 0.4005677 0.1832059
v 0.3370000 0.4130000 0.1630000
v 0.3545503 0.3545503 0.2070279
v 0.3545503 0.3954497 0.2070279
v 0.3550000 0.3550000 0.2500000
v 0.3550000 0.3950000 0.2500000
v 0.3370000 0.4130000 0.1630000
v 0.3494323 0.4005677 0.1832059
v 0.4005677 0.4005677 0.1832059
v 0.4130000 0.4130000 0.1630000
v 0.3545503 0.3954497 0.2070279
v 0.3954497 0.3954497 0.2070279
v 0.3550000 0.3950000 0.2500000
v 0.3950000 0.3950000 0.2500000
v 0.3370000 0.3370000 0.1630000
v 0.4130000 0.3370000 0.1630000
v 0.4005677 0.3494323 0.1832059
v 0.3494323 0.3494323 0.1832059
v 0.3954497 0.3545503 0.2070279
v 0.3545503 0.3545503 0.2070279
v 0.3950000 0.3550000 0.2500000
v 0.3550000 0.3550000 0.2500000
v 0.3950000 0.3550000 0.0000000
v 0.3550000 0.3550000 0.0000000
v 0.3550000 0.3950000 0.0000000
v 0.3950000 0.3950000 0.0000000
v 0.4130000 0.3370000 0.0870000
v 0.4130000 0.4130000 0.0870000
v 0.3370000 0.4130000 0.0870000
v 0.3370000 0.3370000 0.0870000
v 0.3950000 0.3550000 0.0000000
v 0.3950000 0.3950000 0.0000000
v 0.3954503 0.3954503 0.0429779
v 0.3954503 0.3545497 0.0429779
v 0.4005697 0.4005697 0.0667996
v 0.4005697 0.3494303 0.0667996
v 0.4130000 0.4130000 0.0870000
v 0.4130000 0.3370000 0.0870000
v 0.3550000 0.3550000 0.0000000
v 0.3545497 0.3545497 0.0429779
v 0.3545497 0.3954503 0.0429779
v 0.3550000 0.3950000 0.0000000
v 0.3494303 0.3494303 0.0667996
v 0.3494303 0.4005697 0.0667996
v 0.3370000 0.3370000 0.0870000
v 0.3370000 0.4130000 0.0870000
v 0.3550000 0.3950000 0.0000000
v 0.3545497 0.3954503 0.0429779
v 0.3954503 0.3954503 0.0429779
v 0.3950000 0.3950000 0.0000000
v 0.3494303 0.4005697 0.0667996
v 0.4005697 0.4005697 0.0667996
v 0.3370000 0.4130000 0.0870000
v 0.4130000 0.4130000 0.0870000
v 0.3550000 0.3550000 0.0000000
v 0.3950000 0.3550000 0.0000000
v 0.3954503 0.3545497 0.0429779
v 0.3545497 0.3545497 0.0429779
v 0.4005697 0.3494303 0.0667996
v 0.3494303 0.3494303 0.0667996
v 0.4130000 0.3370000 0.0870000
v 0.3370000 0.3370000 0.0870000
v 0.3950000 0.5000000 0.1050000
v 0.3550000 0.5000000 0.1050000
v 0.3550000 0.5000000 0.1450000
v 0.3950000 0.5000000 0.1450000
v 0.4130000 0.4130000 0.0870000
v 0.4130000 0.4130000 0.1630000
v 0.3370000 0.4130000 0.1630000
v 0.3370000 0.4130000 0.0870000
v 0.3950000 0.5000000 0.1050000
v 0.3950000 0.5000000 0.1450000
v 0.3954503 0.4570221 0.1454503
v 0.3954503 0.4570221 0.1045497
v 0.4005697 0.4332004 0.1505698
v 0.4005697 0.4332004 0.0994303
v 0.4130000 0.4130000 0.1630000
v 0.4130000 0.4130000 0.0870000
v 0.3550000 0.5000000 0.1050000
v 0.3545497 0.4570221 0.1045497
v 0.3545497 0.4570221 0.1454503
v 0.3550000 0.5000000 0.1450000
v 0.3494303 0.4332004 0.0994303
v 0.3494303 0.4332004 0.1505698
v 0.3370000 0.4130000 0.0870000
v 0.3370000 0.4130000 0.1630000
v 0.3550000 0.5000000 0.1450000
v 0.3545497 0.4570221 0.1454503
v 0.3954503 0.4570221 0.1454503
v 0.3950000 0.5000000 0.1450000
v 0.3494303 0.4332004 0.1505698
v 0.4005697 0.4332004 0.1505698
v 0.3550000 0.5000000 0.1050000
v 0.3950000 0.5000000 0.1050000
v 0.3954503 0.4570221 0.1045497
v 0.3545497 0.4570221 0.1045497
v 0.4005697 0.4332004 0.0994303
v 0.3494303 0.4332004 0.0994303
v 0.4130000 0.3370000 0.0870000
v 0.3370000 0.3370000 0.0870000
v 0.3370000 0.3370000 0.1630000
v 0.4130000 0.3370000 0.1630000
v 0.3950000 0.2500000 0.1050000
v 0.3950000 0.2500000 0.1450000
v 0.3550000 0.2500000 0.1450000
v 0.3550000 0.2500000 0.1050000
v 0.4130000 0.3370000 0.0870000
v 0.4130000 0.3370000 0.1630000
v 0.4005677 0.3167942 0.1505678
v 0.4005677 0.3167942 0.0994322
v 0.3954497 0.2929721 0.1454497
v 0.3954497 0.2929721 0.1045503
v 0.3950000 0.2500000 0.1450000
v 0.3950000 0.2500000 0.1050000
v 0.3370000 0.3370000 0.0870000
v 0.3494323 0.3167942 0.0994322
v 0.3494323 0.3167942 0.1505678
v 0.3370000 0.3370000 0.1630000
v 0.3545503 0.2929721 0.1045503
v 0.3545503 0.2929721 0.1454497
v 0.3550000 0.2500000 0.1050000
v 0.3550000 0.2500000 0.1450000
v 0.3494323 0.3167942 0.1505678
v 0.4005677 0.3167942 0.1505678
v 0.3545503 0.2929721 0.1454497
v 0.3954497 0.2929721 0.1454497
v 0.3550000 0.2500000 0.1450000
v 0.3950000 0.2500000 0.1450000
v 0.4005677 0.3167942 0.0994322
v 0.3494323 0.3167942 0.0994322
v 0.3954497 0.2929721 0.1045503
v 0.3545503 0.2929721 0.1045503
v 0.3950000 0.2500000 0.1050000
v 0.3550000 0.2500000 0.1050000
v 0.4130000 0.4130000 0.0870000
v 0.4130000 0.3370000 0.0870000
v 0.4130000 0.3370000 0.1630000
v 0.4130000 0.4130000 0.1630000
v 0.5000000 0.3950000 0.1050000
v 0.5000000 0.3950000 0.1450000
v 0.5000000 0.3550000 0.1450000
v 0.5000000 0.3550000 0.1050000
v 0.4332058 0.4005677 0.1505678
v 0.4332058 0.4005677 0.0994322
v 0.4570279 0.3954497 0.1454497
v 0.4570279 0.3954497 0.1045503
v 0.5000000 0.3950000 0.1450000
v 0.5000000 0.3950000 0.1050000
v 0.4332058 0.3494323 0.0994322
v 0.4332058 0.3494323 0.1505678
v 0.4570279 0.3545503 0.1045503
v 0.4570279 0.3545503 0.1454497
v 0.5000000 0.3550000 0.1050000
v 0.5000000 0.3550000 0.1450000
v 0.4332058 0.3494323 0.1505678
v 0.4332058 0.4005677 0.1505678
v 0.4570279 0.3545503 0.1454497
v 0.4570279 0.3954497 0.1454497
v 0.5000000 0.3550000 0.1450000
v 0.5000000 0.3950000 0.1450000
v 0.4332058 0.4005677 0.0994322
v 0.4332058 0.3494323 0.0994322
v 0.4570279 0.3954497 0.1045503
v 0.4570279 0.3545503 0.1045503
v 0.5000000 0.3950000 0.1050000
v 0.5000000 0.3550000 0.1050000
v 0.2500000 0.3950000 0.1050000
v 0.2500000 0.3550000 0.1050000
v 0.2500000 0.3550000 0.1450000
v 0.2500000 0.3950000 0.1450000
v 0.3370000 0.4130000 0.0870000
v 0.3370000 0.4130000 0.1630000
v 0.3370000 0.3370000 0.1630000
v 0.3370000 0.3370000 0.0870000
v 0.2500000 0.3950000 0.1050000
v 0.2500000 0.3950000 0.1450000
v 0.2929779 0.3954503 0.1454503
v 0.2929779 0.3954503 0.1045497
v 0.3167996 0.4005697 0.1505698
v 0.3167996 0.4005697 0.0994303
v 0.2500000 0.3550000 0.1050000
v 0.2929779 0.3545497 0.1045497
v 0.2929779 0.3545497 0.1454503
v 0.2500000 0.3550000 0.1450000
v 0.3167996 0.3494303 0.0994303
v 0.3167996 0.3494303 0.1505698
v 0.2500000 0.3550000 0.1450000
v 0.2929779 0.3545497 0.1454503
v 0.2929779 0.3954503 0.1454503
v 0.2500000 0.3950000 0.1450000
v 0.3167996 0.3494303 0.1505698
v 0.3167996 0.4005697 0.1505698
v 0.2500000 0.3550000 0.1050000
v 0.2500000 0.3950000 0.1050000
v 0.2929779 0.3954503 0.1045497
v 0.2929779 0.3545497 0.1045497
v 0.3167996 0.4005697 0.0994303
v 0.3167996 0.3494303 0.0994303
v 0.3370000 0.4130000 0.0870000
v 0.3370000 0.3370000 0.0870000
v 0.3370000 0.3370000 0.1630000
v 0.3370000 0.4130000 0.1630000
v 0.4130000 0.4130000 0.0870000
v 0.4130000 0.4130000 0.1630000
v 0.4130000 0.3370000 0.1630000
v 0.4130000 0.3370000 0.0870000
v 0.3370000 0.4130000 0.0870000
v 0.3370000 0.4130000 0.1630000
v 0.4130000 0.4130000 0.1630000
v 0.4130000 0.4130000 0.0870000
v 0.3370000 0.3370000 0.0870000
v 0.4130000 0.3370000 0.0870000
v 0.4130000 0.3370000 0.1630000
v 0.3370000 0.3370000 0.1630000
v 0.3370000 0.3370000 0.1630000
v 0.4130000 0.3370000 0.1630000
v 0.4130000 0.4130000 0.1630000
v 0.3370000 0.4130000 0.1630000
v 0.3370000 0.3370000 0.0870000
v 0.3370000 0.4130000 0.0870000
v 0.4130000 0.4130000 0.0870000
v 0.4130000 0.3370000 0.0870000
v 0.6630000 0.3370000 0.1630000
v 0.5870000 0.3370000 0.1630000
v 0.5870000 0.4130000 0.1630000
v 0.6630000 0.4130000 0.1630000
v 0.6450000 0.3550000 0.2500000
v 0.6450000 0.3950000 0.2500000
v 0.6050000 0.3950000 0.2500000
v 0.6050000 0.3550000 0.2500000
v 0.6630000 0.3370000 0.1630000
v 0.6630000 0.4130000 0.1630000
v 0.6505678 0.4005677 0.1832059
v 0.6505678 0.3494323 0.1832059
v 0.6454497 0.3954497 0.2070279
v 0.6454497 0.3545503 0.2070279
v 0.6450000 0.3950000 0.2500000
v 0.6450000 0.3550000 0.2500000
v 0.5870000 0.3370000 0.1630000
v 0.5994322 0.3494323 0.1832059
v 0.5994322 0.4005677 0.1832059
v 0.5870000 0.4130000 0.1630000
v 0.6045503 0.3545503 0.2070279
v 0.6045503 0.3954497 0.2070279
v 0.6050000 0.3550000 0.2500000
v 0.6050000 0.3950000 0.2500000
v 0.5870000 0.4130000 0.1630000
v 0.5994322 0.4005677 0.1832059
v 0.6505678 0.4005677 0.1832059
v 0.6630000 0.4130000 0.1630000
v 0.6045503 0.3954497 0.2070279
v 0.6454497 0.3954497 0.2070279
v 0.6050000 0.3950000 0.2500000
v 0.6450000 0.3950000 0.2500000
v 0.5870000 0.3370000 0.1630000
v 0.6630000 0.3370000 0.1630000
v 0.6505678 0.3494323 0.1832059
v 0.5994322 0.3494323 0.1832059
v 0.6454497 0.3545503 0.2070279
v 0.6045503 0.3545503 0.2070279
v 0.6450000 0.3550000 0.2500000
v 0.6050000 0.3550000 0.2500000
v 0.6450000 0.3550000 0.0000000
v 0.6050000 0.3550000 0.0000000
v 0.6050000 0.3950000 0.0000000
v 0.6450000 0.3950000 0.0000000
v 0.6630000 0.3370000 0.0870000
v 0.6630000 0.4130000 0.0870000
v 0.5870000 0.4130000 0.0870000
v 0.5870000 0.3370000 0.0870000
v 0.6450000 0.3550000 0.0000000
v 0.6450000 0.3950000 0.0000000
v 0.6454503 0.3954503 0.0429779
v 0.6454503 0.3545497 0.0429779
v 0.6505697 0.4005697 0.0667996
v 0.6505697 0.3494303 0.0667996
v 0.6630000 0.4130000 0.0870000
v 0.6630000 0.3370000 0.0870000
v 0.6050000 0.3550000 0.0000000
v 0.6045497 0.3545497 0.0429779
v 0.6045497 0.3954503 0.0429779
v 0.6050000 0.3950000 0.0000000
v 0.5994303 0.3494303 0.0667996
v 0.5994303 0.4005697 0.0667996
v 0.5870000 0.3370000 0.0870000
v 0.5870000 0.4130000 0.0870000
v 0.6050000 0.3950000 0.0000000
v 0.6045497 0.3954503 0.0429779
v 0.6454503 0.3954503 0.0429779
v 0.6450000 0.3950000 0.0000000
v 0.5994303 0.4005697 0.0667996
v 0.6505697 0.4005697 0.0667996
v 0.5870000 0.4130000 0.0870000
v 0.6630000 0.4130000 0.0870000
v 0.6050000 0.3550000 0.0000000
v 0.6450000 0.3550000 0.0000000
v 0.6454503 0.3545497 0.0429779
v 0.6045497 0.3545497 0.0429779
v 0.6505697 0.3494303 0.0667996
v 0.5994303 0.3494303 0.0667996
v 0.6630000 0.3370000 0.0870000
v 0.5870000 0.3370000 0.0870000
v 0.6450000 0.5000000 0.1050000
v 0.6050000 0.5000000 0.1050000
v 0.6050000 0.5000000 0.1450000
v 0.6450000 0.5000000 0.1450000
v 0.6630000 0.4130000 0.0870000
v 0.6630000 0.4130000 0.1630000
v 0.5870000 0.4130000 0.1630000
v 0.5870000 0.4130000 0.0870000
v 0.6450000 0.5000000 0.1050000
v 0.6450000 0.5000000 0.1450000
v 0.6454503 0.4570221 0.1454503
v 0.6454503 0.4570221 0.1045497
v 0.6505697 0.4332004 0.1505698
v 0.6505697 0.4332004 0.0994303
v 0.6630000 0.4130000 0.1630000
v 0.6630000 0.4130000 0.0870000
v 0.6050000 0.5000000 0.1050000
v 0.6045497 0.4570221 0.1045497
v 0.6045497 0.4570221 0.1454503
v 0.6050000 0.5000000 0.1450000
v 0.5994303 0.4332004 0.0994303
v 0.5994303 0.4332004 0.1505698
v 0.5870000 0.4130000 0.0870000
v 0.5870000 0.4130000 0.1630000
v 0.6050000 0.5000000 0.1450000
v 0.6045497 0.4570221 0.1454503
v 0.6454503 0.4570221 0.1454503
v 0.6450000 0.5000000 0.1450000
v 0.5994303 0.4332004 0.1505698
v 0.6505697 0.4332004 0.1505698
v 0.6050000 0.5000000 0.1050000
v 0.6450000 0.5000000 0.1050000
v 0.6454503 0.4570221 0.1045497
v 0.6045497 0.4570221 0.1045497
v 0.6505697 0.4332004 0.0994303
v 0.5994303 0.4332004 0.0994303
v 0.6630000 0.3370000 0.0870000
v 0.5870000 0.3370000 0.0870000
v 0.5870000 0.3370000 0.1630000
v 0.6630000 0.3370000 0.1630000
v 0.6450000 0.2500000 0.1050000
v 0.6450000 0.2500000 0.1450000
v 0.6050000 0.2500000 0.1450000
v 0.6050000 0.2500000 0.1050000
v 0.6630000 0.3370000 0.0870000
v 0.6630000 0.3370000 0.1630000
v 0.6505678 0.3167942 0.1505678
v 0.6505678 0.3167942 0.0994322
v 0.6454497 0.2929721 0.1454497
v 0.6454497 0.2929721 0.1045503
v 0.6450000 0.2500000 0.1450000
v 0.6450000 0.2500000 0.1050000
v 0.5870000 0.3370000 0.0870000
v 0.5994322 0.3167942 0.0994322
v 0.5994322 0.3167942 0.1505678
v 0.5870000 0.3370000 0.1630000
v 0.6045503 0.2929721 0.1045503
v 0.6045503 0.2929721 0.1454497
v 0.6050000 0.2500000 0.1050000
v 0.6050000 0.2500000 0.1450000
v 0.5994322 0.3167942 0.1505678
v 0.6505678 0.3167942 0.1505678
v 0.6045503 0.2929721 0.1454497
v 0.6454497 0.2929721 0.1454497
v 0.6050000 0.2500000 0.1450000
v 0.6450000 0.2500000 0.1450000
v 0.6505678 0.3167942 0.0994322
v 0.5994322 0.3167942 0.0994322
v 0.6454497 0.2929721 0.1045503
v 0.6045503 0.2929721 0.1045503
v 0.6450000 0.2500000 0.1050000
v 0.6050000 0.2500000 0.1050000
v 0.6630000 0.4130000 0.0870000
v 0.6630000 0.3370000 0.0870000
v 0.6630000 0.3370000 0.1630000
v 0.6630000 0.4130000 0.1630000
v 0.7500000 0.3950000 0.1050000
v 0.7500000 0.3950000 0.1450000
v 0.7500000 0.3550000 0.1450000
v 0.7500000 0.3550000 0.1050000
v 0.6832058 0.4005677 0.1505678
v 0.6832058 0.4005677 0.0994322
v 0.7070279 0.3954497 0.1454497
v 0.7070279 0.3954497 0.1045503
v 0.7500000 0.3950000 0.1450000
v 0.7500000 0.3950000 0.1050000
v 0.6832058 0.3494323 0.0994322
v 0.6832058 0.3494323 0.1505678
v 0.7070279 0.3545503 0.1045503
v 0.7070279 0.3545503 0.1454497
v 0.7500000 0.3550000 0.1050000
v 0.7500000 0.3550000 0.1450000
v 0.6832058 0.3494323 0.1505678
v 0.6832058 0.4005677 0.1505678
v 0.7070279 0.3545503 0.1454497
v 0.7070279 0.3954497 0.1454497
v 0.7500000 0.3550000 0.1450000
v 0.7500000 0.3950000 0.1450000
v 0.6832058 0.4005677 0.0994322
v 0.6832058 0.3494323 0.0994322
v 0.7070279 0.3954497 0.1045503
v 0.7070279 0.3545503 0.1045503
v 0.7500000 0.3950000 0.1050000
v 0.7500000 0.3550000 0.1050000
v 0.5000000 0.3950000 0.1050000
v 0.5000000 0.3550000 0.1050000
v 0.5000000 0.3550000 0.1450000
v 0.5000000 0.3950000 0.1450000
v 0.5870000 0.4130000 0.0870000
v 0.5870000 0.4130000 0.1630000
v 0.5870000 0.3370000 0.1630000
v 0.5870000 0.3370000 0.0870000
v 0.5000000 0.3950000 0.1050000
v 0.5000000 0.3950000 0.1450000
v 0.5429779 0.3954503 0.1454503
v 0.5429779 0.3954503 0.1045497
v 0.5667996 0.4005697 0.1505698
v 0.5667996 0.4005697 0.0994303
v 0.5000000 0.3550000 0.1050000
v 0.5429779 0.3545497 0.1045497
v 0.5429779 0.3545497 0.1454503
v 0.5000000 0.3550000 0.1450000
v 0.5667996 0.3494303 0.0994303
v 0.5667996 0.3494303 0.1505698
v 0.5000000 0.3550000 0.1450000
v 0.5429779 0.3545497 0.1454503
v 0.5429779 0.3954503 0.1454503
v 0.5000000 0.3950000 0.1450000
v 0.5667996 0.3494303 0.1505698
v 0.5667996 0.4005697 0.1505698
v 0.5000000 0.3550000 0.1050000
v 0.5000000 0.3950000 0.1050000
v 0.5429779 0.3954503 0.1045497
v 0.5429779 0.3545497 0.1045497
v 0.5667996 0.4005697 0.0994303
v 0.5667996 0.3494303 0.0994303
v 0.5870000 0.4130000 0.0870000
v 0.5870000 0.3370000 0.0870000
v 0.5870000 0.3370000 0.1630000
v 0.5870000 0.4130000 0.1630000
v 0.6630000 0.4130000 0.0870000
v 0.6630000 0.4130000 0.1630000
v 0.6630000 0.3370000 0.1630000
v 0.6630000 0.3370000 0.0870000
v 0.5870000 0.4130000 0.0870000
v 0.5870000 0.4130000 0.1630000
v 0.6630000 0.4130000 0.1630000
v 0.6630000 0.4130000 0.0870000
v 0.5870000 0.3370000 0.0870000
v 0.6630000 0.3370000 0.0870000
v 0.6630000 0.3370000 0.1630000
v 0.5870000 0.3370000 0.1630000
v 0.5870000 0.3370000 0.1630000
v 0.6630000 0.3370000 0.1630000
v 0.6630000 0.4130000 0.1630000
v 0.5870000 0.4130000 0.1630000
v 0.5870000 0.3370000 0.0870000
v 0.5870000 0.4130000 0.0870000
v 0.6630000 0.4130000 0.0870000
v 0.6630000 0.3370000 0.0870000
v 0.9130000 0.3370000 0.1630000
v 0.8370000 0.3370000 0.1630000
v 0.8370000 0.4130000 0.1630000
v 0.9130000 0.4130000 0.1630000
v 0.8950000 0.3550000 0.2500000
v 0.8950000 0.3950000 0.2500000
v 0.8550000 0.3950000 0.2500000
v 0.8550000 0.3550000 0.2500000
v 0.9130000 0.3370000 0.1630000
v 0.9130000 0.4130000 0.1630000
v 0.9005678 0.4005677 0.1832059
v 0.9005678 0.3494323 0.1832059
v 0.8954497 0.3954497 0.2070279
v 0.8954497 0.3545503 0.2070279
v 0.8950000 0.3950000 0.2500000
v 0.8950000 0.3550000 0.2500000
v 0.8370000 0.3370000 0.1630000
v 0.8494322 0.3494323 0.1832059
v 0.8494322 0.4005677 0.1832059
v 0.8370000 0.4130000 0.1630000
v 0.8545503 0.3545503 0.2070279
v 0.8545503 0.3954497 0.2070279
v 0.8550000 0.3550000 0.2500000
v 0.8550000 0.3950000 0.2500000
v 0.8370000 0.4130000 0.1630000
v 0.8494322 0.4005677 0.1832059
v 0.9005678 0.4005677 0.1832059
v 0.9130000 0.4130000 0.1630000
v 0.8545503 0.3954497 0.2070279
v 0.8954497 0.3954497 0.2070279
v 0.8550000 0.3950000 0.2500000
v 0.8950000 0.3950000 0.2500000
v 0.8370000 0.3370000 0.1630000
v 0.9130000 0.3370000 0.1630000
v 0.9005678 0.3494323 0.1832059
v 0.8494322 0.3494323 0.1832059
v 0.8954497 0.3545503 0.2070279
v 0.8545503 0.3545503 0.2070279
v 0.8950000 0.3550000 0.2500000
v 0.8550000 0.3550000 0.2500000
v 0.8950000 0.3550000 0.0000000
v 0.8550000 0.3550000 0.0000000
v 0.8550000 0.3950000 0.0000000
v 0.8950000 0.3950000 0.0000000
v 0.9130000 0.3370000 0.0870000
v 0.9130000 0.4130000 0.0870000
v 0.8370000 0.4130000 0.0870000
v 0.8370000 0.3370000 0.0870000
v 0.8950000 0.3550000 0.0000000
v 0.8950000 0.3950000 0.0000000
v 0.8954503 0.3954503 0.0429779
v 0.8954503 0.3545497 0.0429779
v 0.9005697 0.4005697 0.0667996
v 0.9005697 0.3494303 0.0667996
v 0.9130000 0.4130000 0.0870000
v 0.9130000 0.3370000 0.0870000
v 0.8550000 0.3550000 0.0000000
v 0.8545497 0.3545497 0.0429779
v 0.8545497 0.3954503 0.0429779
v 0.8550000 0.3950000 0.0000000
v 0.8494303 0.3494303 0.0667996
v 0.8494303 0.4005697 0.0667996
v 0.8370000 0.3370000 0.0870000
v 0.8370000 0.4130000 0.0870000
v 0.8550000 0.3950000 0.0000000
v 0.8545497 0.3954503 0.0429779
v 0.8954503 0.3954503 0.0429779
v 0.8950000 0.3950000 0.0000000
v 0.8494303 0.4005697 0.0667996
v 0.9005697 0.4005697 0.0667996
v 0.8370000 0.4130000 0.0870000
v 0.9130000 0.4130000 0.0870000
v 0.8550000 0.3550000 0.0000000
v 0.8950000 0.3550000 0.0000000
v 0.8954503 0.3545497 0.0429779
v 0.8545497 0.3545497 0.0429779
v 0.9005697 0.3494303 0.0667996
v 0.8494303 0.3494303 0.0667996
v 0.9130000 0.3370000 0.0870000
v 0.8370000 0.3370000 0.0870000
v 0.8950000 0.5000000 0.1050000
v 0.8550000 0.5000000 0.1050000
v 0.8550000 0.5000000 0.1450000
v 0.8950000 0.5000000 0.1450000
v 0.9130000 0.4130000 0.0870000
v 0.9130000 0.4130000 0.1630000
v 0.8370000 0.4130000 0.1630000
v 0.8370000 0.4130000 0.0870000
v 0.8950000 0.5000000 0.1050000
v 0.8950000 0.5000000 0.1450000
v 0.8954503 0.4570221 0.1454503
v 0.8954503 0.4570221 0.1045497
v 0.9005697 0.4332004 0.1505698
v 0.9005697 0.4332004 0.0994303
v 0.9130000 0.4130000 0.1630000
v 0.9130000 0.4130000 0.0870000
v 0.8550000 0.5000000 0.1050000
v 0.8545497 0.4570221 0.1045497
v 0.8545497 0.4570221 0.1454503
v 0.8550000 0.5000000 0.1450000
v 0.8494303 0.4332004 0.0994303
v 0.8494303 0.4332004 0.1505698
v 0.8370000 0.4130000 0.0870000
v 0.8370000 0.4130000 0.1630000
v 0.8550000 0.5000000 0.1450000
v 0.8545497 0.4570221 0.1454503
v 0.8954503 0.4570221 0.1454503
v 0.8950000 0.5000000 0.1450000
v 0.8494303 0.4332004 0.1505698
v 0.9005697 0.4332004 0.1505698
v 0.8550000 0.5000000 0.1050000
v 0.8950000 0.5000000 0.1050000
v 0.8954503 0.4570221 0.1045497
v 0.8545497 0.4570221 0.1045497
v 0.9005697 0.4332004 0.0994303
v 0.8494303 0.4332004 0.0994303
v 0.9130000 0.3370000 0.0870000
v 0.8370000 0.3370000 0.0870000
v 0.8370000 0.3370000 0.1630000
v 0.9130000 0.3370000 0.1630000
v 0.8950000 0.2500000 0.1050000
v 0.8950000 0.2500000 0.1450000
v 0.8550000 0.2500000 0.1450000
v 0.8550000 0.2500000 0.1050000
v 0.9130000 0.3370000 0.0870000
v 0.9130000 0.3370000 0.1630000
v 0.9005678 0.3167942 0.1505678
v 0.9005678 0.3167942 0.0994322
v 0.8954497 0.2929721 0.1454497
v 0.8954497 0.2929721 0.1045503
v 0.8950000 0.2500000 0.1450000
v 0.8950000 0.2500000 0.1050000
v 0.8370000 0.3370000 0.0870000
v 0.8494322 0.3167942 0.0994322
v 0.8494322 0.3167942 0.1505678
v 0.8370000 0.3370000 0.1630000
v 0.8545503 0.2929721 0.1045503
v 0.8545503 0.2929721 0.1454497
v 0.8550000 0.2500000 0.1050000
v 0.8550000 0.2500000 0.1450000
v 0.8494322 0.3167942 0.1505678
v 0.9005678 0.3167942 0.1505678
v 0.8545503 0.2929721 0.1454497
v 0.8954497 0.2929721 0.1454497
v 0.8550000 0.2500000 0.1450000
v 0.8950000 0.2500000 0.1450000
v 0.9005678 0.3167942 0.0994322
v 0.8494322 0.3167942 0.0994322
v 0.8954497 0.2929721 0.1045503
v 0.8545503 0.2929721 0.1045503
v 0.8950000 0.2500000 0.1050000
v 0.8550000 0.2500000 0.1050000
v 0.9130000 0.4130000 0.0870000
v 0.9130000 0.3370000 0.0870000
v 0.9130000 0.3370000 0.1630000
v 0.9130000 0.4130000 0.1630000
v 1.0000000 0.3950000 0.1050000
v 1.0000000 0.3950000 0.1450000
v 1.0000000 0.3550000 0.1450000
v 1.0000000 0.3550000 0.1050000
v 0.9332058 0.4005677 0.1505678
v 0.9332058 0.4005677 0.0994322
v 0.9570279 0.3954497 0.1454497
v 0.9570279 0.3954497 0.1045503
v 1.0000000 0.3950000 0.1450000
v 1.0000000 0.3950000 0.1050000
v 0.9332058 0.3494323 0.0994322
v 0.9332058 0.3494323 0.1505678
v 0.9570279 0.3545503 0.1045503
v 0.9570279 0.3545503 0.1454497
v 1.0000000 0.3550000 0.1050000
v 1.0000000 0.3550000 0.1450000
v 0.9332058 0.3494323 0.1505678
v 0.9332058 0.4005677 0.1505678
v 0.9570279 0.3545503 0.1454497
v 0.9570279 0.3954497 0.1454497
v 1.0000000 0.3550000 0.1450000
v 1.0000000 0.3950000 0.1450000
v 0.9332058 0.4005677 0.0994322
v 0.9332058 0.3494323 0.0994322
v 0.9570279 0.3954497 0.1045503
v 0.9570279 0.3545503 0.1045503
v 1.0000000 0.3950000 0.1050000
v 1.0000000 0.3550000 0.1050000
v 0.7500000 0.3950000 0.1050000
v 0.7500000 0.3550000 0.1050000
v 0.7500000 0.3550000 0.1450000
v 0.7500000 0.3950000 0.1450000
v 0.8370000 0.4130000 0.0870000
v 0.8370000 0.4130000 0.1630000
v 0.8370000 0.3370000 0.1630000
v 0.8370000 0.3370000 0.0870000
v 0.7500000 0.3950000 0.1050000
v 0.7500000 0.3950000 0.1450000
v 0.7929779 0.3954503 0.1454503
v 0.7929779 0.3954503 0.1045497
v 0.8167996 0.4005697 0.1505698
v 0.8167996 0.4005697 0.0994303
v 0.7500000 0.3550000 0.1050000
v 0.7929779 0.3545497 0.1045497
v 0.7929779 0.3545497 0.1454503
v 0.7500000 0.3550000 0.1450000
v 0.8167996 0.3494303 0.0994303
v 0.8167996 0.3494303 0.1505698
v 0.7500000 0.3550000 0.1450000
v 0.7929779 0.3545497 0.1454503
v 0.7929779 0.3954503 0.1454503
v 0.7500000 0.3950000 0.1450000
v 0.8167996 0.3494303 0.1505698
v 0.8167996 0.4005697 0.1505698
v 0.7500000 0.3550000 0.1050000
v 0.7500000 0.3950000 0.1050000
v 0.7929779 0.3954503 0.1045497
v 0.7929779 0.3545497 0.1045497
v 0.8167996 0.4005697 0.0994303
v 0.8167996 0.3494303 0.0994303
v 0.8370000 0.4130000 0.0870000
v 0.8370000 0.3370000 0.0870000
v 0.8370000 0.3370000 0.1630000
v 0.8370000 0.4130000 0.1630000
v 0.9130000 0.4130000 0.0870000
v 0.9130000 0.4130000 0.1630000
v 0.9130000 0.3370000 0.1630000
v 0.9130000 0.3370000 0.0870000
v 0.8370000 0.4130000 0.0870000
v 0.8370000 0.4130000 0.1630000
v 0.9130000 0.4130000 0.1630000
v 0.9130000 0.4130000 0.0870000
v 0.8370000 0.3370000 0.0870000
v 0.9130000 0.3370000 0.0870000
v 0.9130000 0.3370000 0.1630000
v 0.8370000 0.3370000 0.1630000
v 0.8370000 0.3370000 0.1630000
v 0.9130000 0.3370000 0.1630000
v 0.9130000 0.4130000 0.1630000
v 0.8370000 0.4130000 0.1630000
v 0.8370000 0.3370000 0.0870000
v 0.8370000 0.4130000 0.0870000
v 0.9130000 0.4130000 0.0870000
v 0.9130000 0.3370000 0.0870000
v 0.1630000 0.5870000 0.1630000
v 0.0870000 0.5870000 0.1630000
v 0.0870000 0.6630000 0.1630000
v 0.1630000 0.6630000 0.1630000
v 0.1450000 0.6050000 0.2500000
v 0.1450000 0.6450000 0.2500000
v 0.1050000 0.6450000 0.2500000
v 0.1050000 0.6050000 0.2500000
v 0.1630000 0.5870000 0.1630000
v 0.1630000 0.6630000 0.1630000
v 0.1505678 0.6505678 0.1832059
v 0.1505678 0.5994322 0.1832059
v 0.1454497 0.6454497 0.2070279
v 0.1454497 0.6045503 0.2070279
v 0.1450000 0.6450000 0.2500000
v 0.1450000 0.6050000 0.2500000
v 0.0870000 0.5870000 0.1630000
v 0.0994322 0.5994322 0.1832059
v 0.0994322 0.6505678 0.1832059
v 0.0870000 0.6630000 0.1630000
v 0.1045503 0.6045503 0.2070279
v 0.1045503 0.6454497 0.2070279
v 0.1050000 0.6050000 0.2500000
v 0.1050000 0.6450000 0.2500000
v 0.0870000 0.6630000 0.1630000
v 0.0994322 0.6505678 0.1832059
v 0.1505678 0.6505678 0.1832059
v 0.1630000 0.6630000 0.1630000
v 0.1045503 0.6454497 0.2070279
v 0.1454497 0.6454497 0.2070279
v 0.1050000 0.6450000 0.2500000
v 0.1450000 0.6450000 0.2500000
v 0.0870000 0.5870000 0.1630000
v 0.1630000 0.5870000 0.1630000
v 0.1505678 0.5994322 0.1832059
v 0.0994322 0.5994322 0.1832059
v 0.1454497 0.6045503 0.2070279
v 0.1045503 0.6045503 0.2070279
v 0.1450000 0.6050000 0.2500000
v 0.1050000 0.6050000 0.2500000
v 0.1450000 0.6050000 0.0000000
v 0.1050000 0.6050000 0.0000000
v 0.1050000 0.6450000 0.0000000
v 0.1450000 0.6450000 0.0000000
v 0.1630000 0.5870000 0.0870000
v 0.1630000 0.6630000 0.0870000
v 0.0870000 0.6630000 0.0870000
v 0.0870000 0.5870000 0.0870000
v 0.1450000 0.6050000 0.0000000
v 0.1450000 0.6450000 0.0000000
v 0.1454503 0.6454503 0.0429779
v 0.1454503 0.6045497 0.0429779
v 0.1505698 0.6505697 0.0667996
v 0.1505698 0.5994303 0.0667996
v 0.1630000 0.6630000 0.0870000
v 0.1630000 0.5870000 0.0870000
v 0.1050000 0.6050000 0.0000000
v 0.1045497 0.6045497 0.0429779
v 0.1045497 0.6454503 0.0429779
v 0.1050000 0.6450000 0.0000000
v 0.0994303 0.5994303 0.0667996
v 0.0994303 0.6505697 0.0667996
v 0.0870000 0.5870000 0.0870000
v 0.0870000 0.6630000 0.0870000
v 0.1050000 0.6450000 0.0000000
v 0.1045497 0.6454503 0.0429779
v 0.1454503 0.6454503 0.0429779
v 0.1450000 0.6450000 0.0000000
v 0.0994303 0.6505697 0.0667996
v 0.1505698 0.6505697 0.0667996
v 0.0870000 0.6630000 0.0870000
v 0.1630000 0.6630000 0.0870000
v 0.1050000 0.6050000 0.0000000
v 0.1450000 0.6050000 0.0000000
v 0.1454503 0.6045497 0.0429779
v 0.1045497 0.6045497 0.0429779
v 0.1505698 0.5994303 0.0667996
v 0.0994303 0.5994303 0.0667996
v 0.1630000 0.5870000 0.0870000
v 0.0870000 0.5870000 0.0870000
v 0.1450000 0.7500000 0.1050000
v 0.1050000 0.7500000 0.1050000
v 0.1050000 0.7500000 0.1450000
v 0.1450000 0.7500000 0.1450000
v 0.1630000 0.6630000 0.0870000
v 0.1630000 0.6630000 0.1630000
v 0.0870000 0.6630000 0.1630000
v 0.0870000 0.6630000 0.0870000
v 0.1450000 0.7500000 0.1050000
v 0.1450000 0.7500000 0.1450000
v 0.1454503 0.7070221 0.1454503
v 0.1454503 0.7070221 0.1045497
v 0.1505698 0.6832004 0.1505698
v 0.1505698 0.6832004 0.0994303
v 0.1630000 0.6630000 0.1630000
v 0.1630000 0.6630000 0.0870000
v 0.1050000 0.7500000 0.1050000
v 0.1045497 0.7070221 0.1045497
v 0.1045497 0.7070221 0.1454503
v 0.1050000 0.7500000 0.1450000
v 0.0994303 0.6832004 0.0994303
v 0.0994303 0.6832004 0.1505698
v 0.0870000 0.6630000 0.0870000
v 0.0870000 0.6630000 0.1630000
v 0.1050000 0.7500000 0.1450000
v 0.1045497 0.7070221 0.1454503
v 0.1454503 0.7070221 0.1454503
v 0.1450000 0.7500000 0.1450000
v 0.0994303 0.6832004 0.1505698
v 0.1505698 0.6832004 0.1505698
v 0.1050000 0.7500000 0.1050000
v 0.1450000 0.7500000 0.1050000
v 0.1454503 0.7070221 0.1045497
v 0.1045497 0.7070221 0.1045497
v 0.1505698 0.6832004 0.0994303
v 0.0994303 0.6832004 0.0994303
v 0.1630000 0.5870000 0.0870000
v 0.0870000 0.5870000 0.0870000
v 0.0870000 0.5870000 0.1630000
v 0.1630000 0.5870000 0.1630000
v 0.1450000 0.5000000 0.1050000
v 0.1450000 0.5000000 0.1450000
v 0.1050000 0.5000000 0.1450000
v 0.1050000 0.5000000 0.1050000
v 0.1630000 0.5870000 0.0870000
v 0.1630000 0.5870000 0.1630000
v 0.1505678 0.5667942 0.1505678
v 0.1505678 0.5667942 0.0994322
v 0.1454497 0.5429721 0.1454497
v 0.1454497 0.5429721 0.1045503
v 0.1450000 0.5000000 0.1450000
v 0.1450000 0.5000000 0.1050000
v 0.0870000 0.5870000 0.0870000
v 0.0994322 0.5667942 0.0994322
v 0.0994322 0.5667942 0.1505678
v 0.0870000 0.5870000 0.1630000
v 0.1045503 0.5429721 0.1045503
v 0.1045503 0.5429721 0.1454497
v 0.1050000 0.5000000 0.1050000
v 0.1050000 0.5000000 0.1450000
v 0.0994322 0.5667942 0.1505678
v 0.1505678 0.5667942 0.1505678
v 0.1045503 0.5429721 0.1454497
v 0.1454497 0.5429721 0.1454497
v 0.1050000 0.5000000 0.1450000
v 0.1450000 0.5000000 0.1450000
v 0.1505678 0.5667942 0.0994322
v 0.0994322 0.5667942 0.0994322
v 0.1454497 0.5429721 0.1045503
v 0.1045503 0.5429721 0.1045503
v 0.1450000 0.5000000 0.1050000
v 0.1050000 0.5000000 0.1050000
v 0.1630000 0.6630000 0.0870000
v 0.1630000 0.5870000 0.0870000
v 0.1630000 0.5870000 0.1630000
v 0.1630000 0.6630000 0.1630000
v 0.2500000 0.6450000 0.1050000
v 0.2500000 0.6450000 0.1450000
v 0.2500000 0.6050000 0.1450000
v 0.2500000 0.6050000 0.1050000
v 0.1832059 0.6505678 0.1505678
v 0.1832059 0.6505678 0.0994322
v 0.2070279 0.6454497 0.1454497
v 0.2070279 0.6454497 0.1045503
v 0.2500000 0.6450000 0.1450000
v 0.2500000 0.6450000 0.1050000
v 0.1832059 0.5994322 0.0994322
v 0.1832059 0.5994322 0.1505678
v 0.2070279 0.6045503 0.1045503
v 0.2070279 0.6045503 0.1454497
v 0.2500000 0.6050000 0.1050000
v 0.2500000 0.6050000 0.1450000
v 0.1832059 0.5994322 0.1505678
v 0.1832059 0.6505678 0.1505678
v 0.2070279 0.6045503 0.1454497
v 0.2070279 0.6454497 0.1454497
v 0.2500000 0.6050000 0.1450000
v 0.2500000 0.6450000 0.1450000
v 0.1832059 0.6505678 0.0994322
v 0.1832059 0.5994322 0.0994322
v 0.2070279 0.6454497 0.1045503
v 0.2070279 0.6045503 0.1045503
v 0.2500000 0.6450000 0.1050000
v 0.2500000 0.6050000 0.1050000
v 0.0000000 0.6450000 0.1050000
v 0.0000000 0.6050000 0.1050000
v 0.0000000 0.6050000 0.1450000
v 0.0000000 0.6450000 0.1450000
v 0.0870000 0.6630000 0.0870000
v 0.0870000 0.6630000 0.1630000
v 0.0870000 0.5870000 0.1630000
v 0.0870000 0.5870000 0.0870000
v 0.0000000 0.6450000 0.1050000
v 0.0000000 0.6450000 0.1450000
v 0.0429779 0.6454503 0.1454503
v 0.0429779 0.6454503 0.1045497
v 0.0667996 0.6505697 0.1505698
v 0.0667996 0.6505697 0.0994303
v 0.0000000 0.6050000 0.1050000
v 0.0429779 0.6045497 0.1045497
v 0.0429779 0.6045497 0.1454503
v 0.0000000 0.6050000 0.1450000
v 0.0667996 0.5994303 0.0994303
v 0.0667996 0.5994303 0.1505698
v 0.0000000 0.6050000 0.1450000
v 0.0429779 0.6045497 0.1454503
v 0.0429779 0.6454503 0.1454503
v 0.0000000 0.6450000 0.1450000
v 0.0667996 0.5994303 0.1505698
v 0.0667996 0.6505697 0.1505698
v 0.0000000 0.6050000 0.1050000
v 0.0000000 0.6450000 0.1050000
v 0.0429779 0.6454503 0.1045497
v 0.0429779 0.6045497 0.1045497
v 0.0667996 0.6505697 0.0994303
v 0.0667996 0.5994303 0.0994303
v 0.0870000 0.6630000 0.0870000
v 0.0870000 0.5870000 0.0870000
v 0.0870000 0.5870000 0.1630000
v 0.0870000 0.6630000 0.1630000
v 0.1630000 0.6630000 0.0870000
v 0.1630000 0.6630000 0.1630000
v 0.1630000 0.5870000 0.1630000
v 0.1630000 0.5870000 0.0870000
v 0.0870000 0.6630000 0.0870000
v 0.0870000 0.6630000 0.1630000
v 0.1630000 0.6630000 0.1630000
v 0.1630000 0.6630000 0.0870000
v 0.0870000 0.5870000 0.0870000
v 0.1630000 0.5870000 0.0870000
v 0.1630000 0.5870000 0.1630000
v 0.0870000 0.5870000 0.1630000
v 0.0870000 0.5870000 0.1630000
v 0.1630000 0.5870000 0.1630000
v 0.1630000 0.6630000 0.1630000
v 0.0870000 0.6630000 0.1630000
v 0.0870000 0.5870000 0.0870000
v 0.0870000 0.6630000 0.0870000
v 0.1630000 0.6630000 0.0870000
v 0.1630000 0.5870000 0.0870000
v 0.4130000 0.5870000 0.1630000
v 0.3370000 0.5870000 0.1630000
v 0.3370000 0.6630000 0.1630000
v 0.4130000 0.6630000 0.1630000
v 0.3950000 0.6050000 0.2500000
v 0.3950000 0.6450000 0.2500000
v 0.3550000 0.6450000 0.2500000
v 0.3550000 0.6050000 0.2500000
v 0.4130000 0.5870000 0.1630000
v 0.4130000 0.6630000 0.1630000
v 0.4005677 0.6505678 0.1832059
v 0.4005677 0.5994322 0.1832059
v 0.3954497 0.6454497 0.2070279
v 0.3954497 0.6045503 0.2070279
v 0.3950000 0.6450000 0.2500000
v 0.3950000 0.6050000 0.2500000
v 0.3370000 0.5870000 0.1630000
v 0.3494323 0.5994322 0.1832059
v 0.3494323 0.6505678 0.1832059
v 0.3370000 0.6630000 0.1630000
v 0.3545503 0.6045503 0.2070279
v 0.3545503 0.6454497 0.2070279
v 0.3550000 0.6050000 0.2500000
v 0.3550000 0.6450000 0.2500000
v 0.3370000 0.6630000 0.1630000
v 0.3494323 0.6505678 0.1832059
v 0.4005677 0.6505678 0.1832059
v 0.4130000 0.6630000 0.1630000
v 0.3545503 0.6454497 0.2070279
v 0.3954497 0.6454497 0.2070279
v 0.3550000 0.6450000 0.2500000
v 0.3950000 0.6450000 0.2500000
v 0.3370000 0.5870000 0.1630000
v 0.4130000 0.5870000 0.1630000
v 0.4005677 0.5994322 0.1832059
v 0.3494323 0.5994322 0.1832059
v 0.3954497 0.6045503 0.2070279
v 0.3545503 0.6045503 0.2070279
v 0.3950000 0.6050000 0.2500000
v 0.3550000 0.6050000 0.2500000
v 0.3950000 0.6050000 0.0000000
v 0.3550000 0.6050000 0.0000000
v 0.3550000 0.6450000 0.0000000
v 0.3950000 0.6450000 0.0000000
v 0.4130000 0.5870000 0.0870000
v 0.4130000 0.6630000 0.0870000
v 0.3370000 0.6630000 0.0870000
v 0.3370000 0.5870000 0.0870000
v 0.3950000 0.6050000 0.0000000
v 0.3950000 0.6450000 0.0000000
v 0.3954503 0.6454503 0.0429779
v 0.3954503 0.6045497 0.0429779
v 0.4005697 0.6505697 0.0667996
v 0.4005697 0.5994303 0.0667996
v 0.4130000 0.6630000 0.0870000
v 0.4130000 0.5870000 0.0870000
v 0.3550000 0.6050000 0.0000000
v 0.3545497 0.6045497 0.0429779
v 0.3545497 0.6454503 0.0429779
v 0.3550000 0.6450000 0.0000000
v 0.3494303 0.5994303 0.0667996
v 0.3494303 0.6505697 0.0667996
v 0.3370000 0.5870000 0.0870000
v 0.3370000 0.6630000 0.0870000
v 0.3550000 0.6450000 0.0000000
v 0.3545497 0.6454503 0.0429779
v 0.3954503 0.6454503 0.0429779
v 0.3950000 0.6450000 0.0000000
v 0.3494303 0.6505697 0.0667996
v 0.4005697 0.6505697 0.0667996
v 0.3370000 0.6630000 0.0870000
v 0.4130000 0.6630000 0.0870000
v 0.3550000 0.6050000 0.0000000
v 0.3950000 0.6050000 0.0000000
v 0.3954503 0.6045497 0.0429779
v 0.3545497 0.6045497 0.0429779
v 0.4005697 0.5994303 0.0667996
v 0.3494303 0.5994303 0.0667996
v 0.4130000 0.5870000 0.0870000
v 0.3370000 0.5870000 0.0870000
v 0.3950000 0.7500000 0.1050000
v 0.3550000 0.7500000 0.1050000
v 0.3550000 0.7500000 0.1450000
v 0.3950000 0.7500000 0.1450000
v 0.4130000 0.6630000 0.0870000
v 0.4130000 0.6630000 0.1630000
v 0.3370000 0.6630000 0.1630000
v 0.3370000 0.6630000 0.0870000
v 0.3950000 0.7500000 0.1050000
v 0.3950000 0.7500000 0.1450000
v 0.3954503 0.7070221 0.1454503
v 0.3954503 0.7070221 0.1045497
v 0.4005697 0.6832004 0.1505698
v 0.4005697 0.6832004 0.0994303
v 0.4130000 0.6630000 0.1630000
v 0.4130000 0.6630000 0.0870000
v 0.3550000 0.7500000 0.1050000
v 0.3545497 0.7070221 0.1045497
v 0.3545497 0.7070221 0.1454503
v 0.3550000 0.7500000 0.1450000
v 0.3494303 0.6832004 0.0994303
v 0.3494303 0.6832004 0.1505698
v 0.3370000 0.6630000 0.0870000
v 0.3370000 0.6630000 0.1630000
v 0.3550000 0.7500000 0.1450000
v 0.3545497 0.7070221 0.1454503
v 0.3954503 0.7070221 0.1454503
v 0.3950000 0.7500000 0.1450000
v 0.3494303 0.6832004 0.1505698
v 0.4005697 0.6832004 0.1505698
v 0.3550000 0.7500000 0.1050000
v 0.3950000 0.7500000 0.1050000
v 0.3954503 0.7070221 0.1045497
v 0.3545497 0.7070221 0.1045497
v 0.4005697 0.6832004 0.0994303
v 0.3494303 0.6832004 0.0994303
v 0.4130000 0.5870000 0.0870000
v 0.3370000 0.5870000 0.0870000
v 0.3370000 0.5870000 0.1630000
v 0.4130000 0.5870000 0.1630000
v 0.3950000 0.5000000 0.1050000
v 0.3950000 0.5000000 0.1450000
v 0.3550000 0.5000000 0.1450000
v 0.3550000 0.5000000 0.1050000
v 0.4130000 0.5870000 0.0870000
v 0.4130000 0.5870000 0.1630000
v 0.4005677 0.5667942 0.1505678
v 0.4005677 0.5667942 0.0994322
v 0.3954497 0.5429721 0.1454497
v 0.3954497 0.5429721 0.1045503
v 0.3950000 0.5000000 0.1450000
v 0.3950000 0.5000000 0.1050000
v 0.3370000 0.5870000 0.0870000
v 0.3494323 0.5667942 0.0994322
v 0.3494323 0.5667942 0.1505678
v 0.3370000 0.5870000 0.1630000
v 0.3545503 0.5429721 0.1045503
v 0.3545503 0.5429721 0.1454497
v 0.3550000 0.5000000 0.1050000
v 0.3550000 0.5000000 0.1450000
v 0.3494323 0.5667942 0.1505678
v 0.4005677 0.5667942 0.1505678
v 0.3545503 0.5429721 0.1454497
v 0.3954497 0.5429721 0.1454497
v 0.3550000 0.5000000 0.1450000
v 0.3950000 0.5000000 0.1450000
v 0.4005677 0.5667942 0.0994322
v 0.3494323 0.5667942 0.0994322
v 0.3954497 0.5429721 0.1045503
v 0.3545503 0.5429721 0.1045503
v 0.3950000 0.5000000 0.1050000
v 0.3550000 0.5000000 0.1050000
v 0.4130000 0.6630000 0.0870000
v 0.4130000 0.5870000 0.0870000
v 0.4130000 0.5870000 0.1630000
v 0.4130000 0.6630000 0.1630000
v 0.5000000 0.6450000 0.1050000
v 0.5000000 0.6450000 0.1450000
v 0.5000000 0.6050000 0.1450000
v 0.5000000 0.6050000 0.1050000
v 0.4332058 0.6505678 0.1505678
v 0.4332058 0.6505678 0.0994322
v 0.4570279 0.6454497 0.1454497
v 0.4570279 0.6454497 0.1045503
v 0.5000000 0.6450000 0.1450000
v 0.5000000 0.6450000 0.1050000
v 0.4332058 0.5994322 0.0994322
v 0.4332058 0.5994322 0.1505678
v 0.4570279 0.6045503 0.1045503
v 0.4570279 0.6045503 0.1454497
v 0.5000000 0.6050000 0.1050000
v 0.5000000 0.6050000 0.1450000
v 0.4332058 0.5994322 0.1505678
v 0.4332058 0.6505678 0.1505678
v 0.4570279 0.6045503 0.1454497
v 0.4570279 0.6454497 0.1454497
v 0.5000000 0.6050000 0.1450000
v 0.5000000 0.6450000 0.1450000
v 0.4332058 0.6505678 0.0994322
v 0.4332058 0.5994322 0.0994322
v 0.4570279 0.6454497 0.1045503
v 0.4570279 0.6045503 0.1045503
v 0.5000000 0.6450000 0.1050000
v 0.5000000 0.6050000 0.1050000
v 0.2500000 0.6450000 0.1050000
v 0.2500000 0.6050000 0.1050000
v 0.2500000 0.6050000 0.1450000
v 0.2500000 0.6450000 0.1450000
v 0.3370000 0.6630000 0.0870000
v 0.3370000 0.6630000 0.1630000
v 0.3370000 0.5870000 0.1630000
v 0.3370000 0.5870000 0.0870000
v 0.2500000 0.6450000 0.1050000
v 0.2500000 0.6450000 0.1450000
v 0.2929779 0.6454503 0.1454503
v 0.2929779 0.6454503 0.1045497
v 0.3167996 0.6505697 0.1505698
v 0.3167996 0.6505697 0.0994303
v 0.2500000 0.6050000 0.1050000
v 0.2929779 0.6045497 0.1045497
v 0.2929779 0.6045497 0.1454503
v 0.2500000 0.6050000 0.1450000
v 0.3167996 0.5994303 0.0994303
v 0.3167996 0.5994303 0.1505698
v 0.2500000 0.6050000 0.1450000
v 0.2929779 0.6045497 0.1454503
v 0.2929779 0.6454503 0.1454503
v 0.2500000 0.6450000 0.1450000
v 0.3167996 0.5994303 0.1505698
v 0.3167996 0.6505697 0.1505698
v 0.2500000 0.6050000 0.1050000
v 0.2500000 0.6450000 0.1050000
v 0.2929779 0.6454503 0.1045497
v 0.2929779 0.6045497 0.1045497
v 0.3167996 0.6505697 0.0994303
v 0.3167996 0.5994303 0.0994303
v 0.3370000 0.6630000 0.0870000
v 0.3370000 0.5870000 0.0870000
v 0.3370000 0.5870000 0.1630000
v 0.3370000 0.6630000 0.1630000
v 0.4130000 0.6630000 0.0870000
v 0.4130000 0.6630000 0.1630000
v 0.4130000 0.5870000 0.1630000
v 0.4130000 0.5870000 0.0870000
v 0.3370000 0.6630000 0.0870000
v 0.3370000 0.6630000 0.1630000
v 0.4130000 0.6630000 0.1630000
v 0.4130000 0.6630000 0.0870000
v 0.3370000 0.5870000 0.0870000
v 0.4130000 0.5870000 0.0870000
v 0.4130000 0.5870000 0.1630000
v 0.3370000 0.5870000 0.1630000
v 0.3370000 0.5870000 0.1630000
v 0.4130000 0.5870000 0.1630000
v 0.4130000 0.6630000 0.1630000
v 0.3370000 0.6630000 0.1630000
v 0.3370000 0.5870000 0.0870000
v 0.3370000 0.6630000 0.0870000
v 0.4130000 0.6630000 0.0870000
v 0.4130000 0.5870000 0.0870000
v 0.6630000 0.5870000 0.1630000
v 0.5870000 0.5870000 0.1630000
v 0.5870000 0.6630000 0.1630000
v 0.6630000 0.6630000 0.1630000
v 0.6450000 0.6050000 0.2500000
v 0.6450000 0.6450000 0.2500000
v 0.6050000 0.6450000 0.2500000
v 0.6050000 0.6050000 0.2500000
v 0.6630000 0.5870000 0.1630000
v 0.6630000 0.6630000 0.1630000
v 0.6505678 0.6505678 0.1832059
v 0.6505678 0.5994322 0.1832059
v 0.6454497 0.6454497 0.2070279
v 0.6454497 0.6045503 0.2070279
v 0.6450000 0.6450000 0.2500000
v 0.6450000 0.6050000 0.2500000
v 0.5870000 0.5870000 0.1630000
v 0.5994322 0.5994322 0.1832059
v 0.5994322 0.6505678 0.1832059
v 0.5870000 0.6630000 0.1630000
v 0.6045503 0.6045503 0.2070279
v 0.6045503 0.6454497 0.2070279
v 0.6050000 0.6050000 0.2500000
v 0.6050000 0.6450000 0.2500000
v 0.5870000 0.6630000 0.1630000
v 0.5994322 0.6505678 0.1832059
v 0.6505678 0.6505678 0.1832059
v 0.6630000 0.6630000 0.1630000
v 0.6045503 0.6454497 0.2070279
v 0.6454497 0.6454497 0.2070279
v 0.6050000 0.6450000 0.2500000
v 0.6450000 0.6450000 0.2500000
v 0.5870000 0.5870000 0.1630000
v 0.6630000 0.5870000 0.1630000
v 0.6505678 0.5994322 0.1832059
v 0.5994322 0.5994322 0.1832059
v 0.6454497 0.6045503 0.2070279
v 0.6045503 0.6045503 0.2070279
v 0.6450000 0.6050000 0.2500000
v 0.6050000 0.6050000 0.2500000
v 0.6450000 0.6050000 0.0000000
v 0.6050000 0.6050000 0.0000000
v 0.6050000 0.6450000 0.0000000
v 0.6450000 0.6450000 0.0000000
v 0.6630000 0.5870000 0.0870000
v 0.6630000 0.6630000 0.0870000
v 0.5870000 0.6630000 0.0870000
v 0.5870000 0.5870000 0.0870000
v 0.6450000 0.6050000 0.0000000
v 0.6450000 0.6450000 0.0000000
v 0.6454503 0.6454503 0.0429779
v 0.6454503 0.6045497 0.0429779
v 0.6505697 0.6505697 0.0667996
v 0.6505697 0.5994303 0.0667996
v 0.6630000 0.6630000 0.0870000
v 0.6630000 0.5870000 0.0870000
v 0.6050000 0.6050000 0.0000000
v 0.6045497 0.6045497 0.0429779
v 0.6045497 0.6454503 0.0429779
v 0.6050000 0.6450000 0.0000000
v 0.5994303 0.5994303 0.0667996
v 0.5994303 0.6505697 0.0667996
v 0.5870000 0.5870000 0.0870000
v 0.5870000 0.6630000 0.0870000
v 0.6050000 0.6450000 0.0000000
v 0.6045497 0.6454503 0.0429779
v 0.6454503 0.6454503 0.0429779
v 0.6450000 0.6450000 0.0000000
v 0.5994303 0.6505697 0.0667996
v 0.6505697 0.6505697 0.0667996
v 0.5870000 0.6630000 0.0870000
v 0.6630000 0.6630000 0.0870000
v 0.6050000 0.6050000 0.0000000
v 0.6450000 0.6050000 0.0000000
v 0.6454503 0.6045497 0.0429779
v 0.6045497 0.6045497 0.0429779
v 0.6505697 0.5994303 0.0667996
v 0.5994303 0.5994303 0.0667996
v 0.6630000 0.5870000 0.0870000
v 0.5870000 0.5870000 0.0870000
v 0.6450000 0.7500000 0.1050000
v 0.6050000 0.7500000 0.1050000
v 0.6050000 0.7500000 0.1450000
v 0.6450000 0.7500000 0.1450000
v 0.6630000 0.6630000 0.0870000
v 0.6630000 0.6630000 0.1630000
v 0.5870000 0.6630000 0.1630000
v 0.5870000 0.6630000 0.0870000
v 0.6450000 0.7500000 0.1050000
v 0.6450000 0.7500000 0.1450000
v 0.6454503 0.7070221 0.1454503
v 0.6454503 0.7070221 0.1045497
v 0.6505697 0.6832004 0.1505698
v 0.6505697 0.6832004 0.0994303
v 0.6630000 0.6630000 0.1630000
v 0.6630000 0.6630000 0.0870000
v 0.6050000 0.7500000 0.1050000
v 0.6045497 0.7070221 0.1045497
v 0.6045497 0.7070221 0.1454503
v 0.6050000 0.7500000 0.1450000
v 0.5994303 0.6832004 0.0994303
v 0.5994303 0.6832004 0.1505698
v 0.5870000 0.6630000 0.0870000
v 0.5870000 0.6630000 0.1630000
v 0.6050000 0.7500000 0.1450000
v 0.6045497 0.7070221 0.1454503
v 0.6454503 0.7070221 0.1454503
v 0.6450000 0.7500000 0.1450000
v 0.5994303 0.6832004 0.1505698
v 0.6505697 0.6832004 0.1505698
v 0.6050000 0.7500000 0.1050000
v 0.6450000 0.7500000 0.1050000
v 0.6454503 0.7070221 0.1045497
v 0.6045497 0.7070221 0.1045497
v 0.6505697 0.6832004 0.0994303
v 0.5994303 0.6832004 0.0994303
v 0.6630000 0.5870000 0.0870000
v 0.5870000 0.5870000 0.0870000
v 0.5870000 0.5870000 0.1630000
v 0.6630000 0.5870000 0.1630000
v 0.6450000 0.5000000 0.1050000
v 0.6450000 0.5000000 0.1450000
v 0.6050000 0.5000000 0.1450000
v 0.6050000 0.5000000 0.1050000
v 0.6630000 0.5870000 0.0870000
v 0.6630000 0.5870000 0.1630000
v 0.6505678 0.5667942 0.1505678
v 0.6505678 0.5667942 0.0994322
v 0.6454497 0.5429721 0.1454497
v 0.6454497 0.5429721 0.1045503
v 0.6450000 0.5000000 0.1450000
v 0.6450000 0.5000000 0.1050000
v 0.5870000 0.5870000 0.0870000
v 0.5994322 0.5667942 0.0994322
v 0.5994322 0.5667942 0.1505678
v 0.5870000 0.5870000 0.1630000
v 0.6045503 0.5429721 0.1045503
v 0.6045503 0.5429721 0.1454497
v 0.6050000 0.5000000 0.1050000
v 0.6050000 0.5000000 0.1450000
v 0.5994322 0.5667942 0.1505678
v 0.6505678 0.5667942 0.1505678
v 0.6045503 0.5429721 0.1454497
v 0.6454497 0.5429721 0.1454497
v 0.6050000 0.5000000 0.1450000
v 0.6450000 0.5000000 0.1450000
v 0.6505678 0.5667942 0.0994322
v 0.5994322 0.5667942 0.0994322
v 0.6454497 0.5429721 0.1045503
v 0.6045503 0.5429721 0.1045503
v 0.6450000 0.5000000 0.1050000
v 0.6050000 0.5000000 0.1050000
v 0.6630000 0.6630000 0.0870000
v 0.6630000 0.5870000 0.0870000
v 0.6630000 0.5870000 0.1630000
v 0.6630000 0.6630000 0.1630000
v 0.7500000 0.6450000 0.1050000
v 0.7500000 0.6450000 0.1450000
v 0.7500000 0.6050000 0.1450000
v 0.7500000 0.6050000 0.1050000
v 0.6832058 0.6505678 0.1505678
v 0.6832058 0.6505678 0.0994322
v 0.7070279 0.6454497 0.1454497
v 0.7070279 0.6454497 0.1045503
v 0.7500000 0.6450000 0.1450000
v 0.7500000 0.6450000 0.1050000
v 0.6832058 0.5994322 0.0994322
v 0.6832058 0.5994322 0.1505678
v 0.7070279 0.6045503 0.1045503
v 0.7070279 0.6045503 0.1454497
v 0.7500000 0.6050000 0.1050000
v 0.7500000 0.6050000 0.1450000
v 0.6832058 0.5994322 0.1505678
v 0.6832058 0.6505678 0.1505678
v 0.7070279 0.6045503 0.1454497
v 0.7070279 0.6454497 0.1454497
v 0.7500000 0.6050000 0.1450000
v 0.7500000 0.6450000 0.1450000
v 0.6832058 0.6505678 0.0994322
v 0.6832058 0.5994322 0.0994322
v 0.7070279 0.6454497 0.1045503
v 0.7070279 0.6045503 0.1045503
v 0.7500000 0.6450000 0.1050000
v 0.7500000 0.6050000 0.1050000
v 0.5000000 0.6450000 0.1050000
v 0.5000000 0.6050000 0.1050000
v 0.5000000 0.6050000 0.1450000
v 0.5000000 0.6450000 0.1450000
v 0.5870000 0.6630000 0.0870000
v 0.5870000 0.6630000 0.1630000
v 0.5870000 0.5870000 0.1630000
v 0.5870000 0.5870000 0.0870000
v 0.5000000 0.6450000 0.1050000
v 0.5000000 0.6450000 0.1450000
v 0.5429779 0.6454503 0.1454503
v 0.5429779 0.6454503 0.1045497
v 0.5667996 0.6505697 0.1505698
v 0.5667996 0.6505697 0.0994303
v 0.5000000 0.6050000 0.1050000
v 0.5429779 0.6045497 0.1045497
v 0.5429779 0.6045497 0.1454503
v 0.5000000 0.6050000 0.1450000
v 0.5667996 0.5994303 0.0994303
v 0.5667996 0.5994303 0.1505698
v 0.5000000 0.6050000 0.1450000
v 0.5429779 0.6045497 0.1454503
v 0.5429779 0.6454503 0.1454503
v 0.5000000 0.6450000 0.1450000
v 0.5667996 0.5994303 0.1505698
v 0.5667996 0.6505697 0.1505698
v 0.5000000 0.6050000 0.1050000
v 0.5000000 0.6450000 0.1050000
v 0.5429779 0.6454503 0.1045497
v 0.5429779 0.6045497 0.1045497
v 0.5667996 0.6505697 0.0994303
v 0.5667996 0.5994303 0.0994303
v 0.5870000 0.6630000 0.0870000
v 0.5870000 0.5870000 0.0870000
v 0.5870000 0.5870000 0.1630000
v 0.5870000 0.6630000 0.1630000
v 0.6630000 0.6630000 0.0870000
v 0.6630000 0.6630000 0.1630000
v 0.6630000 0.5870000 0.1630000
v 0.6630000 0.5870000 0.0870000
v 0.5870000 0.6630000 0.0870000
v 0.5870000 0.6630000 0.1630000
v 0.6630000 0.6630000 0.1630000
v 0.6630000 0.6630000 0.0870000
v 0.5870000 0.5870000 0.0870000
v 0.6630000 0.5870000 0.0870000
v 0.6630000 0.5870000 0.1630000
v 0.5870000 0.5870000 0.1630000
v 0.5870000 0.5870000 0.1630000
v 0.6630000 0.5870000 0.1630000
v 0.6630000 0.6630000 0.1630000
v 0.5870000 0.6630000 0.1630000
v 0.5870000 0.5870000 0.0870000
v 0.5870000 0.6630000 0.0870000
v 0.6630000 0.6630000 0.0870000
v 0.6630000 0.5870000 0.0870000
v 0.9130000 0.5870000 0.1630000
v 0.8370000 0.5870000 0.1630000
v 0.8370000 0.6630000 0.1630000
v 0.9130000 0.6630000 0.1630000
v 0.8950000 0.6050000 0.2500000
v 0.8950000 0.6450000 0.2500000
v 0.8550000 0.6450000 0.2500000
v 0.8550000 0.6050000 0.2500000
v 0.9130000 0.5870000 0.1630000
v 0.9130000 0.6630000 0.1630000
v 0.9005678 0.6505678 0.1832059
v 0.9005678 0.5994322 0.1832059
v 0.8954497 0.6454497 0.2070279
v 0.8954497 0.6045503 0.2070279
v 0.8950000 0.6450000 0.2500000
v 0.8950000 0.6050000 0.2500000
v 0.8370000 0.5870000 0.1630000
v 0.8494322 0.5994322 0.1832059
v 0.8494322 0.6505678 0.1832059
v 0.8370000 0.6630000 0.1630000
v 0.8545503 0.6045503 0.2070279
v 0.8545503 0.6454497 0.2070279
v 0.8550000 0.6050000 0.2500000
v 0.8550000 0.6450000 0.2500000
v 0.8370000 0.6630000 0.1630000
v 0.8494322 0.6505678 0.1832059
v 0.9005678 0.6505678 0.1832059
v 0.9130000 0.6630000 0.1630000
v 0.8545503 0.6454497 0.2070279
v 0.8954497 0.6454497 0.2070279
v 0.8550000 0.6450000 0.2500000
v 0.8950000 0.6450000 0.2500000
v 0.8370000 0.5870000 0.1630000
v 0.9130000 0.5870000 0.1630000
v 0.9005678 0.5994322 0.1832059
v 0.8494322 0.5994322 0.1832059
v 0.8954497 0.6045503 0.2070279
v 0.8545503 0.6045503 0.2070279
v 0.8950000 0.6050000 0.2500000
v 0.8550000 0.6050000 0.2500000
v 0.8950000 0.6050000 0.0000000
v 0.8550000 0.6050000 0.0000000
v 0.8550000 0.6450000 0.0000000
v 0.8950000 0.6450000 0.0000000
v 0.9130000 0.5870000 0.0870000
v 0.9130000 0.6630000 0.0870000
v 0.8370000 0.6630000 0.0870000
v 0.8370000 0.5870000 0.0870000
v 0.8950000 0.6050000 0.0000000
v 0.8950000 0.6450000 0.0000000
v 0.8954503 0.6454503 0.0429779
v 0.8954503 0.6045497 0.0429779
v 0.9005697 0.6505697 0.0667996
v 0.9005697 0.5994303 0.0667996
v 0.9130000 0.6630000 0.0870000
v 0.9130000 0.5870000 0.0870000
v 0.8550000 0.6050000 0.0000000
v 0.8545497 0.6045497 0.0429779
v 0.8545497 0.6454503 0.0429779
v 0.8550000 0.6450000 0.0000000
v 0.8494303 0.5994303 0.0667996
v 0.8494303 0.6505697 0.0667996
v 0.8370000 0.5870000 0.0870000
v 0.8370000 0.6630000 0.0870000
v 0.8550000 0.6450000 0.0000000
v 0.8545497 0.6454503 0.0429779
v 0.8954503 0.6454503 0.0429779
v 0.8950000 0.6450000 0.0000000
v 0.8494303 0.6505697 0.0667996
v 0.9005697 0.6505697 0.0667996
v 0.8370000 0.6630000 0.0870000
v 0.9130000 0.6630000 0.0870000
v 0.8550000 0.6050000 0.0000000
v 0.8950000 0.6050000 0.0000000
v 0.8954503 0.6045497 0.0429779
v 0.8545497 0.6045497 0.0429779
v 0.9005697 0.5994303 0.0667996
v 0.8494303 0.5994303 0.0667996
v 0.9130000 0.5870000 0.0870000
v 0.8370000 0.5870000 0.0870000
v 0.8950000 0.7500000 0.1050000
v 0.8550000 0.7500000 0.1050000
v 0.8550000 0.7500000 0.1450000
v 0.8950000 0.7500000 0.1450000
v 0.9130000 0.6630000 0.0870000
v 0.9130000 0.6630000 0.1630000
v 0.8370000 0.6630000 0.1630000
v 0.8370000 0.6630000 0.0870000
v 0.8950000 0.7500000 0.1050000
v 0.8950000 0.7500000 0.1450000
v 0.8954503 0.7070221 0.1454503
v 0.8954503 0.7070221 0.1045497
v 0.9005697 0.6832004 0.1505698
v 0.9005697 0.6832004 0.0994303
v 0.9130000 0.6630000 0.1630000
v 0.9130000 0.6630000 0.0870000
v 0.8550000 0.7500000 0.1050000
v 0.8545497 0.7070221 0.1045497
v 0.8545497 0.7070221 0.1454503
v 0.8550000 0.7500000 0.1450000
v 0.8494303 0.6832004 0.0994303
v 0.8494303 0.6832004 0.1505698
v 0.8370000 0.6630000 0.0870000
v 0.8370000 0.6630000 0.1630000
v 0.8550000 0.7500000 0.1450000
v 0.8545497 0.7070221 0.1454503
v 0.8954503 0.7070221 0.1454503
v 0.8950000 0.7500000 0.1450000
v 0.8494303 0.6832004 0.1505698
v 0.9005697 0.6832004 0.1505698
v 0.8550000 0.7500000 0.1050000
v 0.8950000 0.7500000 0.1050000
v 0.8954503 0.7070221 0.1045497
v 0.8545497 0.7070221 0.1045497
v 0.9005697 0.6832004 0.0994303
v 0.8494303 0.6832004 0.0994303
v 0.9130000 0.5870000 0.0870000
v 0.8370000 0.5870000 0.0870000
v 0.8370000 0.5870000 0.1630000
v 0.9130000 0.5870000 0.1630000
v 0.8950000 0.5000000 0.1050000
v 0.8950000 0.5000000 0.1450000
v 0.8550000 0.5000000 0.1450000
v 0.8550000 0.5000000 0.1050000
v 0.9130000 0.5870000 0.0870000
v 0.9130000 0.5870000 0.1630000
v 0.9005678 0.5667942 0.1505678
v 0.9005678 0.5667942 0.0994322
v 0.8954497 0.5429721 0.1454497
v 0.8954497 0.5429721 0.1045503
v 0.8950000 0.5000000 0.1450000
v 0.8950000 0.5000000 0.1050000
v 0.8370000 0.5870000 0.0870000
v 0.8494322 0.5667942 0.0994322
v 0.8494322 0.5667942 0.1505678
v 0.8370000 0.5870000 0.1630000
v 0.8545503 0.5429721 0.1045503
v 0.8545503 0.5429721 0.1454497
v 0.8550000 0.5000000 0.1050000
v 0.8550000 0.5000000 0.1450000
v 0.8494322 0.5667942 0.1505678
v 0.9005678 0.5667942 0.1505678
v 0.8545503 0.5429721 0.1454497
v 0.8954497 0.5429721 0.1454497
v 0.8550000 0.5000000 0.1450000
v 0.8950000 0.5000000 0.1450000
v 0.9005678 0.5667942 0.0994322
v 0.8494322 0.5667942 0.0994322
v 0.8954497 0.5429721 0.1045503
v 0.8545503 0.5429721 0.1045503
v 0.8950000 0.5000000 0.1050000
v 0.8550000 0.5000000 0.1050000
v 0.9130000 0.6630000 0.0870000
v 0.9130000 0.5870000 0.0870000
v 0.9130000 0.5870000 0.1630000
v 0.9130000 0.6630000 0.1630000
v 1.0000000 0.6450000 0.1050000
v 1.0000000 0.6450000 0.1450000
v 1.0000000 0.6050000 0.1450000
v 1.0000000 0.6050000 0.1050000
v 0.9332058 0.6505678 0.1505678
v 0.9332058 0.6505678 0.0994322
v 0.9570279 0.6454497 0.1454497
v 0.9570279 0.6454497 0.1045503
v 1.0000000 0.6450000 0.1450000
v 1.0000000 0.6450000 0.1050000
v 0.9332058 0.5994322 0.0994322
v 0.9332058 0.5994322 0.1505678
v 0.9570279 0.6045503 0.1045503
v 0.9570279 0.6045503 0.1454497
v 1.0000000 0.6050000 0.1050000
v 1.0000000 0.6050000 0.1450000
v 0.9332058 0.5994322 0.1505678
v 0.9332058 0.6505678 0.1505678
v 0.9570279 0.6045503 0.1454497
v 0.9570279 0.6454497 0.1454497
v 1.0000000 0.6050000 0.1450000
v 1.0000000 0.6450000 0.1450000
v 0.9332058 0.6505678 0.0994322
v 0.9332058 0.5994322 0.0994322
v 0.9570279 0.6454497 0.1045503
v 0.9570279 0.6045503 0.1045503
v 1.0000000 0.6450000 0.1050000
v 1.0000000 0.6050000 0.1050000
v 0.7500000 0.6450000 0.1050000
v 0.7500000 0.6050000 0.1050000
v 0.7500000 0.6050000 0.1450000
v 0.7500000 0.6450000 0.1450000
v 0.8370000 0.6630000 0.0870000
v 0.8370000 0.6630000 0.1630000
v 0.8370000 0.5870000 0.1630000
v 0.8370000 0.5870000 0.0870000
v 0.7500000 0.6450000 0.1050000
v 0.7500000 0.6450000 0.1450000
v 0.7929779 0.6454503 0.1454503
v 0.7929779 0.6454503 0.1045497
v 0.8167996 0.6505697 0.1505698
v 0.8167996 0.6505697 0.0994303
v 0.7500000 0.6050000 0.1050000
v 0.7929779 0.6045497 0.1045497
v 0.7929779 0.6045497 0.1454503
v 0.7500000 0.6050000 0.1450000
v 0.8167996 0.5994303 0.0994303
v 0.8167996 0.5994303 0.1505698
v 0.7500000 0.6050000 0.1450000
v 0.7929779 0.6045497 0.1454503
v 0.7929779 0.6454503 0.1454503
v 0.7500000 0.6450000 0.1450000
v 0.8167996 0.5994303 0.1505698
v 0.8167996 0.6505697 0.1505698
v 0.7500000 0.6050000 0.1050000
v 0.7500000 0.6450000 0.1050000
v 0.7929779 0.6454503 0.1045497
v 0.7929779 0.6045497 0.1045497
v 0.8167996 0.6505697 0.0994303
v 0.8167996 0.5994303 0.0994303
v 0.8370000 0.6630000 0.0870000
v 0.8370000 0.5870000 0.0870000
v 0.8370000 0.5870000 0.1630000
v 0.8370000 0.6630000 0.1630000
v 0.9130000 0.6630000 0.0870000
v 0.9130000 0.6630000 0.1630000
v 0.9130000 0.5870000 0.1630000
v 0.9130000 0.5870000 0.0870000
v 0.8370000 0.6630000 0.0870000
v 0.8370000 0.6630000 0.1630000
v 0.9130000 0.6630000 0.1630000
v 0.9130000 0.6630000 0.0870000
v 0.8370000 0.5870000 0.0870000
v 0.9130000 0.5870000 0.0870000
v 0.9130000 0.5870000 0.1630000
v 0.8370000 0.5870000 0.1630000
v 0.8370000 0.5870000 0.1630000
v 0.9130000 0.5870000 0.1630000
v 0.9130000 0.6630000 0.1630000
v 0.8370000 0.6630000 0.1630000
v 0.8370000 0.5870000 0.0870000
v 0.8370000 0.6630000 0.0870000
v 0.9130000 0.6630000 0.0870000
v 0.9130000 0.5870000 0.0870000
v 0.1630000 0.8370000 0.1630000
v 0.0870000 0.8370000 0.1630000
v 0.0870000 0.9130000 0.1630000
v 0.1630000 0.9130000 0.1630000
v 0.1450000 0.8550000 0.2500000
v 0.1450000 0.8950000 0.2500000
v 0.1050000 0.8950000 0.2500000
v 0.1050000 0.8550000 0.2500000
v 0.1630000 0.8370000 0.1630000
v 0.1630000 0.9130000 0.1630000
v 0.1505678 0.9005678 0.1832059
v 0.1505678 0.8494322 0.1832059
v 0.1454497 0.8954497 0.2070279
v 0.1454497 0.8545503 0.2070279
v 0.1450000 0.8950000 0.2500000
v 0.1450000 0.8550000 0.2500000
v 0.0870000 0.8370000 0.1630000
v 0.0994322 0.8494322 0.1832059
v 0.0994322 0.9005678 0.1832059
v 0.0870000 0.9130000 0.1630000
v 0.1045503 0.8545503 0.2070279
v 0.1045503 0.8954497 0.2070279
v 0.1050000 0.8550000 0.2500000
v 0.1050000 0.8950000 0.2500000
v 0.0870000 0.9130000 0.1630000
v 0.0994322 0.9005678 0.1832059
v 0.1505678 0.9005678 0.1832059
v 0.1630000 0.9130000 0.1630000
v 0.1045503 0.8954497 0.2070279
v 0.1454497 0.8954497 0.2070279
v 0.1050000 0.8950000 0.2500000
v 0.1450000 0.8950000 0.2500000
v 0.0870000 0.8370000 0.1630000
v 0.1630000 0.8370000 0.1630000
v 0.1505678 0.8494322 0.1832059
v 0.0994322 0.8494322 0.1832059
v 0.1454497 0.8545503 0.2070279
v 0.1045503 0.8545503 0.2070279
v 0.1450000 0.8550000 0.2500000
v 0.1050000 0.8550000 0.2500000
v 0.1450000 0.8550000 0.0000000
v 0.1050000 0.8550000 0.0000000
v 0.1050000 0.8950000 0.0000000
v 0.1450000 0.8950000 0.0000000
v 0.1630000 0.8370000 0.0870000
v 0.1630000 0.9130000 0.0870000
v 0.0870000 0.9130000 0.0870000
v 0.0870000 0.8370000 0.0870000
v 0.1450000 0.8550000 0.0000000
v 0.1450000 0.8950000 0.0000000
v 0.1454503 0.8954503 0.0429779
v 0.1454503 0.8545497 0.0429779
v 0.1505698 0.9005697 0.0667996
v 0.1505698 0.8494303 0.0667996
v 0.1630000 0.9130000 0.0870000
v 0.1630000 0.8370000 0.0870000
v 0.1050000 0.8550000 0.0000000
v 0.1045497 0.8545497 0.0429779
v 0.1045497 0.8954503 0.0429779
v 0.1050000 0.8950000 0.0000000
v 0.0994303 0.8494303 0.0667996
v 0.0994303 0.9005697 0.0667996
v 0.0870000 0.8370000 0.0870000
v 0.0870000 0.9130000 0.0870000
v 0.1050000 0.8950000 0.0000000
v 0.1045497 0.8954503 0.0429779
v 0.1454503 0.8954503 0.0429779
v 0.1450000 0.8950000 0.0000000
v 0.0994303 0.9005697 0.0667996
v 0.1505698 0.9005697 0.0667996
v 0.0870000 0.9130000 0.0870000
v 0.1630000 0.9130000 0.0870000
v 0.1050000 0.8550000 0.0000000
v 0.1450000 0.8550000 0.0000000
v 0.1454503 0.8545497 0.0429779
v 0.1045497 0.8545497 0.0429779
v 0.1505698 0.8494303 0.0667996
v 0.0994303 0.8494303 0.0667996
v 0.1630000 0.8370000 0.0870000
v 0.0870000 0.8370000 0.0870000
v 0.1450000 1.0000000 0.1050000
v 0.1050000 1.0000000 0.1050000
v 0.1050000 1.0000000 0.1450000
v 0.1450000 1.0000000 0.1450000
v 0.1630000 0.9130000 0.0870000
v 0.1630000 0.9130000 0.1630000
v 0.0870000 0.9130000 0.1630000
v 0.0870000 0.9130000 0.0870000
v 0.1450000 1.0000000 0.1050000
v 0.1450000 1.0000000 0.1450000
v 0.1454503 0.9570221 0.1454503
v 0.1454503 0.9570221 0.1045497
v 0.1505698 0.9332004 0.1505698
v 0.1505698 0.9332004 0.0994303
v 0.1630000 0.9130000 0.1630000
v 0.1630000 0.9130000 0.0870000
v 0.1050000 1.0000000 0.1050000
v 0.1045497 0.9570221 0.1045497
v 0.1045497 0.9570221 0.1454503
v 0.1050000 1.0000000 0.1450000
v 0.0994303 0.9332004 0.0994303
v 0.0994303 0.9332004 0.1505698
v 0.0870000 0.9130000 0.0870000
v 0.0870000 0.9130000 0.1630000
v 0.1050000 1.0000000 0.1450000
v 0.1045497 0.9570221 0.1454503
v 0.1454503 0.9570221 0.1454503
v 0.1450000 1.0000000 0.1450000
v 0.0994303 0.9332004 0.1505698
v 0.1505698 0.9332004 0.1505698
v 0.1050000 1.0000000 0.1050000
v 0.1450000 1.0000000 0.1050000
v 0.1454503 0.9570221 0.1045497
v 0.1045497 0.9570221 0.1045497
v 0.1505698 0.9332004 0.0994303
v 0.0994303 0.9332004 0.0994303
v 0.1630000 0.8370000 0.0870000
v 0.0870000 0.8370000 0.0870000
v 0.0870000 0.8370000 0.1630000
v 0.1630000 0.8370000 0.1630000
v 0.1450000 0.7500000 0.1050000
v 0.1450000 0.7500000 0.1450000
v 0.1050000 0.7500000 0.1450000
v 0.1050000 0.7500000 0.1050000
v 0.1630000 0.8370000 0.0870000
v 0.1630000 0.8370000 0.1630000
v 0.1505678 0.8167942 0.1505678
v 0.1505678 0.8167942 0.0994322
v 0.1454497 0.7929721 0.1454497
v 0.1454497 0.7929721 0.1045503
v 0.1450000 0.7500000 0.1450000
v 0.1450000 0.7500000 0.1050000
v 0.0870000 0.8370000 0.0870000
v 0.0994322 0.8167942 0.0994322
v 0.0994322 0.8167942 0.1505678
v 0.0870000 0.8370000 0.1630000
v 0.1045503 0.7929721 0.1045503
v 0.1045503 0.7929721 0.1454497
v 0.1050000 0.7500000 0.1050000
v 0.1050000 0.7500000 0.1450000
v 0.0994322 0.8167942 0.1505678
v 0.1505678 0.8167942 0.1505678
v 0.1045503 0.7929721 0.1454497
v 0.1454497 0.7929721 0.1454497
v 0.1050000 0.7500000 0.1450000
v 0.1450000 0.7500000 0.1450000
v 0.1505678 0.8167942 0.0994322
v 0.0994322 0.8167942 0.0994322
v 0.1454497 0.7929721 0.1045503
v 0.1045503 0.7929721 0.1045503
v 0.1450000 0.7500000 0.1050000
v 0.1050000 0.7500000 0.1050000
v 0.1630000 0.9130000 0.0870000
v 0.1630000 0.8370000 0.0870000
v 0.1630000 0.8370000 0.1630000
v 0.1630000 0.9130000 0.1630000
v 0.2500000 0.8950000 0.1050000
v 0.2500000 0.8950000 0.1450000
v 0.2500000 0.8550000 0.1450000
v 0.2500000 0.8550000 0.1050000
v 0.1832059 0.9005678 0.1505678
v 0.1832059 0.9005678 0.0994322
v 0.2070279 0.8954497 0.1454497
v 0.2070279 0.8954497 0.1045503
v 0.2500000 0.8950000 0.1450000
v 0.2500000 0.8950000 0.1050000
v 0.1832059 0.8494322 0.0994322
v 0.1832059 0.8494322 0.1505678
v 0.2070279 0.8545503 0.1045503
v 0.2070279 0.8545503 0.1454497
v 0.2500000 0.8550000 0.1050000
v 0.2500000 0.8550000 0.1450000
v 0.1832059 0.8494322 0.1505678
v 0.1832059 0.9005678 0.1505678
v 0.2070279 0.8545503 0.1454497
v 0.2070279 0.8954497 0.1454497
v 0.2500000 0.8550000 0.1450000
v 0.2500000 0.8950000 0.1450000
v 0.1832059 0.9005678 0.0994322
v 0.1832059 0.8494322 0.0994322
v 0.2070279 0.8954497 0.1045503
v 0.2070279 0.8545503 0.1045503
v 0.2500000 0.8950000 0.1050000
v 0.2500000 0.8550000 0.1050000
v 0.0000000 0.8950000 0.1050000
v 0.0000000 0.8550000 0.1050000
v 0.0000000 0.8550000 0.1450000
v 0.0000000 0.8950000 0.1450000
v 0.0870000 0.9130000 0.0870000
v 0.0870000 0.9130000 0.1630000
v 0.0870000 0.8370000 0.1630000
v 0.0870000 0.8370000 0.0870000
v 0.0000000 0.8950000 0.1050000
v 0.0000000 0.8950000 0.1450000
v 0.0429779 0.8954503 0.1454503
v 0.0429779 0.8954503 0.1045497
v 0.0667996 0.9005697 0.1505698
v 0.0667996 0.9005697 0.0994303
v 0.0000000 0.8550000 0.1050000
v 0.0429779 0.8545497 0.1045497
v 0.0429779 0.8545497 0.1454503
v 0.0000000 0.8550000 0.1450000
v 0.0667996 0.8494303 0.0994303
v 0.0667996 0.8494303 0.1505698
v 0.0000000 0.8550000 0.1450000
v 0.0429779 0.8545497 0.1454503
v 0.0429779 0.8954503 0.1454503
v 0.0000000 0.8950000 0.1450000
v 0.0667996 0.8494303 0.1505698
v 0.0667996 0.9005697 0.1505698
v 0.0000000 0.8550000 0.1050000
v 0.0000000 0.8950000 0.1050000
v 0.0429779 0.8954503 0.1045497
v 0.0429779 0.8545497 0.1045497
v 0.0667996 0.9005697 0.0994303
v 0.0667996 0.8494303 0.0994303
v 0.0870000 0.9130000 0.0870000
v 0.0870000 0.8370000 0.0870000
v 0.0870000 0.8370000 0.1630000
v 0.0870000 0.9130000 0.1630000
v 0.1630000 0.9130000 0.0870000
v 0.1630000 0.9130000 0.1630000
v 0.1630000 0.8370000 0.1630000
v 0.1630000 0.8370000 0.0870000
v 0.0870000 0.9130000 0.0870000
v 0.0870000 0.9130000 0.1630000
v 0.1630000 0.9130000 0.1630000
v 0.1630000 0.9130000 0.0870000
v 0.0870000 0.8370000 0.0870000
v 0.1630000 0.8370000 0.0870000
v 0.1630000 0.8370000 0.1630000
v 0.0870000 0.8370000 0.1630000
v 0.0870000 0.8370000 0.1630000
v 0.1630000 0.8370000 0.1630000
v 0.1630000 0.9130000 0.1630000
v 0.0870000 0.9130000 0.1630000
v 0.0870000 0.8370000 0.0870000
v 0.0870000 0.9130000 0.0870000
v 0.1630000 0.9130000 0.0870000
v 0.1630000 0.8370000 0.0870000
v 0.4130000 0.8370000 0.1630000
v 0.3370000 0.8370000 0.1630000
v 0.3370000 0.9130000 0.1630000
v 0.4130000 0.9130000 0.1630000
v 0.3950000 0.8550000 0.2500000
v 0.3950000 0.8950000 0.2500000
v 0.3550000 0.8950000 0.2500000
v 0.3550000 0.8550000 0.2500000
v 0.4130000 0.8370000 0.1630000
v 0.4130000 0.9130000 0.1630000
v 0.4005677 0.9005678 0.1832059
v 0.4005677 0.8494322 0.1832059
v 0.3954497 0.8954497 0.2070279
v 0.3954497 0.8545503 0.2070279
v 0.3950000 0.8950000 0.2500000
v 0.3950000 0.8550000 0.2500000
v 0.3370000 0.8370000 0.1630000
v 0.3494323 0.8494322 0.1832059
v 0.3494323 0.9005678 0.1832059
v 0.3370000 0.9130000 0.1630000
v 0.3545503 0.8545503 0.2070279
v 0.3545503 0.8954497 0.2070279
v 0.3550000 0.8550000 0.2500000
v 0.3550000 0.8950000 0.2500000
v 0.3370000 0.9130000 0.1630000
v 0.3494323 0.9005678 0.1832059
v 0.4005677 0.9005678 0.1832059
v 0.4130000 0.9130000 0.1630000
v 0.3545503 0.8954497 0.2070279
v 0.3954497 0.8954497 0.2070279
v 0.3550000 0.8950000 0.2500000
v 0.3950000 0.8950000 0.2500000
v 0.3370000 0.8370000 0.1630000
v 0.4130000 0.8370000 0.1630000
v 0.4005677 0.8494322 0.1832059
v 0.3494323 0.8494322 0.1832059
v 0.3954497 0.8545503 0.2070279
v 0.3545503 0.8545503 0.2070279
v 0.3950000 0.8550000 0.2500000
v 0.3550000 0.8550000 0.2500000
v 0.3950000 0.8550000 0.0000000
v 0.3550000 0.8550000 0.0000000
v 0.3550000 0.8950000 0.0000000
v 0.3950000 0.8950000 0.0000000
v 0.4130000 0.8370000 0.0870000
v 0.4130000 0.9130000 0.0870000
v 0.3370000 0.9130000 0.0870000
v 0.3370000 0.8370000 0.0870000
v 0.3950000 0.8550000 0.0000000
v 0.3950000 0.8950000 0.0000000
v 0.3954503 0.8954503 0.0429779
v 0.3954503 0.8545497 0.0429779
v 0.4005697 0.9005697 0.0667996
v 0.4005697 0.8494303 0.0667996
v 0.4130000 0.9130000 0.0870000
v 0.4130000 0.8370000 0.0870000
v 0.3550000 0.8550000 0.0000000
v 0.3545497 0.8545497 0.0429779
v 0.3545497 0.8954503 0.0429779
v 0.3550000 0.8950000 0.0000000
v 0.3494303 0.8494303 0.0667996
v 0.3494303 0.9005697 0.0667996
v 0.3370000 0.8370000 0.0870000
v 0.3370000 0.9130000 0.0870000
v 0.3550000 0.8950000 0.0000000
v 0.3545497 0.8954503 0.0429779
v 0.3954503 0.8954503 0.0429779
v 0.3950000 0.8950000 0.0000000
v 0.3494303 0.9005697 0.0667996
v 0.4005697 0.9005697 0.0667996
v 0.3370000 0.9130000 0.0870000
v 0.4130000 0.9130000 0.0870000
v 0.3550000 0.8550000 0.0000000
v 0.3950000 0.8550000 0.0000000
v 0.3954503 0.8545497 0.0429779
v 0.3545497 0.8545497 0.0429779
v 0.4005697 0.8494303 0.0667996
v 0.3494303 0.8494303 0.0667996
v 0.4130000 0.8370000 0.0870000
v 0.3370000 0.8370000 0.0870000
v 0.3950000 1.0000000 0.1050000
v 0.3550000 1.0000000 0.1050000
v 0.3550000 1.0000000 0.1450000
v 0.3950000 1.0000000 0.1450000
v 0.4130000 0.9130000 0.0870000
v 0.4130000 0.9130000 0.1630000
v 0.3370000 0.9130000 0.1630000
v 0.3370000 0.9130000 0.0870000
v 0.3950000 1.0000000 0.1050000
v 0.3950000 1.0000000 0.1450000
v 0.3954503 0.9570221 0.1454503
v 0.3954503 0.9570221 0.1045497
v 0.4005697 0.9332004 0.1505698
v 0.4005697 0.9332004 0.0994303
v 0.4130000 0.9130000 0.1630000
v 0.4130000 0.9130000 0.0870000
v 0.3550000 1.0000000 0.1050000
v 0.3545497 0.9570221 0.1045497
v 0.3545497 0.9570221 0.1454503
v 0.3550000 1.0000000 0.1450000
v 0.3494303 0.9332004 0.0994303
v 0.3494303 0.9332004 0.1505698
v 0.3370000 0.9130000 0.0870000
v 0.3370000 0.9130000 0.1630000
v 0.3550000 1.0000000 0.1450000
v 0.3545497 0.9570221 0.1454503
v 0.3954503 0.9570221 0.1454503
v 0.3950000 1.0000000 0.1450000
v 0.3494303 0.9332004 0.1505698
v 0.4005697 0.9332004 0.1505698
v 0.3550000 1.0000000 0.1050000
v 0.3950000 1.0000000 0.1050000
v 0.3954503 0.9570221 0.1045497
v 0.3545497 0.9570221 0.1045497
v 0.4005697 0.9332004 0.0994303
v 0.3494303 0.9332004 0.0994303
v 0.4130000 0.8370000 0.0870000
v 0.3370000 0.8370000 0.0870000
v 0.3370000 0.8370000 0.1630000
v 0.4130000 0.8370000 0.1630000
v 0.3950000 0.7500000 0.1050000
v 0.3950000 0.7500000 0.1450000
v 0.3550000 0.7500000 0.1450000
v 0.3550000 0.7500000 0.1050000
v 0.4130000 0.8370000 0.0870000
v 0.4130000 0.8370000 0.1630000
v 0.4005677 0.8167942 0.1505678
v 0.4005677 0.8167942 0.0994322
v 0.3954497 0.7929721 0.1454497
v 0.3954497 0.7929721 0.1045503
v 0.3950000 0.7500000 0.1450000
v 0.3950000 0.7500000 0.1050000
v 0.3370000 0.8370000 0.0870000
v 0.3494323 0.8167942 0.0994322
v 0.3494323 0.8167942 0.1505678
v 0.3370000 0.8370000 0.1630000
v 0.3545503 0.7929721 0.1045503
v 0.3545503 0.7929721 0.1454497
v 0.3550000 0.7500000 0.1050000
v 0.3550000 0.7500000 0.1450000
v 0.3494323 0.8167942 0.1505678
v 0.4005677 0.8167942 0.1505678
v 0.3545503 0.7929721 0.1454497
v 0.3954497 0.7929721 0.1454497
v 0.3550000 0.7500000 0.1450000
v 0.3950000 0.7500000 0.1450000
v 0.4005677 0.8167942 0.0994322
v 0.3494323 0.8167942 0.0994322
v 0.3954497 0.7929721 0.1045503
v 0.3545503 0.7929721 0.1045503
v 0.3950000 0.7500000 0.1050000
v 0.3550000 0.7500000 0.1050000
v 0.4130000 0.9130000 0.0870000
v 0.4130000 0.8370000 0.0870000
v 0.4130000 0.8370000 0.1630000
v 0.4130000 0.9130000 0.1630000
v 0.5000000 0.8950000 0.1050000
v 0.5000000 0.8950000 0.1450000
v 0.5000000 0.8550000 0.1450000
v 0.5000000 0.8550000 0.1050000
v 0.4332058 0.9005678 0.1505678
v 0.4332058 0.9005678 0.0994322
v 0.4570279 0.8954497 0.1454497
v 0.4570279 0.8954497 0.1045503
v 0.5000000 0.8950000 0.1450000
v 0.5000000 0.8950000 0.1050000
v 0.4332058 0.8494322 0.0994322
v 0.4332058 0.8494322 0.1505678
v 0.4570279 0.8545503 0.1045503
v 0.4570279 0.8545503 0.1454497
v 0.5000000 0.8550000 0.1050000
v 0.5000000 0.8550000 0.1450000
v 0.4332058 0.8494322 0.1505678
v 0.4332058 0.9005678 0.1505678
v 0.4570279 0.8545503 0.1454497
v 0.4570279 0.8954497 0.1454497
v 0.5000000 0.8550000 0.1450000
v 0.5000000 0.8950000 0.1450000
v 0.4332058 0.9005678 0.0994322
v 0.4332058 0.8494322 0.0994322
v 0.4570279 0.8954497 0.1045503
v 0.4570279 0.8545503 0.1045503
v 0.5000000 0.8950000 0.1050000
v 0.5000000 0.8550000 0.1050000
v 0.2500000 0.8950000 0.1050000
v 0.2500000 0.8550000 0.1050000
v 0.2500000 0.8550000 0.1450000
v 0.2500000 0.8950000 0.1450000
v 0.3370000 0.9130000 0.0870000
v 0.3370000 0.9130000 0.1630000
v 0.3370000 0.8370000 0.1630000
v 0.3370000 0.8370000 0.0870000
v 0.2500000 0.8950000 0.1050000
v 0.2500000 0.8950000 0.1450000
v 0.2929779 0.8954503 0.1454503
v 0.2929779 0.8954503 0.1045497
v 0.3167996 0.9005697 0.1505698
v 0.3167996 0.9005697 0.0994303
v 0.2500000 0.8550000 0.1050000
v 0.2929779 0.8545497 0.1045497
v 0.2929779 0.8545497 0.1454503
v 0.2500000 0.8550000 0.1450000
v 0.3167996 0.8494303 0.0994303
v 0.3167996 0.8494303 0.1505698
v 0.2500000 0.8550000 0.1450000
v 0.2929779 0.8545497 0.1454503
v 0.2929779 0.8954503 0.1454503
v 0.2500000 0.8950000 0.1450000
v 0.3167996 0.8494303 0.1505698
v 0.3167996 0.9005697 0.1505698
v 0.2500000 0.8550000 0.1050000
v 0.2500000 0.8950000 0.1050000
v 0.2929779 0.8954503 0.1045497
v 0.2929779 0.8545497 0.1045497
v 0.3167996 0.9005697 0.0994303
v 0.3167996 0.8494303 0.0994303
v 0.3370000 0.9130000 0.0870000
v 0.3370000 0.8370000 0.0870000
v 0.3370000 0.8370000 0.1630000
v 0.3370000 0.9130000 0.1630000
v 0.4130000 0.9130000 0.0870000
v 0.4130000 0.9130000 0.1630000
v 0.4130000 0.8370000 0.1630000
v 0.4130000 0.8370000 0.0870000
v 0.3370000 0.9130000 0.0870000
v 0.3370000 0.9130000 0.1630000
v 0.4130000 0.9130000 0.1630000
v 0.4130000 0.9130000 0.0870000
v 0.3370000 0.8370000 0.0870000
v 0.4130000 0.8370000 0.0870000
v 0.4130000 0.8370000 0.1630000
v 0.3370000 0.8370000 0.1630000
v 0.3370000 0.8370000 0.1630000
v 0.4130000 0.8370000 0.1630000
v 0.4130000 0.9130000 0.1630000
v 0.3370000 0.9130000 0.1630000
v 0.3370000 0.8370000 0.0870000
v 0.3370000 0.9130000 0.0870000
v 0.4130000 0.9130000 0.0870000
v 0.4130000 0.8370000 0.0870000
v 0.6630000 0.8370000 0.1630000
v 0.5870000 0.8370000 0.1630000
v 0.5870000 0.9130000 0.1630000
v 0.6630000 0.9130000 0.1630000
v 0.6450000 0.8550000 0.2500000
v 0.6450000 0.8950000 0.2500000
v 0.6050000 0.8950000 0.2500000
v 0.6050000 0.8550000 0.2500000
v 0.6630000 0.8370000 0.1630000
v 0.6630000 0.9130000 0.1630000
v 0.6505678 0.9005678 0.1832059
v 0.6505678 0.8494322 0.1832059
v 0.6454497 0.8954497 0.2070279
v 0.6454497 0.8545503 0.2070279
v 0.6450000 0.8950000 0.2500000
v 0.6450000 0.8550000 0.2500000
v 0.5870000 0.8370000 0.1630000
v 0.5994322 0.8494322 0.1832059
v 0.5994322 0.9005678 0.1832059
v 0.5870000 0.9130000 0.1630000
v 0.6045503 0.8545503 0.2070279
v 0.6045503 0.8954497 0.2070279
v 0.6050000 0.8550000 0.2500000
v 0.6050000 0.8950000 0.2500000
v 0.5870000 0.9130000 0.1630000
v 0.5994322 0.9005678 0.1832059
v 0.6505678 0.9005678 0.1832059
v 0.6630000 0.9130000 0.1630000
v 0.6045503 0.8954497 0.2070279
v 0.6454497 0.8954497 0.2070279
v 0.6050000 0.8950000 0.2500000
v 0.6450000 0.8950000 0.2500000
v 0.5870000 0.8370000 0.1630000
v 0.6630000 0.8370000 0.1630000
v 0.6505678 0.8494322 0.1832059
v 0.5994322 0.8494322 0.1832059
v 0.6454497 0.8545503 0.2070279
v 0.6045503 0.8545503 0.2070279
v 0.6450000 0.8550000 0.2500000
v 0.6050000 0.8550000 0.2500000
v 0.6450000 0.8550000 0.0000000
v 0.6050000 0.8550000 0.0000000
v 0.6050000 0.8950000 0.0000000
v 0.6450000 0.8950000 0.0000000
v 0.6630000 0.8370000 0.0870000
v 0.6630000 0.9130000 0.0870000
v 0.5870000 0.9130000 0.0870000
v 0.5870000 0.8370000 0.0870000
v 0.6450000 0.8550000 0.0000000
v 0.6450000 0.8950000 0.0000000
v 0.6454503 0.8954503 0.0429779
v 0.6454503 0.8545497 0.0429779
v 0.6505697 0.9005697 0.0667996
v 0.6505697 0.8494303 0.0667996
v 0.6630000 0.9130000 0.0870000
v 0.6630000 0.8370000 0.0870000
v 0.6050000 0.8550000 0.0000000
v 0.6045497 0.8545497 0.0429779
v 0.6045497 0.8954503 0.0429779
v 0.6050000 0.8950000 0.0000000
v 0.5994303 0.8494303 0.0667996
v 0.5994303 0.9005697 0.0667996
v 0.5870000 0.8370000 0.0870000
v 0.5870000 0.9130000 0.0870000
v 0.6050000 0.8950000 0.0000000
v 0.6045497 0.8954503 0.0429779
v 0.6454503 0.8954503 0.0429779
v 0.6450000 0.8950000 0.0000000
v 0.5994303 0.9005697 0.0667996
v 0.6505697 0.9005697 0.0667996
v 0.5870000 0.9130000 0.0870000
v 0.6630000 0.9130000 0.0870000
v 0.6050000 0.8550000 0.0000000
v 0.6450000 0.8550000 0.0000000
v 0.6454503 0.8545497 0.0429779
v 0.6045497 0.8545497 0.0429779
v 0.6505697 0.8494303 0.0667996
v 0.5994303 0.8494303 0.0667996
v 0.6630000 0.8370000 0.0870000
v 0.5870000 0.8370000 0.0870000
v 0.6450000 1.0000000 0.1050000
v 0.6050000 1.0000000 0.1050000
v 0.6050000 1.0000000 0.1450000
v 0.6450000 1.0000000 0.1450000
v 0.6630000 0.9130000 0.0870000
v 0.6630000 0.9130000 0.1630000
v 0.5870000 0.9130000 0.1630000
v 0.5870000 0.9130000 0.0870000
v 0.6450000 1.0000000 0.1050000
v 0.6450000 1.0000000 0.1450000
v 0.6454503 0.9570221 0.1454503
v 0.6454503 0.9570221 0.1045497
v 0.6505697 0.9332004 0.1505698
v 0.6505697 0.9332004 0.0994303
v 0.6630000 0.9130000 0.1630000
v 0.6630000 0.9130000 0.0870000
v 0.6050000 1.0000000 0.1050000
v 0.6045497 0.9570221 0.1045497
v 0.6045497 0.9570221 0.1454503
v 0.6050000 1.0000000 0.1450000
v 0.5994303 0.9332004 0.0994303
v 0.5994303 0.9332004 0.1505698
v 0.5870000 0.9130000 0.0870000
v 0.5870000 0.9130000 0.1630000
v 0.6050000 1.0000000 0.1450000
v 0.6045497 0.9570221 0.1454503
v 0.6454503 0.9570221 0.1454503
v 0.6450000 1.0000000 0.1450000
v 0.5994303 0.9332004 0.1505698
v 0.6505697 0.9332004 0.1505698
v 0.6050000 1.0000000 0.1050000
v 0.6450000 1.0000000 0.1050000
v 0.6454503 0.9570221 0.1045497
v 0.6045497 0.9570221 0.1045497
v 0.6505697 0.9332004 0.0994303
v 0.5994303 0.9332004 0.0994303
v 0.6630000 0.8370000 0.0870000
v 0.5870000 0.8370000 0.0870000
v 0.5870000 0.8370000 0.1630000
v 0.6630000 0.8370000 0.1630000
v 0.6450000 0.7500000 0.1050000
v 0.6450000 0.7500000 0.1450000
v 0.6050000 0.7500000 0.1450000
v 0.6050000 0.7500000 0.1050000
v 0.6630000 0.8370000 0.0870000
v 0.6630000 0.8370000 0.1630000
v 0.6505678 0.8167942 0.1505678
v 0.6505678 0.8167942 0.0994322
v 0.6454497 0.7929721 0.1454497
v 0.6454497 0.7929721 0.1045503
v 0.6450000 0.7500000 0.1450000
v 0.6450000 0.7500000 0.1050000
v 0.5870000 0.8370000 0.0870000
v 0.5994322 0.8167942 0.0994322
v 0.5994322 0.8167942 0.1505678
v 0.5870000 0.8370000 0.1630000
v 0.6045503 0.7929721 0.1045503
v 0.6045503 0.7929721 0.1454497
v 0.6050000 0.7500000 0.1050000
v 0.6050000 0.7500000 0.1450000
v 0.5994322 0.8167942 0.1505678
v 0.6505678 0.8167942 0.1505678
v 0.6045503 0.7929721 0.1454497
v 0.6454497 0.7929721 0.1454497
v 0.6050000 0.7500000 0.1450000
v 0.6450000 0.7500000 0.1450000
v 0.6505678 0.8167942 0.0994322
v 0.5994322 0.8167942 0.0994322
v 0.6454497 0.7929721 0.1045503
v 0.6045503 0.7929721 0.1045503
v 0.6450000 0.7500000 0.1050000
v 0.6050000 0.7500000 0.1050000
v 0.6630000 0.9130000 0.0870000
v 0.6630000 0.8370000 0.0870000
v 0.6630000 0.8370000 0.1630000
v 0.6630000 0.9130000 0.1630000
v 0.7500000 0.8950000 0.1050000
v 0.7500000 0.8950000 0.1450000
v 0.7500000 0.8550000 0.1450000
v 0.7500000 0.8550000 0.1050000
v 0.6832058 0.9005678 0.1505678
v 0.6832058 0.9005678 0.0994322
v 0.7070279 0.8954497 0.1454497
v 0.7070279 0.8954497 0.1045503
v 0.7500000 0.8950000 0.1450000
v 0.7500000 0.8950000 0.1050000
v 0.6832058 0.8494322 0.0994322
v 0.6832058 0.8494322 0.1505678
v 0.7070279 0.8545503 0.1045503
v 0.7070279 0.8545503 0.1454497
v 0.7500000 0.8550000 0.1050000
v 0.7500000 0.8550000 0.1450000
v 0.6832058 0.8494322 0.1505678
v 0.6832058 0.9005678 0.1505678
v 0.7070279 0.8545503 0.1454497
v 0.7070279 0.8954497 0.1454497
v 0.7500000 0.8550000 0.1450000
v 0.7500000 0.8950000 0.1450000
v 0.6832058 0.9005678 0.0994322
v 0.6832058 0.8494322 0.0994322
v 0.7070279 0.8954497 0.1045503
v 0.7070279 0.8545503 0.1045503
v 0.7500000 0.8950000 0.1050000
v 0.7500000 0.8550000 0.1050000
v 0.5000000 0.8950000 0.1050000
v 0.5000000 0.8550000 0.1050000
v 0.5000000 0.8550000 0.1450000
v 0.5000000 0.8950000 0.1450000
v 0.5870000 0.9130000 0.0870000
v 0.5870000 0.9130000 0.1630000
v 0.5870000 0.8370000 0.1630000
v 0.5870000 0.8370000 0.0870000
v 0.5000000 0.8950000 0.1050000
v 0.5000000 0.8950000 0.1450000
v 0.5429779 0.8954503 0.1454503
v 0.5429779 0.8954503 0.1045497
v 0.5667996 0.9005697 0.1505698
v 0.5667996 0.9005697 0.0994303
v 0.5000000 0.8550000 0.1050000
v 0.5429779 0.8545497 0.1045497
v 0.5429779 0.8545497 0.1454503
v 0.5000000 0.8550000 0.1450000
v 0.5667996 0.8494303 0.0994303
v 0.5667996 0.8494303 0.1505698
v 0.5000000 0.8550000 0.1450000
v 0.5429779 0.8545497 0.1454503
v 0.5429779 0.8954503 0.1454503
v 0.5000000 0.8950000 0.1450000
v 0.5667996 0.8494303 0.1505698
v 0.5667996 0.9005697 0.1505698
v 0.5000000 0.8550000 0.1050000
v 0.5000000 0.8950000 0.1050000
v 0.5429779 0.8954503 0.1045497
v 0.5429779 0.8545497 0.1045497
v 0.5667996 0.9005697 0.0994303
v 0.5667996 0.8494303 0.0994303
v 0.5870000 0.9130000 0.0870000
v 0.5870000 0.8370000 0.0870000
v 0.5870000 0.8370000 0.1630000
v 0.5870000 0.9130000 0.1630000
v 0.6630000 0.9130000 0.0870000
v 0.6630000 0.9130000 0.1630000
v 0.6630000 0.8370000 0.1630000
v 0.6630000 0.8370000 0.0870000
v 0.5870000 0.9130000 0.0870000
v 0.5870000 0.9130000 0.1630000
v 0.6630000 0.9130000 0.1630000
v 0.6630000 0.9130000 0.0870000
v 0.5870000 0.8370000 0.0870000
v 0.6630000 0.8370000 0.0870000
v 0.6630000 0.8370000 0.1630000
v 0.5870000 0.8370000 0.1630000
v 0.5870000 0.8370000 0.1630000
v 0.6630000 0.8370000 0.1630000
v 0.6630000 0.9130000 0.1630000
v 0.5870000 0.9130000 0.1630000
v 0.5870000 0.8370000 0.0870000
v 0.5870000 0.9130000 0.0870000
v 0.6630000 0.9130000 0.0870000
v 0.6630000 0.8370000 0.0870000
v 0.9130000 0.8370000 0.1630000
v 0.8370000 0.8370000 0.1630000
v 0.8370000 0.9130000 0.1630000
v 0.9130000 0.9130000 0.1630000
v 0.8950000 0.8550000 0.2500000
v 0.8950000 0.8950000 0.2500000
v 0.8550000 0.8950000 0.2500000
v 0.8550000 0.8550000 0.2500000
v 0.9130000 0.8370000 0.1630000
v 0.9130000 0.9130000 0.1630000
v 0.9005678 0.9005678 0.1832059
v 0.9005678 0.8494322 0.1832059
v 0.8954497 0.8954497 0.2070279
v 0.8954497 0.8545503 0.2070279
v 0.8950000 0.8950000 0.2500000
v 0.8950000 0.8550000 0.2500000
v 0.8370000 0.8370000 0.1630000
v 0.8494322 0.8494322 0.1832059
v 0.8494322 0.9005678 0.1832059
v 0.8370000 0.9130000 0.1630000
v 0.8545503 0.8545503 0.2070279
v 0.8545503 0.8954497 0.2070279
v 0.8550000 0.8550000 0.2500000
v 0.8550000 0.8950000 0.2500000
v 0.8370000 0.9130000 0.1630000
v 0.8494322 0.9005678 0.1832059
v 0.9005678 0.9005678 0.1832059
v 0.9130000 0.9130000 0.1630000
v 0.8545503 0.8954497 0.2070279
v 0.8954497 0.8954497 0.2070279
v 0.8550000 0.8950000 0.2500000
v 0.8950000 0.8950000 0.2500000
v 0.8370000 0.8370000 0.1630000
v 0.9130000 0.8370000 0.1630000
v 0.9005678 0.8494322 0.1832059
v 0.8494322 0.8494322 0.1832059
v 0.8954497 0.8545503 0.2070279
v 0.8545503 0.8545503 0.2070279
v 0.8950000 0.8550000 0.2500000
v 0.8550000 0.8550000 0.2500000
v 0.8950000 0.8550000 0.0000000
v 0.8550000 0.8550000 0.0000000
v 0.8550000 0.8950000 0.0000000
v 0.8950000 0.8950000 0.0000000
v 0.9130000 0.8370000 0.0870000
v 0.9130000 0.9130000 0.0870000
v 0.8370000 0.9130000 0.0870000
v 0.8370000 0.8370000 0.0870000
v 0.8950000 0.8550000 0.0000000
v 0.8950000 0.8950000 0.0000000
v 0.8954503 0.8954503 0.0429779
v 0.8954503 0.8545497 0.0429779
v 0.9005697 0.9005697 0.0667996
v 0.9005697 0.8494303 0.0667996
v 0.9130000 0.9130000 0.0870000
v 0.9130000 0.8370000 0.0870000
v 0.8550000 0.8550000 0.0000000
v 0.8545497 0.8545497 0.0429779
v 0.8545497 0.8954503 0.0429779
v 0.8550000 0.8950000 0.0000000
v 0.8494303 0.8494303 0.0667996
v 0.8494303 0.9005697 0.0667996
v 0.8370000 0.8370000 0.0870000
v 0.8370000 0.9130000 0.0870000
v 0.8550000 0.8950000 0.0000000
v 0.8545497 0.8954503 0.0429779
v 0.8954503 0.8954503 0.0429779
v 0.8950000 0.8950000 0.0000000
v 0.8494303 0.9005697 0.0667996
v 0.9005697 0.9005697 0.0667996
v 0.8370000 0.9130000 0.0870000
v 0.9130000 0.9130000 0.0870000
v 0.8550000 0.8550000 0.0000000
v 0.8950000 0.8550000 0.0000000
v 0.8954503 0.8545497 0.0429779
v 0.8545497 0.8545497 0.0429779
v 0.9005697 0.8494303 0.0667996
v 0.8494303 0.8494303 0.0667996
v 0.9130000 0.8370000 0.0870000
v 0.8370000 0.8370000 0.0870000
v 0.8950000 1.0000000 0.1050000
v 0.8550000 1.0000000 0.1050000
v 0.8550000 1.0000000 0.1450000
v 0.8950000 1.0000000 0.1450000
v 0.9130000 0.9130000 0.0870000
v 0.9130000 0.9130000 0.1630000
v 0.8370000 0.9130000 0.1630000
v 0.8370000 0.9130000 0.0870000
v 0.8950000 1.0000000 0.1050000
v 0.8950000 1.0000000 0.1450000
v 0.8954503 0.9570221 0.1454503
v 0.8954503 0.9570221 0.1045497
v 0.9005697 0.9332004 0.1505698
v 0.9005697 0.9332004 0.0994303
v 0.9130000 0.9130000 0.1630000
v 0.9130000 0.9130000 0.0870000
v 0.8550000 1.0000000 0.1050000
v 0.8545497 0.9570221 0.1045497
v 0.8545497 0.9570221 0.1454503
v 0.8550000 1.0000000 0.1450000
v 0.8494303 0.9332004 0.0994303
v 0.8494303 0.9332004 0.1505698
v 0.8370000 0.9130000 0.0870000
v 0.8370000 0.9130000 0.1630000
v 0.8550000 1.0000000 0.1450000
v 0.8545497 0.9570221 0.1454503
v 0.8954503 0.9570221 0.1454503
v 0.8950000 1.0000000 0.1450000
v 0.8494303 0.9332004 0.1505698
v 0.9005697 0.9332004 0.1505698
v 0.8550000 1.0000000 0.1050000
v 0.8950000 1.0000000 0.1050000
v 0.8954503 0.9570221 0.1045497
v 0.8545497 0.9570221 0.1045497
v 0.9005697 0.9332004 0.0994303
v 0.8494303 0.9332004 0.0994303
v 0.9130000 0.8370000 0.0870000
v 0.8370000 0.8370000 0.0870000
v 0.8370000 0.8370000 0.1630000
v 0.9130000 0.8370000 0.1630000
v 0.8950000 0.7500000 0.1050000
v 0.8950000 0.7500000 0.1450000
v 0.8550000 0.7500000 0.1450000
v 0.8550000 0.7500000 0.1050000
v 0.9130000 0.8370000 0.0870000
v 0.9130000 0.8370000 0.1630000
v 0.9005678 0.8167942 0.1505678
v 0.9005678 0.8167942 0.0994322
v 0.8954497 0.7929721 0.1454497
v 0.8954497 0.7929721 0.1045503
v 0.8950000 0.7500000 0.1450000
v 0.8950000 0.7500000 0.1050000
v 0.8370000 0.8370000 0.0870000
v 0.8494322 0.8167942 0.0994322
v 0.8494322 0.8167942 0.1505678
v 0.8370000 0.8370000 0.1630000
v 0.8545503 0.7929721 0.1045503
v 0.8545503 0.7929721 0.1454497
v 0.8550000 0.7500000 0.1050000
v 0.8550000 0.7500000 0.1450000
v 0.8494322 0.8167942 0.1505678
v 0.9005678 0.8167942 0.1505678
v 0.8545503 0.7929721 0.1454497
v 0.8954497 0.7929721 0.1454497
v 0.8550000 0.7500000 0.1450000
v 0.8950000 0.7500000 0.1450000
v 0.9005678 0.8167942 0.0994322
v 0.8494322 0.8167942 0.0994322
v 0.8954497 0.7929721 0.1045503
v 0.8545503 0.7929721 0.1045503
v 0.8950000 0.7500000 0.1050000
v 0.8550000 0.7500000 0.1050000
v 0.9130000 0.9130000 0.0870000
v 0.9130000 0.8370000 0.0870000
v 0.9130000 0.8370000 0.1630000
v 0.9130000 0.9130000 0.1630000
v 1.0000000 0.8950000 0.1050000
v 1.0000000 0.8950000 0.1450000
v 1.0000000 0.8550000 0.1450000
v 1.0000000 0.8550000 0.1050000
v 0.9332058 0.9005678 0.1505678
v 0.9332058 0.9005678 0.0994322
v 0.9570279 0.8954497 0.1454497
v 0.9570279 0.8954497 0.1045503
v 1.0000000 0.8950000 0.1450000
v 1.0000000 0.8950000 0.1050000
v 0.9332058 0.8494322 0.0994322
v 0.9332058 0.8494322 0.1505678
v 0.9570279 0.8545503 0.1045503
v 0.9570279 0.8545503 0.1454497
v 1.0000000 0.8550000 0.1050000
v 1.0000000 0.8550000 0.1450000
v 0.9332058 0.8494322 0.1505678
v 0.9332058 0.9005678 0.1505678
v 0.9570279 0.8545503 0.1454497
v 0.9570279 0.8954497 0.1454497
v 1.0000000 0.8550000 0.1450000
v 1.0000000 0.8950000 0.1450000
v 0.9332058 0.9005678 0.0994322
v 0.9332058 0.8494322 0.0994322
v 0.9570279 0.8954497 0.1045503
v 0.9570279 0.8545503 0.1045503
v 1.0000000 0.8950000 0.1050000
v 1.0000000 0.8550000 0.1050000
v 0.7500000 0.8950000 0.1050000
v 0.7500000 0.8550000 0.1050000
v 0.7500000 0.8550000 0.1450000
v 0.7500000 0.8950000 0.1450000
v 0.8370000 0.9130000 0.0870000
v 0.8370000 0.9130000 0.1630000
v 0.8370000 0.8370000 0.1630000
v 0.8370000 0.8370000 0.0870000
v 0.7500000 0.8950000 0.1050000
v 0.7500000 0.8950000 0.1450000
v 0.7929779 0.8954503 0.1454503
v 0.7929779 0.8954503 0.1045497
v 0.8167996 0.9005697 0.1505698
v 0.8167996 0.9005697 0.0994303
v 0.7500000 0.8550000 0.1050000
v 0.7929779 0.8545497 0.1045497
v 0.7929779 0.8545497 0.1454503
v 0.7500000 0.8550000 0.1450000
v 0.8167996 0.8494303 0.0994303
v 0.8167996 0.8494303 0.1505698
v 0.7500000 0.8550000 0.1450000
v 0.7929779 0.8545497 0.1454503
v 0.7929779 0.8954503 0.1454503
v 0.7500000 0.8950000 0.1450000
v 0.8167996 0.8494303 0.1505698
v 0.8167996 0.9005697 0.1505698
v 0.7500000 0.8550000 0.1050000
v 0.7500000 0.8950000 0.1050000
v 0.7929779 0.8954503 0.1045497
v 0.7929779 0.8545497 0.1045497
v 0.8167996 0.9005697 0.0994303
v 0.8167996 0.8494303 0.0994303
v 0.8370000 0.9130000 0.0870000
v 0.8370000 0.8370000 0.0870000
v 0.8370000 0.8370000 0.1630000
v 0.8370000 0.9130000 0.1630000
v 0.9130000 0.9130000 0.0870000
v 0.9130000 0.9130000 0.1630000
v 0.9130000 0.8370000 0.1630000
v 0.9130000 0.8370000 0.0870000
v 0.8370000 0.9130000 0.0870000
v 0.8370000 0.9130000 0.1630000
v 0.9130000 0.9130000 0.1630000
v 0.9130000 0.9130000 0.0870000
v 0.8370000 0.8370000 0.0870000
v 0.9130000 0.8370000 0.0870000
v 0.9130000 0.8370000 0.1630000
v 0.8370000 0.8370000 0.1630000
v 0.8370000 0.8370000 0.1630000
v 0.9130000 0.8370000 0.1630000
v 0.9130000 0.9130000 0.1630000
v 0.8370000 0.9130000 0.1630000
v 0.8370000 0.8370000 0.0870000
v 0.8370000 0.9130000 0.0870000
v 0.9130000 0.9130000 0.0870000
v 0.9130000 0.8370000 0.0870000
v 0.1630000 0.0870000 0.4130000
v 0.0870000 0.0870000 0.4130000
v 0.0870000 0.1630000 0.4130000
v 0.1630000 0.1630000 0.4130000
v 0.1450000 0.1050000 0.5000000
v 0.1450000 0.1450000 0.5000000
v 0.1050000 0.1450000 0.5000000
v 0.1050000 0.1050000 0.5000000
v 0.1630000 0.0870000 0.4130000
v 0.1630000 0.1630000 0.4130000
v 0.1505678 0.1505678 0.4332058
v 0.1505678 0.0994322 0.4332058
v 0.1454497 0.1454497 0.4570279
v 0.1454497 0.1045503 0.4570279
v 0.1450000 0.1450000 0.5000000
v 0.1450000 0.1050000 0.5000000
v 0.0870000 0.0870000 0.4130000
v 0.0994322 0.0994322 0.4332058
v 0.0994322 0.1505678 0.4332058
v 0.0870000 0.1630000 0.4130000
v 0.1045503 0.1045503 0.4570279
v 0.1045503 0.1454497 0.4570279
v 0.1050000 0.1050000 0.5000000
v 0.1050000 0.1450000 0.5000000
v 0.0870000 0.1630000 0.4130000
v 0.0994322 0.1505678 0.4332058
v 0.1505678 0.1505678 0.4332058
v 0.1630000 0.1630000 0.4130000
v 0.1045503 0.1454497 0.4570279
v 0.1454497 0.1454497 0.4570279
v 0.1050000 0.1450000 0.5000000
v 0.1450000 0.1450000 0.5000000
v 0.0870000 0.0870000 0.4130000
v 0.1630000 0.0870000 0.4130000
v 0.1505678 0.0994322 0.4332058
v 0.0994322 0.0994322 0.4332058
v 0.1454497 0.1045503 0.4570279
v 0.1045503 0.1045503 0.4570279
v 0.1450000 0.1050000 0.5000000
v 0.1050000 0.1050000 0.5000000
v 0.1450000 0.1050000 0.2500000
v 0.1050000 0.1050000 0.2500000
v 0.1050000 0.1450000 0.2500000
v 0.1450000 0.1450000 0.2500000
v 0.1630000 0.0870000 0.3370000
v 0.1630000 0.1630000 0.3370000
v 0.0870000 0.1630000 0.3370000
v 0.0870000 0.0870000 0.3370000
v 0.1450000 0.1050000 0.2500000
v 0.1450000 0.1450000 0.2500000
v 0.1454503 0.1454503 0.2929779
v 0.1454503 0.1045497 0.2929779
v 0.1505698 0.1505698 0.3167996
v 0.1505698 0.0994303 0.3167996
v 0.1630000 0.1630000 0.3370000
v 0.1630000 0.0870000 0.3370000
v 0.1050000 0.1050000 0.2500000
v 0.1045497 0.1045497 0.2929779
v 0.1045497 0.1454503 0.2929779
v 0.1050000 0.1450000 0.2500000
v 0.0994303 0.0994303 0.3167996
v 0.0994303 0.1505698 0.3167996
v 0.0870000 0.0870000 0.3370000
v 0.0870000 0.1630000 0.3370000
v 0.1050000 0.1450000 0.2500000
v 0.1045497 0.1454503 0.2929779
v 0.1454503 0.1454503 0.2929779
v 0.1450000 0.1450000 0.2500000
v 0.0994303 0.1505698 0.3167996
v 0.1505698 0.1505698 0.3167996
v 0.0870000 0.1630000 0.3370000
v 0.1630000 0.1630000 0.3370000
v 0.1050000 0.1050000 0.2500000
v 0.1450000 0.1050000 0.2500000
v 0.1454503 0.1045497 0.2929779
v 0.1045497 0.1045497 0.2929779
v 0.1505698 0.0994303 0.3167996
v 0.0994303 0.0994303 0.3167996
v 0.1630000 0.0870000 0.3370000
v 0.0870000 0.0870000 0.3370000
v 0.1450000 0.2500000 0.3550000
v 0.1050000 0.2500000 0.3550000
v 0.1050000 0.2500000 0.3950000
v 0.1450000 0.2500000 0.3950000
v 0.1630000 0.1630000 0.3370000
v 0.1630000 0.1630000 0.4130000
v 0.0870000 0.1630000 0.4130000
v 0.0870000 0.1630000 0.3370000
v 0.1450000 0.2500000 0.3550000
v 0.1450000 0.2500000 0.3950000
v 0.1454503 0.2070221 0.3954503
v 0.1454503 0.2070221 0.3545497
v 0.1505698 0.1832004 0.4005697
v 0.1505698 0.1832004 0.3494303
v 0.1630000 0.1630000 0.4130000
v 0.1630000 0.1630000 0.3370000
v 0.1050000 0.2500000 0.3550000
v 0.1045497 0.2070221 0.3545497
v 0.1045497 0.2070221 0.3954503
v 0.1050000 0.2500000 0.3950000
v 0.0994303 0.1832004 0.3494303
v 0.0994303 0.1832004 0.4005697
v 0.0870000 0.1630000 0.3370000
v 0.0870000 0.1630000 0.4130000
v 0.1050000 0.2500000 0.3950000
v 0.1045497 0.2070221 0.3954503
v 0.1454503 0.2070221 0.3954503
v 0.1450000 0.2500000 0.3950000
v 0.0994303 0.1832004 0.4005697
v 0.1505698 0.1832004 0.4005697
v 0.1050000 0.2500000 0.3550000
v 0.1450000 0.2500000 0.3550000
v 0.1454503 0.2070221 0.3545497
v 0.1045497 0.2070221 0.3545497
v 0.1505698 0.1832004 0.3494303
v 0.0994303 0.1832004 0.3494303
v 0.1630000 0.0870000 0.3370000
v 0.0870000 0.0870000 0.3370000
v 0.0870000 0.0870000 0.4130000
v 0.1630000 0.0870000 0.4130000
v 0.1450000 0.0000000 0.3550000
v 0.1450000 0.0000000 0.3950000
v 0.1050000 0.0000000 0.3950000
v 0.1050000 0.0000000 0.3550000
v 0.1630000 0.0870000 0.3370000
v 0.1630000 0.0870000 0.4130000
v 0.1505678 0.0667941 0.4005677
v 0.1505678 0.0667941 0.3494323
v 0.1454497 0.0429721 0.3954497
v 0.1454497 0.0429721 0.3545503
v 0.1450000 0.0000000 0.3950000
v 0.1450000 0.0000000 0.3550000
v 0.0870000 0.0870000 0.3370000
v 0.0994322 0.0667941 0.3494323
v 0.0994322 0.0667941 0.4005677
v 0.0870000 0.0870000 0.4130000
v 0.1045503 0.0429721 0.3545503
v 0.1045503 0.0429721 0.3954497
v 0.1050000 0.0000000 0.3550000
v 0.1050000 0.0000000 0.3950000
v 0.0994322 0.0667941 0.4005677
v 0.1505678 0.0667941 0.4005677
v 0.1045503 0.0429721 0.3954497
v 0.1454497 0.0429721 0.3954497
v 0.1050000 0.0000000 0.3950000
v 0.1450000 0.0000000 0.3950000
v 0.1505678 0.0667941 0.3494323
v 0.0994322 0.0667941 0.3494323
v 0.1454497 0.0429721 0.3545503
v 0.1045503 0.0429721 0.3545503
v 0.1450000 0.0000000 0.3550000
v 0.1050000 0.0000000 0.3550000
v 0.1630000 0.1630000 0.3370000
v 0.1630000 0.0870000 0.3370000
v 0.1630000 0.0870000 0.4130000
v 0.1630000 0.1630000 0.4130000
v 0.2500000 0.1450000 0.3550000
v 0.2500000 0.1450000 0.3950000
v 0.2500000 0.1050000 0.3950000
v 0.2500000 0.1050000 0.3550000
v 0.1832059 0.1505678 0.4005677
v 0.1832059 0.1505678 0.3494323
v 0.2070279 0.1454497 0.3954497
v 0.2070279 0.1454497 0.3545503
v 0.2500000 0.1450000 0.3950000
v 0.2500000 0.1450000 0.3550000
v 0.1832059 0.0994322 0.3494323
v 0.1832059 0.0994322 0.4005677
v 0.2070279 0.1045503 0.3545503
v 0.2070279 0.1045503 0.3954497
v 0.2500000 0.1050000 0.3550000
v 0.2500000 0.1050000 0.3950000
v 0.1832059 0.0994322 0.4005677
v 0.1832059 0.1505678 0.4005677
v 0.2070279 0.1045503 0.3954497
v 0.2070279 0.1454497 0.3954497
v 0.2500000 0.1050000 0.3950000
v 0.2500000 0.1450000 0.3950000
v 0.1832059 0.1505678 0.3494323
v 0.1832059 0.0994322 0.3494323
v 0.2070279 0.1454497 0.3545503
v 0.2070279 0.1045503 0.3545503
v 0.2500000 0.1450000 0.3550000
v 0.2500000 0.1050000 0.3550000
v 0.0000000 0.1450000 0.3550000
v 0.0000000 0.1050000 0.3550000
v 0.0000000 0.1050000 0.3950000
v 0.0000000 0.1450000 0.3950000
v 0.0870000 0.1630000 0.3370000
v 0.0870000 0.1630000 0.4130000
v 0.0870000 0.0870000 0.4130000
v 0.0870000 0.0870000 0.3370000
v 0.0000000 0.1450000 0.3550000
v 0.0000000 0.1450000 0.3950000
v 0.0429779 0.1454503 0.3954503
v 0.0429779 0.1454503 0.3545497
v 0.0667996 0.1505698 0.4005697
v 0.0667996 0.1505698 0.3494303
v 0.0000000 0.1050000 0.3550000
v 0.0429779 0.1045497 0.3545497
v 0.0429779 0.1045497 0.3954503
v 0.0000000 0.1050000 0.3950000
v 0.0667996 0.0994303 0.3494303
v 0.0667996 0.0994303 0.4005697
v 0.0000000 0.1050000 0.3950000
v 0.0429779 0.1045497 0.3954503
v 0.0429779 0.1454503 0.3954503
v 0.0000000 0.1450000 0.3950000
v 0.0667996 0.0994303 0.4005697
v 0.0667996 0.1505698 0.4005697
v 0.0000000 0.1050000 0.3550000
v 0.0000000 0.1450000 0.3550000
v 0.0429779 0.1454503 0.3545497
v 0.0429779 0.1045497 0.3545497
v 0.0667996 0.1505698 0.3494303
v 0.0667996 0.0994303 0.3494303
v 0.0870000 0.1630000 0.3370000
v 0.0870000 0.0870000 0.3370000
v 0.0870000 0.0870000 0.4130000
v 0.0870000 0.1630000 0.4130000
v 0.1630000 0.1630000 0.3370000
v 0.1630000 0.1630000 0.4130000
v 0.1630000 0.0870000 0.4130000
v 0.1630000 0.0870000 0.3370000
v 0.0870000 0.1630000 0.3370000
v 0.0870000 0.1630000 0.4130000
v 0.1630000 0.1630000 0.4130000
v 0.1630000 0.1630000 0.3370000
v 0.0870000 0.0870000 0.3370000
v 0.1630000 0.0870000 0.3370000
v 0.1630000 0.0870000 0.4130000
v 0.0870000 0.0870000 0.4130000
v 0.0870000 0.0870000 0.4130000
v 0.1630000 0.0870000 0.4130000
v 0.1630000 0.1630000 0.4130000
v 0.0870000 0.1630000 0.4130000
v 0.0870000 0.0870000 0.3370000
v 0.0870000 0.1630000 0.3370000
v 0.1630000 0.1630000 0.3370000
v 0.1630000 0.0870000 0.3370000
v 0.4130000 0.0870000 0.4130000
v 0.3370000 0.0870000 0.4130000
v 0.3370000 0.1630000 0.4130000
v 0.4130000 0.1630000 0.4130000
v 0.3950000 0.1050000 0.5000000
v 0.3950000 0.1450000 0.5000000
v 0.3550000 0.1450000 0.5000000
v 0.3550000 0.1050000 0.5000000
v 0.4130000 0.0870000 0.4130000
v 0.4130000 0.1630000 0.4130000
v 0.4005677 0.1505678 0.4332058
v 0.4005677 0.0994322 0.4332058
v 0.3954497 0.1454497 0.4570279
v 0.3954497 0.1045503 0.4570279
v 0.3950000 0.1450000 0.5000000
v 0.3950000 0.1050000 0.5000000
v 0.3370000 0.0870000 0.4130000
v 0.3494323 0.0994322 0.4332058
v 0.3494323 0.1505678 0.4332058
v 0.3370000 0.1630000 0.4130000
v 0.3545503 0.1045503 0.4570279
v 0.3545503 0.1454497 0.4570279
v 0.3550000 0.1050000 0.5000000
v 0.3550000 0.1450000 0.5000000
v 0.3370000 0.1630000 0.4130000
v 0.3494323 0.1505678 0.4332058
v 0.4005677 0.1505678 0.4332058
v 0.4130000 0.1630000 0.4130000
v 0.3545503 0.1454497 0.4570279
v 0.3954497 0.1454497 0.4570279
v 0.3550000 0.1450000 0.5000000
v 0.3950000 0.1450000 0.5000000
v 0.3370000 0.0870000 0.4130000
v 0.4130000 0.0870000 0.4130000
v 0.4005677 0.0994322 0.4332058
v 0.3494323 0.0994322 0.4332058
v 0.3954497 0.1045503 0.4570279
v 0.3545503 0.1045503 0.4570279
v 0.3950000 0.1050000 0.5000000
v 0.3550000 0.1050000 0.5000000
v 0.3950000 0.1050000 0.2500000
v 0.3550000 0.1050000 0.2500000
v 0.3550000 0.1450000 0.2500000
v 0.3950000 0.1450000 0.2500000
v 0.4130000 0.0870000 0.3370000
v 0.4130000 0.1630000 0.3370000
v 0.3370000 0.1630000 0.3370000
v 0.3370000 0.0870000 0.3370000
v 0.3950000 0.1050000 0.2500000
v 0.3950000 0.1450000 0.2500000
v 0.3954503 0.1454503 0.2929779
v 0.3954503 0.1045497 0.2929779
v 0.4005697 0.1505698 0.3167996
v 0.4005697 0.0994303 0.3167996
v 0.4130000 0.1630000 0.3370000
v 0.4130000 0.0870000 0.3370000
v 0.3550000 0.1050000 0.2500000
v 0.3545497 0.1045497 0.2929779
v 0.3545497 0.1454503 0.2929779
v 0.3550000 0.1450000 0.2500000
v 0.3494303 0.0994303 0.3167996
v 0.3494303 0.1505698 0.3167996
v 0.3370000 0.0870000 0.3370000
v 0.3370000 0.1630000 0.3370000
v 0.3550000 0.1450000 0.2500000
v 0.3545497 0.1454503 0.2929779
v 0.3954503 0.1454503 0.2929779
v 0.3950000 0.1450000 0.2500000
v 0.3494303 0.1505698 0.3167996
v 0.4005697 0.1505698 0.3167996
v 0.3370000 0.1630000 0.3370000
v 0.4130000 0.1630000 0.3370000
v 0.3550000 0.1050000 0.2500000
v 0.3950000 0.1050000 0.2500000
v 0.3954503 0.1045497 0.2929779
v 0.3545497 0.1045497 0.2929779
v 0.4005697 0.0994303 0.3167996
v 0.3494303 0.0994303 0.3167996
v 0.4130000 0.0870000 0.3370000
v 0.3370000 0.0870000 0.3370000
v 0.3950000 0.2500000 0.3550000
v 0.3550000 0.2500000 0.3550000
v 0.3550000 0.2500000 0.3950000
v 0.3950000 0.2500000 0.3950000
v 0.4130000 0.1630000 0.3370000
v 0.4130000 0.1630000 0.4130000
v 0.3370000 0.1630000 0.4130000
v 0.3370000 0.1630000 0.3370000
v 0.3950000 0.2500000 0.3550000
v 0.3950000 0.2500000 0.3950000
v 0.3954503 0.2070221 0.3954503
v 0.3954503 0.2070221 0.3545497
v 0.4005697 0.1832004 0.4005697
v 0.4005697 0.1832004 0.3494303
v 0.4130000 0.1630000 0.4130000
v 0.4130000 0.1630000 0.3370000
v 0.3550000 0.2500000 0.3550000
v 0.3545497 0.2070221 0.3545497
v 0.3545497 0.2070221 0.3954503
v 0.3550000 0.2500000 0.3950000
v 0.3494303 0.1832004 0.3494303
v 0.3494303 0.1832004 0.4005697
v 0.3370000 0.1630000 0.3370000
v 0.3370000 0.1630000 0.4130000
v 0.3550000 0.2500000 0.3950000
v 0.3545497 0.2070221 0.3954503
v 0.3954503 0.2070221 0.3954503
v 0.3950000 0.2500000 0.3950000
v 0.3494303 0.1832004 0.4005697
v 0.4005697 0.1832004 0.4005697
v 0.3550000 0.2500000 0.3550000
v 0.3950000 0.2500000 0.3550000
v 0.3954503 0.2070221 0.3545497
v 0.3545497 0.2070221 0.3545497
v 0.4005697 0.1832004 0.3494303
v 0.3494303 0.1832004 0.3494303
v 0.4130000 0.0870000 0.3370000
v 0.3370000 0.0870000 0.3370000
v 0.3370000 0.0870000 0.4130000
v 0.4130000 0.0870000 0.4130000
v 0.3950000 0.0000000 0.3550000
v 0.3950000 0.0000000 0.3950000
v 0.3550000 0.0000000 0.3950000
v 0.3550000 0.0000000 0.3550000
v 0.4130000 0.0870000 0.3370000
v 0.4130000 0.0870000 0.4130000
v 0.4005677 0.0667941 0.4005677
v 0.4005677 0.0667941 0.3494323
v 0.3954497 0.0429721 0.3954497
v 0.3954497 0.0429721 0.3545503
v 0.3950000 0.0000000 0.3950000
v 0.3950000 0.0000000 0.3550000
v 0.3370000 0.0870000 0.3370000
v 0.3494323 0.0667941 0.3494323
v 0.3494323 0.0667941 0.4005677
v 0.3370000 0.0870000 0.4130000
v 0.3545503 0.0429721 0.3545503
v 0.3545503 0.0429721 0.3954497
v 0.3550000 0.0000000 0.3550000
v 0.3550000 0.0000000 0.3950000
v 0.3494323 0.0667941 0.4005677
v 0.4005677 0.0667941 0.4005677
v 0.3545503 0.0429721 0.3954497
v 0.3954497 0.0429721 0.3954497
v 0.3550000 0.0000000 0.3950000
v 0.3950000 0.0000000 0.3950000
v 0.4005677 0.0667941 0.3494323
v 0.3494323 0.0667941 0.3494323
v 0.3954497 0.0429721 0.3545503
v 0.3545503 0.0429721 0.3545503
v 0.3950000 0.0000000 0.3550000
v 0.3550000 0.0000000 0.3550000
v 0.4130000 0.1630000 0.3370000
v 0.4130000 0.0870000 0.3370000
v 0.4130000 0.0870000 0.4130000
v 0.4130000 0.1630000 0.4130000
v 0.5000000 0.1450000 0.3550000
v 0.5000000 0.1450000 0.3950000
v 0.5000000 0.1050000 0.3950000
v 0.5000000 0.1050000 0.3550000
v 0.4332058 0.1505678 0.4005677
v 0.4332058 0.1505678 0.3494323
v 0.4570279 0.1454497 0.3954497
v 0.4570279 0.1454497 0.3545503
v 0.5000000 0.1450000 0.3950000
v 0.5000000 0.1450000 0.3550000
v 0.4332058 0.0994322 0.3494323
v 0.4332058 0.0994322 0.4005677
v 0.4570279 0.1045503 0.3545503
v 0.4570279 0.1045503 0.3954497
v 0.5000000 0.1050000 0.3550000
v 0.5000000 0.1050000 0.3950000
v 0.4332058 0.0994322 0.4005677
v 0.4332058 0.1505678 0.4005677
v 0.4570279 0.1045503 0.3954497
v 0.4570279 0.1454497 0.3954497
v 0.5000000 0.1050000 0.3950000
v 0.5000000 0.1450000 0.3950000
v 0.4332058 0.1505678 0.3494323
v 0.4332058 0.0994322 0.3494323
v 0.4570279 0.1454497 0.3545503
v 0.4570279 0.1045503 0.3545503
v 0.5000000 0.1450000 0.3550000
v 0.5000000 0.1050000 0.3550000
v 0.2500000 0.1450000 0.3550000
v 0.2500000 0.1050000 0.3550000
v 0.2500000 0.1050000 0.3950000
v 0.2500000 0.1450000 0.3950000
v 0.3370000 0.1630000 0.3370000
v 0.3370000 0.1630000 0.4130000
v 0.3370000 0.0870000 0.4130000
v 0.3370000 0.0870000 0.3370000
v 0.2500000 0.1450000 0.3550000
v 0.2500000 0.1450000 0.3950000
v 0.2929779 0.1454503 0.3954503
v 0.2929779 0.1454503 0.3545497
v 0.3167996 0.1505698 0.4005697
v 0.3167996 0.1505698 0.3494303
v 0.2500000 0.1050000 0.3550000
v 0.2929779 0.1045497 0.3545497
v 0.2929779 0.1045497 0.3954503
v 0.2500000 0.1050000 0.3950000
v 0.3167996 0.0994303 0.3494303
v 0.3167996 0.0994303 0.4005697
v 0.2500000 0.1050000 0.3950000
v 0.2929779 0.1045497 0.3954503
v 0.2929779 0.1454503 0.3954503
v 0.2500000 0.1450000 0.3950000
v 0.3167996 0.0994303 0.4005697
v 0.3167996 0.1505698 0.4005697
v 0.2500000 0.1050000 0.3550000
v 0.2500000 0.1450000 0.3550000
v 0.2929779 0.1454503 0.3545497
v 0.2929779 0.1045497 0.3545497
v 0.3167996 0.1505698 0.3494303
v 0.3167996 0.0994303 0.3494303
v 0.3370000 0.1630000 0.3370000
v 0.3370000 0.0870000 0.3370000
v 0.3370000 0.0870000 0.4130000
v 0.3370000 0.1630000 0.4130000
v 0.4130000 0.1630000 0.3370000
v 0.4130000 0.1630000 0.4130000
v 0.4130000 0.0870000 0.4130000
v 0.4130000 0.0870000 0.3370000
v 0.3370000 0.1630000 0.3370000
v 0.3370000 0.1630000 0.4130000
v 0.4130000 0.1630000 0.4130000
v 0.4130000 0.1630000 0.3370000
v 0.3370000 0.0870000 0.3370000
v 0.4130000 0.0870000 0.3370000
v 0.4130000 0.0870000 0.4130000
v 0.3370000 0.0870000 0.4130000
v 0.3370000 0.0870000 0.4130000
v 0.4130000 0.0870000 0.4130000
v 0.4130000 0.1630000 0.4130000
v 0.3370000 0.1630000 0.4130000
v 0.3370000 0.0870000 0.3370000
v 0.3370000 0.1630000 0.3370000
v 0.4130000 0.1630000 0.3370000
v 0.4130000 0.0870000 0.3370000
v 0.6630000 0.0870000 0.4130000
v 0.5870000 0.0870000 0.4130000
v 0.5870000 0.1630000 0.4130000
v 0.6630000 0.1630000 0.4130000
v 0.6450000 0.1050000 0.5000000
v 0.6450000 0.1450000 0.5000000
v 0.6050000 0.1450000 0.5000000
v 0.6050000 0.1050000 0.5000000
v 0.6630000 0.0870000 0.4130000
v 0.6630000 0.1630000 0.4130000
v 0.6505678 0.1505678 0.4332058
v 0.6505678 0.0994322 0.4332058
v 0.6454497 0.1454497 0.4570279
v 0.6454497 0.1045503 0.4570279
v 0.6450000 0.1450000 0.5000000
v 0.6450000 0.1050000 0.5000000
v 0.5870000 0.0870000 0.4130000
v 0.5994322 0.0994322 0.4332058
v 0.5994322 0.1505678 0.4332058
v 0.5870000 0.1630000 0.4130000
v 0.6045503 0.1045503 0.4570279
v 0.6045503 0.1454497 0.4570279
v 0.6050000 0.1050000 0.5000000
v 0.6050000 0.1450000 0.5000000
v 0.5870000 0.1630000 0.4130000
v 0.5994322 0.1505678 0.4332058
v 0.6505678 0.1505678 0.4332058
v 0.6630000 0.1630000 0.4130000
v 0.6045503 0.1454497 0.4570279
v 0.6454497 0.1454497 0.4570279
v 0.6050000 0.1450000 0.5000000
v 0.6450000 0.1450000 0.5000000
v 0.5870000 0.0870000 0.4130000
v 0.6630000 0.0870000 0.4130000
v 0.6505678 0.0994322 0.4332058
v 0.5994322 0.0994322 0.4332058
v 0.6454497 0.1045503 0.4570279
v 0.6045503 0.1045503 0.4570279
v 0.6450000 0.1050000 0.5000000
v 0.6050000 0.1050000 0.5000000
v 0.6450000 0.1050000 0.2500000
v 0.6050000 0.1050000 0.2500000
v 0.6050000 0.1450000 0.2500000
v 0.6450000 0.1450000 0.2500000
v 0.6630000 0.0870000 0.3370000
v 0.6630000 0.1630000 0.3370000
v 0.5870000 0.1630000 0.3370000
v 0.5870000 0.0870000 0.3370000
v 0.6450000 0.1050000 0.2500000
v 0.6450000 0.1450000 0.2500000
v 0.6454503 0.1454503 0.2929779
v 0.6454503 0.1045497 0.2929779
v 0.6505697 0.1505698 0.3167996
v 0.6505697 0.0994303 0.3167996
v 0.6630000 0.1630000 0.3370000
v 0.6630000 0.0870000 0.3370000
v 0.6050000 0.1050000 0.2500000
v 0.6045497 0.1045497 0.2929779
v 0.6045497 0.1454503 0.2929779
v 0.6050000 0.1450000 0.2500000
v 0.5994303 0.0994303 0.3167996
v 0.5994303 0.1505698 0.3167996
v 0.5870000 0.0870000 0.3370000
v 0.5870000 0.1630000 0.3370000
v 0.6050000 0.1450000 0.2500000
v 0.6045497 0.1454503 0.2929779
v 0.6454503 0.1454503 0.2929779
v 0.6450000 0.1450000 0.2500000
v 0.5994303 0.1505698 0.3167996
v 0.6505697 0.1505698 0.3167996
v 0.5870000 0.1630000 0.3370000
v 0.6630000 0.1630000 0.3370000
v 0.6050000 0.1050000 0.2500000
v 0.6450000 0.1050000 0.2500000
v 0.6454503 0.1045497 0.2929779
v 0.6045497 0.1045497 0.2929779
v 0.6505697 0.0994303 0.3167996
v 0.5994303 0.0994303 0.3167996
v 0.6630000 0.0870000 0.3370000
v 0.5870000 0.0870000 0.3370000
v 0.6450000 0.2500000 0.3550000
v 0.6050000 0.2500000 0.3550000
v 0.6050000 0.2500000 0.3950000
v 0.6450000 0.2500000 0.3950000
v 0.6630000 0.1630000 0.3370000
v 0.6630000 0.1630000 0.4130000
v 0.5870000 0.1630000 0.4130000
v 0.5870000 0.1630000 0.3370000
v 0.6450000 0.2500000 0.3550000
v 0.6450000 0.2500000 0.3950000
v 0.6454503 0.2070221 0.3954503
v 0.6454503 0.2070221 0.3545497
v 0.6505697 0.1832004 0.4005697
v 0.6505697 0.1832004 0.3494303
v 0.6630000 0.1630000 0.4130000
v 0.6630000 0.1630000 0.3370000
v 0.6050000 0.2500000 0.3550000
v 0.6045497 0.2070221 0.3545497
v 0.6045497 0.2070221 0.3954503
v 0.6050000 0.2500000 0.3950000
v 0.5994303 0.1832004 0.3494303
v 0.5994303 0.1832004 0.4005697
v 0.5870000 0.1630000 0.3370000
v 0.5870000 0.1630000 0.4130000
v 0.6050000 0.2500000 0.3950000
v 0.6045497 0.2070221 0.3954503
v 0.6454503 0.2070221 0.3954503
v 0.6450000 0.2500000 0.3950000
v 0.5994303 0.1832004 0.4005697
v 0.6505697 0.1832004 0.4005697
v 0.6050000 0.2500000 0.3550000
v 0.6450000 0.2500000 0.3550000
v 0.6454503 0.2070221 0.3545497
v 0.6045497 0.2070221 0.3545497
v 0.6505697 0.1832004 0.3494303
v 0.5994303 0.1832004 0.3494303
v 0.6630000 0.0870000 0.3370000
v 0.5870000 0.0870000 0.3370000
v 0.5870000 0.0870000 0.4130000
v 0.6630000 0.0870000 0.4130000
v 0.6450000 0.0000000 0.3550000
v 0.6450000 0.0000000 0.3950000
v 0.6050000 0.0000000 0.3950000
v 0.6050000 0.0000000 0.3550000
v 0.6630000 0.0870000 0.3370000
v 0.6630000 0.0870000 0.4130000
v 0.6505678 0.0667941 0.4005677
v 0.6505678 0.0667941 0.3494323
v 0.6454497 0.0429721 0.3954497
v 0.6454497 0.0429721 0.3545503
v 0.6450000 0.0000000 0.3950000
v 0.6450000 0.0000000 0.3550000
v 0.5870000 0.0870000 0.3370000
v 0.5994322 0.0667941 0.3494323
v 0.5994322 0.0667941 0.4005677
v 0.5870000 0.0870000 0.4130000
v 0.6045503 0.0429721 0.3545503
v 0.6045503 0.0429721 0.3954497
v 0.6050000 0.0000000 0.3550000
v 0.6050000 0.0000000 0.3950000
v 0.5994322 0.0667941 0.4005677
v 0.6505678 0.0667941 0.4005677
v 0.6045503 0.0429721 0.3954497
v 0.6454497 0.0429721 0.3954497
v 0.6050000 0.0000000 0.3950000
v 0.6450000 0.0000000 0.3950000
v 0.6505678 0.0667941 0.3494323
v 0.5994322 0.0667941 0.3494323
v 0.6454497 0.0429721 0.3545503
v 0.6045503 0.0429721 0.3545503
v 0.6450000 0.0000000 0.3550000
v 0.6050000 0.0000000 0.3550000
v 0.6630000 0.1630000 0.3370000
v 0.6630000 0.0870000 0.3370000
v 0.6630000 0.0870000 0.4130000
v 0.6630000 0.1630000 0.4130000
v 0.7500000 0.1450000 0.3550000
v 0.7500000 0.1450000 0.3950000
v 0.7500000 0.1050000 0.3950000
v 0.7500000 0.1050000 0.3550000
v 0.6832058 0.1505678 0.4005677
v 0.6832058 0.1505678 0.3494323
v 0.7070279 0.1454497 0.3954497
v 0.7070279 0.1454497 0.3545503
v 0.7500000 0.1450000 0.3950000
v 0.7500000 0.1450000 0.3550000
v 0.6832058 0.0994322 0.3494323
v 0.6832058 0.0994322 0.4005677
v 0.7070279 0.1045503 0.3545503
v 0.7070279 0.1045503 0.3954497
v 0.7500000 0.1050000 0.3550000
v 0.7500000 0.1050000 0.3950000
v 0.6832058 0.0994322 0.4005677
v 0.6832058 0.1505678 0.4005677
v 0.7070279 0.1045503 0.3954497
v 0.7070279 0.1454497 0.3954497
v 0.7500000 0.1050000 0.3950000
v 0.7500000 0.1450000 0.3950000
v 0.6832058 0.1505678 0.3494323
v 0.6832058 0.0994322 0.3494323
v 0.7070279 0.1454497 0.3545503
v 0.7070279 0.1045503 0.3545503
v 0.7500000 0.1450000 0.3550000
v 0.7500000 0.1050000 0.3550000
v 0.5000000 0.1450000 0.3550000
v 0.5000000 0.1050000 0.3550000
v 0.5000000 0.1050000 0.3950000
v 0.5000000 0.1450000 0.3950000
v 0.5870000 0.1630000 0.3370000
v 0.5870000 0.1630000 0.4130000
v 0.5870000 0.0870000 0.4130000
v 0.5870000 0.0870000 0.3370000
v 0.5000000 0.1450000 0.3550000
v 0.5000000 0.1450000 0.3950000
v 0.5429779 0.1454503 0.3954503
v 0.5429779 0.1454503 0.3545497
v 0.5667996 0.1505698 0.4005697
v 0.5667996 0.1505698 0.3494303
v 0.5000000 0.1050000 0.3550000
v 0.5429779 0.1045497 0.3545497
v 0.5429779 0.1045497 0.3954503
v 0.5000000 0.1050000 0.3950000
v 0.5667996 0.0994303 0.3494303
v 0.5667996 0.0994303 0.4005697
v 0.5000000 0.1050000 0.3950000
v 0.5429779 0.1045497 0.3954503
v 0.5429779 0.1454503 0.3954503
v 0.5000000 0.1450000 0.3950000
v 0.5667996 0.0994303 0.4005697
v 0.5667996 0.1505698 0.4005697
v 0.5000000 0.1050000 0.3550000
v 0.5000000 0.1450000 0.3550000
v 0.5429779 0.1454503 0.3545497
v 0.5429779 0.1045497 0.3545497
v 0.5667996 0.1505698 0.3494303
v 0.5667996 0.0994303 0.3494303
v 0.5870000 0.1630000 0.3370000
v 0.5870000 0.0870000 0.3370000
v 0.5870000 0.0870000 0.4130000
v 0.5870000 0.1630000 0.4130000
v 0.6630000 0.1630000 0.3370000
v 0.6630000 0.1630000 0.4130000
v 0.6630000 0.0870000 0.4130000
v 0.6630000 0.0870000 0.3370000
v 0.5870000 0.1630000 0.3370000
v 0.5870000 0.1630000 0.4130000
v 0.6630000 0.1630000 0.4130000
v 0.6630000 0.1630000 0.3370000
v 0.5870000 0.0870000 0.3370000
v 0.6630000 0.0870000 0.3370000
v 0.6630000 0.0870000 0.4130000
v 0.5870000 0.0870000 0.4130000
v 0.5870000 0.0870000 0.4130000
v 0.6630000 0.0870000 0.4130000
v 0.6630000 0.1630000 0.4130000
v 0.5870000 0.1630000 0.4130000
v 0.5870000 0.0870000 0.3370000
v 0.5870000 0.1630000 0.3370000
v 0.6630000 0.1630000 0.3370000
v 0.6630000 0.0870000 0.3370000
v 0.9130000 0.0870000 0.4130000
v 0.8370000 0.0870000 0.4130000
v 0.8370000 0.1630000 0.4130000
v 0.9130000 0.1630000 0.4130000
v 0.8950000 0.1050000 0.5000000
v 0.8950000 0.1450000 0.5000000
v 0.8550000 0.1450000 0.5000000
v 0.8550000 0.1050000 0.5000000
v 0.9130000 0.0870000 0.4130000
v 0.9130000 0.1630000 0.4130000
v 0.9005678 0.1505678 0.4332058
v 0.9005678 0.0994322 0.4332058
v 0.8954497 0.1454497 0.4570279
v 0.8954497 0.1045503 0.4570279
v 0.8950000 0.1450000 0.5000000
v 0.8950000 0.1050000 0.5000000
v 0.8370000 0.0870000 0.4130000
v 0.8494322 0.0994322 0.4332058
v 0.8494322 0.1505678 0.4332058
v 0.8370000 0.1630000 0.4130000
v 0.8545503 0.1045503 0.4570279
v 0.8545503 0.1454497 0.4570279
v 0.8550000 0.1050000 0.5000000
v 0.8550000 0.1450000 0.5000000
v 0.8370000 0.1630000 0.4130000
v 0.8494322 0.1505678 0.4332058
v 0.9005678 0.1505678 0.4332058
v 0.9130000 0.1630000 0.4130000
v 0.8545503 0.1454497 0.4570279
v 0.8954497 0.1454497 0.4570279
v 0.8550000 0.1450000 0.5000000
v 0.8950000 0.1450000 0.5000000
v 0.8370000 0.0870000 0.4130000
v 0.9130000 0.0870000 0.4130000
v 0.9005678 0.0994322 0.4332058
v 0.8494322 0.0994322 0.4332058
v 0.8954497 0.1045503 0.4570279
v 0.8545503 0.1045503 0.4570279
v 0.8950000 0.1050000 0.5000000
v 0.8550000 0.1050000 0.5000000
v 0.8950000 0.1050000 0.2500000
v 0.8550000 0.1050000 0.2500000
v 0.8550000 0.1450000 0.2500000
v 0.8950000 0.1450000 0.2500000
v 0.9130000 0.0870000 0.3370000
v 0.9130000 0.1630000 0.3370000
v 0.8370000 0.1630000 0.3370000
v 0.8370000 0.0870000 0.3370000
v 0.8950000 0.1050000 0.2500000
v 0.8950000 0.1450000 0.2500000
v 0.8954503 0.1454503 0.2929779
v 0.8954503 0.1045497 0.2929779
v 0.9005697 0.1505698 0.3167996
v 0.9005697 0.0994303 0.3167996
v 0.9130000 0.1630000 0.3370000
v 0.9130000 0.0870000 0.3370000
v 0.8550000 0.1050000 0.2500000
v 0.8545497 0.1045497 0.2929779
v 0.8545497 0.1454503 0.2929779
v 0.8550000 0.1450000 0.2500000
v 0.8494303 0.0994303 0.3167996
v 0.8494303 0.1505698 0.3167996
v 0.8370000 0.0870000 0.3370000
v 0.8370000 0.1630000 0.3370000
v 0.8550000 0.1450000 0.2500000
v 0.8545497 0.1454503 0.2929779
v 0.8954503 0.1454503 0.2929779
v 0.8950000 0.1450000 0.2500000
v 0.8494303 0.1505698 0.3167996
v 0.9005697 0.1505698 0.3167996
v 0.8370000 0.1630000 0.3370000
v 0.9130000 0.1630000 0.3370000
v 0.8550000 0.1050000 0.2500000
v 0.8950000 0.1050000 0.2500000
v 0.8954503 0.1045497 0.2929779
v 0.8545497 0.1045497 0.2929779
v 0.9005697 0.0994303 0.3167996
v 0.8494303 0.0994303 0.3167996
v 0.9130000 0.0870000 0.3370000
v 0.8370000 0.0870000 0.3370000
v 0.8950000 0.2500000 0.3550000
v 0.8550000 0.2500000 0.3550000
v 0.8550000 0.2500000 0.3950000
v 0.8950000 0.2500000 0.3950000
v 0.9130000 0.1630000 0.3370000
v 0.9130000 0.1630000 0.4130000
v 0.8370000 0.1630000 0.4130000
v 0.8370000 0.1630000 0.3370000
v 0.8950000 0.2500000 0.3550000
v 0.8950000 0.2500000 0.3950000
v 0.8954503 0.2070221 0.3954503
v 0.8954503 0.2070221 0.3545497
v 0.9005697 0.1832004 0.4005697
v 0.9005697 0.1832004 0.3494303
v 0.9130000 0.1630000 0.4130000
v 0.9130000 0.1630000 0.3370000
v 0.8550000 0.2500000 0.3550000
v 0.8545497 0.2070221 0.3545497
v 0.8545497 0.2070221 0.3954503
v 0.8550000 0.2500000 0.3950000
v 0.8494303 0.1832004 0.3494303
v 0.8494303 0.1832004 0.4005697
v 0.8370000 0.1630000 0.3370000
v 0.8370000 0.1630000 0.4130000
v 0.8550000 0.2500000 0.3950000
v 0.8545497 0.2070221 0.3954503
v 0.8954503 0.2070221 0.3954503
v 0.8950000 0.2500000 0.3950000
v 0.8494303 0.1832004 0.4005697
v 0.9005697 0.1832004 0.4005697
v 0.8550000 0.2500000 0.3550000
v 0.8950000 0.2500000 0.3550000
v 0.8954503 0.2070221 0.3545497
v 0.8545497 0.2070221 0.3545497
v 0.9005697 0.1832004 0.3494303
v 0.8494303 0.1832004 0.3494303
v 0.9130000 0.0870000 0.3370000
v 0.8370000 0.0870000 0.3370000
v 0.8370000 0.0870000 0.4130000
v 0.9130000 0.0870000 0.4130000
v 0.8950000 0.0000000 0.3550000
v 0.8950000 0.0000000 0.3950000
v 0.8550000 0.0000000 0.3950000
v 0.8550000 0.0000000 0.3550000
v 0.9130000 0.0870000 0.3370000
v 0.9130000 0.0870000 0.4130000
v 0.9005678 0.0667941 0.4005677
v 0.9005678 0.0667941 0.3494323
v 0.8954497 0.0429721 0.3954497
v 0.8954497 0.0429721 0.3545503
v 0.8950000 0.0000000 0.3950000
v 0.8950000 0.0000000 0.3550000
v 0.8370000 0.0870000 0.3370000
v 0.8494322 0.0667941 0.3494323
v 0.8494322 0.0667941 0.4005677
v 0.8370000 0.0870000 0.4130000
v 0.8545503 0.0429721 0.3545503
v 0.8545503 0.0429721 0.3954497
v 0.8550000 0.0000000 0.3550000
v 0.8550000 0.0000000 0.3950000
v 0.8494322 0.0667941 0.4005677
v 0.9005678 0.0667941 0.4005677
v 0.8545503 0.0429721 0.3954497
v 0.8954497 0.0429721 0.3954497
v 0.8550000 0.0000000 0.3950000
v 0.8950000 0.0000000 0.3950000
v 0.9005678 0.0667941 0.3494323
v 0.8494322 0.0667941 0.3494323
v 0.8954497 0.0429721 0.3545503
v 0.8545503 0.0429721 0.3545503
v 0.8950000 0.0000000 0.3550000
v 0.8550000 0.0000000 0.3550000
v 0.9130000 0.1630000 0.3370000
v 0.9130000 0.0870000 0.3370000
v 0.9130000 0.0870000 0.4130000
v 0.9130000 0.1630000 0.4130000
v 1.0000000 0.1450000 0.3550000
v 1.0000000 0.1450000 0.3950000
v 1.0000000 0.1050000 0.3950000
v 1.0000000 0.1050000 0.3550000
v 0.9332058 0.1505678 0.4005677
v 0.9332058 0.1505678 0.3494323
v 0.9570279 0.1454497 0.3954497
v 0.9570279 0.1454497 0.3545503
v 1.0000000 0.1450000 0.3950000
v 1.0000000 0.1450000 0.3550000
v 0.9332058 0.0994322 0.3494323
v 0.9332058 0.0994322 0.4005677
v 0.9570279 0.1045503 0.3545503
v 0.9570279 0.1045503 0.3954497
v 1.0000000 0.1050000 0.3550000
v 1.0000000 0.1050000 0.3950000
v 0.9332058 0.0994322 0.4005677
v 0.9332058 0.1505678 0.4005677
v 0.9570279 0.1045503 0.3954497
v 0.9570279 0.1454497 0.3954497
v 1.0000000 0.1050000 0.3950000
v 1.0000000 0.1450000 0.3950000
v 0.9332058 0.1505678 0.3494323
v 0.9332058 0.0994322 0.3494323
v 0.9570279 0.1454497 0.3545503
v 0.9570279 0.1045503 0.3545503
v 1.0000000 0.1450000 0.3550000
v 1.0000000 0.1050000 0.3550000
v 0.7500000 0.1450000 0.3550000
v 0.7500000 0.1050000 0.3550000
v 0.7500000 0.1050000 0.3950000
v 0.7500000 0.1450000 0.3950000
v 0.8370000 0.1630000 0.3370000
v 0.8370000 0.1630000 0.4130000
v 0.8370000 0.0870000 0.4130000
v 0.8370000 0.0870000 0.3370000
v 0.7500000 0.1450000 0.3550000
v 0.7500000 0.1450000 0.3950000
v 0.7929779 0.1454503 0.3954503
v 0.7929779 0.1454503 0.3545497
v 0.8167996 0.1505698 0.4005697
v 0.8167996 0.1505698 0.3494303
v 0.7500000 0.1050000 0.3550000
v 0.7929779 0.1045497 0.3545497
v 0.7929779 0.1045497 0.3954503
v 0.7500000 0.1050000 0.3950000
v 0.8167996 0.0994303 0.3494303
v 0.8167996 0.0994303 0.4005697
v 0.7500000 0.1050000 0.3950000
v 0.7929779 0.1045497 0.3954503
v 0.7929779 0.1454503 0.3954503
v 0.7500000 0.1450000 0.3950000
v 0.8167996 0.0994303 0.4005697
v 0.8167996 0.1505698 0.4005697
v 0.7500000 0.1050000 0.3550000
v 0.7500000 0.1450000 0.3550000
v 0.7929779 0.1454503 0.3545497
v 0.7929779 0.1045497 0.3545497
v 0.8167996 0.1505698 0.3494303
v 0.8167996 0.0994303 0.3494303
v 0.8370000 0.1630000 0.3370000
v 0.8370000 0.0870000 0.3370000
v 0.8370000 0.0870000 0.4130000
v 0.8370000 0.1630000 0.4130000
v 0.9130000 0.1630000 0.3370000
v 0.9130000 0.1630000 0.4130000
v 0.9130000 0.0870000 0.4130000
v 0.9130000 0.0870000 0.3370000
v 0.8370000 0.1630000 0.3370000
v 0.8370000 0.1630000 0.4130000
v 0.9130000 0.1630000 0.4130000
v 0.9130000 0.1630000 0.3370000
v 0.8370000 0.0870000 0.3370000
v 0.9130000 0.0870000 0.3370000
v 0.9130000 0.0870000 0.4130000
v 0.8370000 0.0870000 0.4130000
v 0.8370000 0.0870000 0.4130000
v 0.9130000 0.0870000 0.4130000
v 0.9130000 0.1630000 0.4130000
v 0.8370000 0.1630000 0.4130000
v 0.8370000 0.0870000 0.3370000
v 0.8370000 0.1630000 0.3370000
v 0.9130000 0.1630000 0.3370000
v 0.9130000 0.0870000 0.3370000
v 0.1630000 0.3370000 0.4130000
v 0.0870000 0.3370000 0.4130000
v 0.0870000 0.4130000 0.4130000
v 0.1630000 0.4130000 0.4130000
v 0.1450000 0.3550000 0.5000000
v 0.1450000 0.3950000 0.5000000
v 0.1050000 0.3950000 0.5000000
v 0.1050000 0.3550000 0.5000000
v 0.1630000 0.3370000 0.4130000
v 0.1630000 0.4130000 0.4130000
v 0.1505678 0.4005677 0.4332058
v 0.1505678 0.3494323 0.4332058
v 0.1454497 0.3954497 0.4570279
v 0.1454497 0.3545503 0.4570279
v 0.1450000 0.3950000 0.5000000
v 0.1450000 0.3550000 0.5000000
v 0.0870000 0.3370000 0.4130000
v 0.0994322 0.3494323 0.4332058
v 0.0994322 0.4005677 0.4332058
v 0.0870000 0.4130000 0.4130000
v 0.1045503 0.3545503 0.4570279
v 0.1045503 0.3954497 0.4570279
v 0.1050000 0.3550000 0.5000000
v 0.1050000 0.3950000 0.5000000
v 0.0870000 0.4130000 0.4130000
v 0.0994322 0.4005677 0.4332058
v 0.1505678 0.4005677 0.4332058
v 0.1630000 0.4130000 0.4130000
v 0.1045503 0.3954497 0.4570279
v 0.1454497 0.3954497 0.4570279
v 0.1050000 0.3950000 0.5000000
v 0.1450000 0.3950000 0.5000000
v 0.0870000 0.3370000 0.4130000
v 0.1630000 0.3370000 0.4130000
v 0.1505678 0.3494323 0.4332058
v 0.0994322 0.3494323 0.4332058
v 0.1454497 0.3545503 0.4570279
v 0.1045503 0.3545503 0.4570279
v 0.1450000 0.3550000 0.5000000
v 0.1050000 0.3550000 0.5000000
v 0.1450000 0.3550000 0.2500000
v 0.1050000 0.3550000 0.2500000
v 0.1050000 0.3950000 0.2500000
v 0.1450000 0.3950000 0.2500000
v 0.1630000 0.3370000 0.3370000
v 0.1630000 0.4130000 0.3370000
v 0.0870000 0.4130000 0.3370000
v 0.0870000 0.3370000 0.3370000
v 0.1450000 0.3550000 0.2500000
v 0.1450000 0.3950000 0.2500000
v 0.1454503 0.3954503 0.2929779
v 0.1454503 0.3545497 0.2929779
v 0.1505698 0.4005697 0.3167996
v 0.1505698 0.3494303 0.3167996
v 0.1630000 0.4130000 0.3370000
v 0.1630000 0.3370000 0.3370000
v 0.1050000 0.3550000 0.2500000
v 0.1045497 0.3545497 0.2929779
v 0.1045497 0.3954503 0.2929779
v 0.1050000 0.3950000 0.2500000
v 0.0994303 0.3494303 0.3167996
v 0.0994303 0.4005697 0.3167996
v 0.0870000 0.3370000 0.3370000
v 0.0870000 0.4130000 0.3370000
v 0.1050000 0.3950000 0.2500000
v 0.1045497 0.3954503 0.2929779
v 0.1454503 0.3954503 0.2929779
v 0.1450000 0.3950000 0.2500000
v 0.0994303 0.4005697 0.3167996
v 0.1505698 0.4005697 0.3167996
v 0.0870000 0.4130000 0.3370000
v 0.1630000 0.4130000 0.3370000
v 0.1050000 0.3550000 0.2500000
v 0.1450000 0.3550000 0.2500000
v 0.1454503 0.3545497 0.2929779
v 0.1045497 0.3545497 0.2929779
v 0.1505698 0.3494303 0.3167996
v 0.0994303 0.3494303 0.3167996
v 0.1630000 0.3370000 0.3370000
v 0.0870000 0.3370000 0.3370000
v 0.1450000 0.5000000 0.3550000
v 0.1050000 0.5000000 0.3550000
v 0.1050000 0.5000000 0.3950000
v 0.1450000 0.5000000 0.3950000
v 0.1630000 0.4130000 0.3370000
v 0.1630000 0.4130000 0.4130000
v 0.0870000 0.4130000 0.4130000
v 0.0870000 0.4130000 0.3370000
v 0.1450000 0.5000000 0.3550000
v 0.1450000 0.5000000 0.3950000
v 0.1454503 0.4570221 0.3954503
v 0.1454503 0.4570221 0.3545497
v 0.1505698 0.4332004 0.4005697
v 0.1505698 0.4332004 0.3494303
v 0.1630000 0.4130000 0.4130000
v 0.1630000 0.4130000 0.3370000
v 0.1050000 0.5000000 0.3550000
v 0.1045497 0.4570221 0.3545497
v 0.1045497 0.4570221 0.3954503
v 0.1050000 0.5000000 0.3950000
v 0.0994303 0.4332004 0.3494303
v 0.0994303 0.4332004 0.4005697
v 0.0870000 0.4130000 0.3370000
v 0.0870000 0.4130000 0.4130000
v 0.1050000 0.5000000 0.3950000
v 0.1045497 0.4570221 0.3954503
v 0.1454503 0.4570221 0.3954503
v 0.1450000 0.5000000 0.3950000
v 0.0994303 0.4332004 0.4005697
v 0.1505698 0.4332004 0.4005697
v 0.1050000 0.5000000 0.3550000
v 0.1450000 0.5000000 0.3550000
v 0.1454503 0.4570221 0.3545497
v 0.1045497 0.4570221 0.3545497
v 0.1505698 0.4332004 0.3494303
v 0.0994303 0.4332004 0.3494303
v 0.1630000 0.3370000 0.3370000
v 0.0870000 0.3370000 0.3370000
v 0.0870000 0.3370000 0.4130000
v 0.1630000 0.3370000 0.4130000
v 0.1450000 0.2500000 0.3550000
v 0.1450000 0.2500000 0.3950000
v 0.1050000 0.2500000 0.3950000
v 0.1050000 0.2500000 0.3550000
v 0.1630000 0.3370000 0.3370000
v 0.1630000 0.3370000 0.4130000
v 0.1505678 0.3167942 0.4005677
v 0.1505678 0.3167942 0.3494323
v 0.1454497 0.2929721 0.3954497
v 0.1454497 0.2929721 0.3545503
v 0.1450000 0.2500000 0.3950000
v 0.1450000 0.2500000 0.3550000
v 0.0870000 0.3370000 0.3370000
v 0.0994322 0.3167942 0.3494323
v 0.0994322 0.3167942 0.4005677
v 0.0870000 0.3370000 0.4130000
v 0.1045503 0.2929721 0.3545503
v 0.1045503 0.2929721 0.3954497
v 0.1050000 0.2500000 0.3550000
v 0.1050000 0.2500000 0.3950000
v 0.0994322 0.3167942 0.4005677
v 0.1505678 0.3167942 0.4005677
v 0.1045503 0.2929721 0.3954497
v 0.1454497 0.2929721 0.3954497
v 0.1050000 0.2500000 0.3950000
v 0.1450000 0.2500000 0.3950000
v 0.1505678 0.3167942 0.3494323
v 0.0994322 0.3167942 0.3494323
v 0.1454497 0.2929721 0.3545503
v 0.1045503 0.2929721 0.3545503
v 0.1450000 0.2500000 0.3550000
v 0.1050000 0.2500000 0.3550000
v 0.1630000 0.4130000 0.3370000
v 0.1630000 0.3370000 0.3370000
v 0.1630000 0.3370000 0.4130000
v 0.1630000 0.4130000 0.4130000
v 0.2500000 0.3950000 0.3550000
v 0.2500000 0.3950000 0.3950000
v 0.2500000 0.3550000 0.3950000
v 0.2500000 0.3550000 0.3550000
v 0.1832059 0.4005677 0.4005677
v 0.1832059 0.4005677 0.3494323
v 0.2070279 0.3954497 0.3954497
v 0.2070279 0.3954497 0.3545503
v 0.2500000 0.3950000 0.3950000
v 0.2500000 0.3950000 0.3550000
v 0.1832059 0.3494323 0.3494323
v 0.1832059 0.3494323 0.4005677
v 0.2070279 0.3545503 0.3545503
v 0.2070279 0.3545503 0.3954497
v 0.2500000 0.3550000 0.3550000
v 0.2500000 0.3550000 0.3950000
v 0.1832059 0.3494323 0.4005677
v 0.1832059 0.4005677 0.4005677
v 0.2070279 0.3545503 0.3954497
v 0.2070279 0.3954497 0.3954497
v 0.2500000 0.3550000 0.3950000
v 0.2500000 0.3950000 0.3950000
v 0.1832059 0.4005677 0.3494323
v 0.1832059 0.3494323 0.3494323
v 0.2070279 0.3954497 0.3545503
v 0.2070279 0.3545503 0.3545503
v 0.2500000 0.3950000 0.3550000
v 0.2500000 0.3550000 0.3550000
v 0.0000000 0.3950000 0.3550000
v 0.0000000 0.3550000 0.3550000
v 0.0000000 0.3550000 0.3950000
v 0.0000000 0.3950000 0.3950000
v 0.0870000 0.4130000 0.3370000
v 0.0870000 0.4130000 0.4130000
v 0.0870000 0.3370000 0.4130000
v 0.0870000 0.3370000 0.3370000
v 0.0000000 0.3950000 0.3550000
v 0.0000000 0.3950000 0.3950000
v 0.0429779 0.3954503 0.3954503
v 0.0429779 0.3954503 0.3545497
v 0.0667996 0.4005697 0.4005697
v 0.0667996 0.4005697 0.3494303
v 0.0000000 0.3550000 0.3550000
v 0.0429779 0.3545497 0.3545497
v 0.0429779 0.3545497 0.3954503
v 0.0000000 0.3550000 0.3950000
v 0.0667996 0.3494303 0.3494303
v 0.0667996 0.3494303 0.4005697
v 0.0000000 0.3550000 0.3950000
v 0.0429779 0.3545497 0.3954503
v 0.0429779 0.3954503 0.3954503
v 0.0000000 0.3950000 0.3950000
v 0.0667996 0.3494303 0.4005697
v 0.0667996 0.4005697 0.4005697
v 0.0000000 0.3550000 0.3550000
v 0.0000000 0.3950000 0.3550000
v 0.0429779 0.3954503 0.3545497
v 0.0429779 0.3545497 0.3545497
v 0.0667996 0.4005697 0.3494303
v 0.0667996 0.3494303 0.3494303
v 0.0870000 0.4130000 0.3370000
v 0.0870000 0.3370000 0.3370000
v 0.0870000 0.3370000 0.4130000
v 0.0870000 0.4130000 0.4130000
v 0.1630000 0.4130000 0.3370000
v 0.1630000 0.4130000 0.4130000
v 0.1630000 0.3370000 0.4130000
v 0.1630000 0.3370000 0.3370000
v 0.0870000 0.4130000 0.3370000
v 0.0870000 0.4130000 0.4130000
v 0.1630000 0.4130000 0.4130000
v 0.1630000 0.4130000 0.3370000
v 0.0870000 0.3370000 0.3370000
v 0.1630000 0.3370000 0.3370000
v 0.1630000 0.3370000 0.4130000
v 0.0870000 0.3370000 0.4130000
v 0.0870000 0.3370000 0.4130000
v 0.1630000 0.3370000 0.4130000
v 0.1630000 0.4130000 0.4130000
v 0.0870000 0.4130000 0.4130000
v 0.0870000 0.3370000 0.3370000
v 0.0870000 0.4130000 0.3370000
v 0.1630000 0.4130000 0.3370000
v 0.1630000 0.3370000 0.3370000
v 0.4130000 0.3370000 0.4130000
v 0.3370000 0.3370000 0.4130000
v 0.3370000 0.4130000 0.4130000
v 0.4130000 0.4130000 0.4130000
v 0.3950000 0.3550000 0.5000000
v 0.3950000 0.3950000 0.5000000
v 0.3550000 0.3950000 0.5000000
v 0.3550000 0.3550000 0.5000000
v 0.4130000 0.3370000 0.4130000
v 0.4130000 0.4130000 0.4130000
v 0.4005677 0.4005677 0.4332058
v 0.4005677 0.3494323 0.4332058
v 0.3954497 0.3954497 0.4570279
v 0.3954497 0.3545503 0.4570279
v 0.3950000 0.3950000 0.5000000
v 0.3950000 0.3550000 0.5000000
v 0.3370000 0.3370000 0.4130000
v 0.3494323 0.3494323 0.4332058
v 0.3494323 0.4005677 0.4332058
v 0.3370000 0.4130000 0.4130000
v 0.3545503 0.3545503 0.4570279
v 0.3545503 0.3954497 0.4570279
v 0.3550000 0.3550000 0.5000000
v 0.3550000 0.3950000 0.5000000
v 0.3370000 0.4130000 0.4130000
v 0.3494323 0.4005677 0.4332058
v 0.4005677 0.4005677 0.4332058
v 0.4130000 0.4130000 0.4130000
v 0.3545503 0.3954497 0.4570279
v 0.3954497 0.3954497 0.4570279
v 0.3550000 0.3950000 0.5000000
v 0.3950000 0.3950000 0.5000000
v 0.3370000 0.3370000 0.4130000
v 0.4130000 0.3370000 0.4130000
v 0.4005677 0.3494323 0.4332058
v 0.3494323 0.3494323 0.4332058
v 0.3954497 0.3545503 0.4570279
v 0.3545503 0.3545503 0.4570279
v 0.3950000 0.3550000 0.5000000
v 0.3550000 0.3550000 0.5000000
v 0.3950000 0.3550000 0.2500000
v 0.3550000 0.3550000 0.2500000
v 0.3550000 0.3950000 0.2500000
v 0.3950000 0.3950000 0.2500000
v 0.4130000 0.3370000 0.3370000
v 0.4130000 0.4130000 0.3370000
v 0.3370000 0.4130000 0.3370000
v 0.3370000 0.3370000 0.3370000
v 0.3950000 0.3550000 0.2500000
v 0.3950000 0.3950000 0.2500000
v 0.3954503 0.3954503 0.2929779
v 0.3954503 0.3545497 0.2929779
v 0.4005697 0.4005697 0.3167996
v 0.4005697 0.3494303 0.3167996
v 0.4130000 0.4130000 0.3370000
v 0.4130000 0.3370000 0.3370000
v 0.3550000 0.3550000 0.2500000
v 0.3545497 0.3545497 0.2929779
v 0.3545497 0.3954503 0.2929779
v 0.3550000 0.3950000 0.2500000
v 0.3494303 0.3494303 0.3167996
v 0.3494303 0.4005697 0.3167996
v 0.3370000 0.3370000 0.3370000
v 0.3370000 0.4130000 0.3370000
v 0.3550000 0.3950000 0.2500000
v 0.3545497 0.3954503 0.2929779
v 0.3954503 0.3954503 0.2929779
v 0.3950000 0.3950000 0.2500000
v 0.3494303 0.4005697 0.3167996
v 0.4005697 0.4005697 0.3167996
v 0.3370000 0.4130000 0.3370000
v 0.4130000 0.4130000 0.3370000
v 0.3550000 0.3550000 0.2500000
v 0.3950000 0.3550000 0.2500000
v 0.3954503 0.3545497 0.2929779
v 0.3545497 0.3545497 0.2929779
v 0.4005697 0.3494303 0.3167996
v 0.3494303 0.3494303 0.3167996
v 0.4130000 0.3370000 0.3370000
v 0.3370000 0.3370000 0.3370000
v 0.3950000 0.5000000 0.3550000
v 0.3550000 0.5000000 0.3550000
v 0.3550000 0.5000000 0.3950000
v 0.3950000 0.5000000 0.3950000
v 0.4130000 0.4130000 0.3370000
v 0.4130000 0.4130000 0.4130000
v 0.3370000 0.4130000 0.4130000
v 0.3370000 0.4130000 0.3370000
v 0.3950000 0.5000000 0.3550000
v 0.3950000 0.5000000 0.3950000
v 0.3954503 0.4570221 0.3954503
v 0.3954503 0.4570221 0.3545497
v 0.4005697 0.4332004 0.4005697
v 0.4005697 0.4332004 0.3494303
v 0.4130000 0.4130000 0.4130000
v 0.4130000 0.4130000 0.3370000
v 0.3550000 0.5000000 0.3550000
v 0.3545497 0.4570221 0.3545497
v 0.3545497 0.4570221 0.3954503
v 0.3550000 0.5000000 0.3950000
v 0.3494303 0.4332004 0.3494303
v 0.3494303 0.4332004 0.4005697
v 0.3370000 0.4130000 0.3370000
v 0.3370000 0.4130000 0.4130000
v 0.3550000 0.5000000 0.3950000
v 0.3545497 0.4570221 0.3954503
v 0.3954503 0.4570221 0.3954503
v 0.3950000 0.5000000 0.3950000
v 0.3494303 0.4332004 0.4005697
v 0.4005697 0.4332004 0.4005697
v 0.3550000 0.5000000 0.3550000
v 0.3950000 0.5000000 0.3550000
v 0.3954503 0.4570221 0.3545497
v 0.3545497 0.4570221 0.3545497
v 0.4005697 0.4332004 0.3494303
v 0.3494303 0.4332004 0.3494303
v 0.4130000 0.3370000 0.3370000
v 0.3370000 0.3370000 0.3370000
v 0.3370000 0.3370000 0.4130000
v 0.4130000 0.3370000 0.4130000
v 0.3950000 0.2500000 0.3550000
v 0.3950000 0.2500000 0.3950000
v 0.3550000 0.2500000 0.3950000
v 0.3550000 0.2500000 0.3550000
v 0.4130000 0.3370000 0.3370000
v 0.4130000 0.3370000 0.4130000
v 0.4005677 0.3167942 0.4005677
v 0.4005677 0.3167942 0.3494323
v 0.3954497 0.2929721 0.3954497
v 0.3954497 0.2929721 0.3545503
v 0.3950000 0.2500000 0.3950000
v 0.3950000 0.2500000 0.3550000
v 0.3370000 0.3370000 0.3370000
v 0.3494323 0.3167942 0.3494323
v 0.3494323 0.3167942 0.4005677
v 0.3370000 0.3370000 0.4130000
v 0.3545503 0.2929721 0.3545503
v 0.3545503 0.2929721 0.3954497
v 0.3550000 0.2500000 0.3550000
v 0.3550000 0.2500000 0.3950000
v 0.3494323 0.3167942 0.4005677
v 0.4005677 0.3167942 0.4005677
v 0.3545503 0.2929721 0.3954497
v 0.3954497 0.2929721 0.3954497
v 0.3550000 0.2500000 0.3950000
v 0.3950000 0.2500000 0.3950000
v 0.4005677 0.3167942 0.3494323
v 0.3494323 0.3167942 0.3494323
v 0.3954497 0.2929721 0.3545503
v 0.3545503 0.2929721 0.3545503
v 0.3950000 0.2500000 0.3550000
v 0.3550000 0.2500000 0.3550000
v 0.4130000 0.4130000 0.3370000
v 0.4130000 0.3370000 0.3370000
v 0.4130000 0.3370000 0.4130000
v 0.4130000 0.4130000 0.4130000
v 0.5000000 0.3950000 0.3550000
v 0.5000000 0.3950000 0.3950000
v 0.5000000 0.3550000 0.3950000
v 0.5000000 0.3550000 0.3550000
v 0.4332058 0.4005677 0.4005677
v 0.4332058 0.4005677 0.3494323
v 0.4570279 0.3954497 0.3954497
v 0.4570279 0.3954497 0.3545503
v 0.5000000 0.3950000 0.3950000
v 0.5000000 0.3950000 0.3550000
v 0.4332058 0.3494323 0.3494323
v 0.4332058 0.3494323 0.4005677
v 0.4570279 0.3545503 0.3545503
v 0.4570279 0.3545503 0.3954497
v 0.5000000 0.3550000 0.3550000
v 0.5000000 0.3550000 0.3950000
v 0.4332058 0.3494323 0.4005677
v 0.4332058 0.4005677 0.4005677
v 0.4570279 0.3545503 0.3954497
v 0.4570279 0.3954497 0.3954497
v 0.5000000 0.3550000 0.3950000
v 0.5000000 0.3950000 0.3950000
v 0.4332058 0.4005677 0.3494323
v 0.4332058 0.3494323 0.3494323
v 0.4570279 0.3954497 0.3545503
v 0.4570279 0.3545503 0.3545503
v 0.5000000 0.3950000 0.3550000
v 0.5000000 0.3550000 0.3550000
v 0.2500000 0.3950000 0.3550000
v 0.2500000 0.3550000 0.3550000
v 0.2500000 0.3550000 0.3950000
v 0.2500000 0.3950000 0.3950000
v 0.3370000 0.4130000 0.3370000
v 0.3370000 0.4130000 0.4130000
v 0.3370000 0.3370000 0.4130000
v 0.3370000 0.3370000 0.3370000
v 0.2500000 0.3950000 0.3550000
v 0.2500000 0.3950000 0.3950000
v 0.2929779 0.3954503 0.3954503
v 0.2929779 0.3954503 0.3545497
v 0.3167996 0.4005697 0.4005697
v 0.3167996 0.4005697 0.3494303
v 0.2500000 0.3550000 0.3550000
v 0.2929779 0.3545497 0.3545497
v 0.2929779 0.3545497 0.3954503
v 0.2500000 0.3550000 0.3950000
v 0.3167996 0.3494303 0.3494303
v 0.3167996 0.3494303 0.4005697
v 0.2500000 0.3550000 0.3950000
v 0.2929779 0.3545497 0.3954503
v 0.2929779 0.3954503 0.3954503
v 0.2500000 0.3950000 0.3950000
v 0.3167996 0.3494303 0.4005697
v 0.3167996 0.4005697 0.4005697
v 0.2500000 0.3550000 0.3550000
v 0.2500000 0.3950000 0.3550000
v 0.2929779 0.3954503 0.3545497
v 0.2929779 0.3545497 0.3545497
v 0.3167996 0.4005697 0.3494303
v 0.3167996 0.3494303 0.3494303
v 0.3370000 0.4130000 0.3370000
v 0.3370000 0.3370000 0.3370000
v 0.3370000 0.3370000 0.4130000
v 0.3370000 0.4130000 0.4130000
v 0.4130000 0.4130000 0.3370000
v 0.4130000 0.4130000 0.4130000
v 0.4130000 0.3370000 0.4130000
v 0.4130000 0.3370000 0.3370000
v 0.3370000 0.4130000 0.3370000
v 0.3370000 0.4130000 0.4130000
v 0.4130000 0.4130000 0.4130000
v 0.4130000 0.4130000 0.3370000
v 0.3370000 0.3370000 0.3370000
v 0.4130000 0.3370000 0.3370000
v 0.4130000 0.3370000 0.4130000
v 0.3370000 0.3370000 0.4130000
v 0.3370000 0.3370000 0.4130000
v 0.4130000 0.3370000 0.4130000
v 0.4130000 0.4130000 0.4130000
v 0.3370000 0.4130000 0.4130000
v 0.3370000 0.3370000 0.3370000
v 0.3370000 0.4130000 0.3370000
v 0.4130000 0.4130000 0.3370000
v 0.4130000 0.3370000 0.3370000
v 0.6630000 0.3370000 0.4130000
v 0.5870000 0.3370000 0.4130000
v 0.5870000 0.4130000 0.4130000
v 0.6630000 0.4130000 0.4130000
v 0.6450000 0.3550000 0.5000000
v 0.6450000 0.3950000 0.5000000
v 0.6050000 0.3950000 0.5000000
v 0.6050000 0.3550000 0.5000000
v 0.6630000 0.3370000 0.4130000
v 0.6630000 0.4130000 0.4130000
v 0.6505678 0.4005677 0.4332058
v 0.6505678 0.3494323 0.4332058
v 0.6454497 0.3954497 0.4570279
v 0.6454497 0.3545503 0.4570279
v 0.6450000 0.3950000 0.5000000
v 0.6450000 0.3550000 0.5000000
v 0.5870000 0.3370000 0.4130000
v 0.5994322 0.3494323 0.4332058
v 0.5994322 0.4005677 0.4332058
v 0.5870000 0.4130000 0.4130000
v 0.6045503 0.3545503 0.4570279
v 0.6045503 0.3954497 0.4570279
v 0.6050000 0.3550000 0.5000000
v 0.6050000 0.3950000 0.5000000
v 0.5870000 0.4130000 0.4130000
v 0.5994322 0.4005677 0.4332058
v 0.6505678 0.4005677 0.4332058
v 0.6630000 0.4130000 0.4130000
v 0.6045503 0.3954497 0.4570279
v 0.6454497 0.3954497 0.4570279
v 0.6050000 0.3950000 0.5000000
v 0.6450000 0.3950000 0.5000000
v 0.5870000 0.3370000 0.4130000
v 0.6630000 0.3370000 0.4130000
v 0.6505678 0.3494323 0.4332058
v 0.5994322 0.3494323 0.4332058
v 0.6454497 0.3545503 0.4570279
v 0.6045503 0.3545503 0.4570279
v 0.6450000 0.3550000 0.5000000
v 0.6050000 0.3550000 0.5000000
v 0.6450000 0.3550000 0.2500000
v 0.6050000 0.3550000 0.2500000
v 0.6050000 0.3950000 0.2500000
v 0.6450000 0.3950000 0.2500000
v 0.6630000 0.3370000 0.3370000
v 0.6630000 0.4130000 0.3370000
v 0.5870000 0.4130000 0.3370000
v 0.5870000 0.3370000 0.3370000
v 0.6450000 0.3550000 0.2500000
v 0.6450000 0.3950000 0.2500000
v 0.6454503 0.3954503 0.2929779
v 0.6454503 0.3545497 0.2929779
v 0.6505697 0.4005697 0.3167996
v 0.6505697 0.3494303 0.3167996
v 0.6630000 0.4130000 0.3370000
v 0.6630000 0.3370000 0.3370000
v 0.6050000 0.3550000 0.2500000
v 0.6045497 0.3545497 0.2929779
v 0.6045497 0.3954503 0.2929779
v 0.6050000 0.3950000 0.2500000
v 0.5994303 0.3494303 0.3167996
v 0.5994303 0.4005697 0.3167996
v 0.5870000 0.3370000 0.3370000
v 0.5870000 0.4130000 0.3370000
v 0.6050000 0.3950000 0.2500000
v 0.6045497 0.3954503 0.2929779
v 0.6454503 0.3954503 0.2929779
v 0.6450000 0.3950000 0.2500000
v 0.5994303 0.4005697 0.3167996
v 0.6505697 0.4005697 0.3167996
v 0.5870000 0.4130000 0.3370000
v 0.6630000 0.4130000 0.3370000
v 0.6050000 0.3550000 0.2500000
v 0.6450000 0.3550000 0.2500000
v 0.6454503 0.3545497 0.2929779
v 0.6045497 0.3545497 0.2929779
v 0.6505697 0.3494303 0.3167996
v 0.5994303 0.3494303 0.3167996
v 0.6630000 0.3370000 0.3370000
v 0.5870000 0.3370000 0.3370000
v 0.6450000 0.5000000 0.3550000
v 0.6050000 0.5000000 0.3550000
v 0.6050000 0.5000000 0.3950000
v 0.6450000 0.5000000 0.3950000
v 0.6630000 0.4130000 0.3370000
v 0.6630000 0.4130000 0.4130000
v 0.5870000 0.4130000 0.4130000
v 0.5870000 0.4130000 0.3370000
v 0.6450000 0.5000000 0.3550000
v 0.6450000 0.5000000 0.3950000
v 0.6454503 0.4570221 0.3954503
v 0.6454503 0.4570221 0.3545497
v 0.6505697 0.4332004 0.4005697
v 0.6505697 0.4332004 0.3494303
v 0.6630000 0.4130000 0.4130000
v 0.6630000 0.4130000 0.3370000
v 0.6050000 0.5000000 0.3550000
v 0.6045497 0.4570221 0.3545497
v 0.6045497 0.4570221 0.3954503
v 0.6050000 0.5000000 0.3950000
v 0.5994303 0.4332004 0.3494303
v 0.5994303 0.4332004 0.4005697
v 0.5870000 0.4130000 0.3370000
v 0.5870000 0.4130000 0.4130000
v 0.6050000 0.5000000 0.3950000
v 0.6045497 0.4570221 0.3954503
v 0.6454503 0.4570221 0.3954503
v 0.6450000 0.5000000 0.3950000
v 0.5994303 0.4332004 0.4005697
v 0.6505697 0.4332004 0.4005697
v 0.6050000 0.5000000 0.3550000
v 0.6450000 0.5000000 0.3550000
v 0.6454503 0.4570221 0.3545497
v 0.6045497 0.4570221 0.3545497
v 0.6505697 0.4332004 0.3494303
v 0.5994303 0.4332004 0.3494303
v 0.6630000 0.3370000 0.3370000
v 0.5870000 0.3370000 0.3370000
v 0.5870000 0.3370000 0.4130000
v 0.6630000 0.3370000 0.4130000
v 0.6450000 0.2500000 0.3550000
v 0.6450000 0.2500000 0.3950000
v 0.6050000 0.2500000 0.3950000
v 0.6050000 0.2500000 0.3550000
v 0.6630000 0.3370000 0.3370000
v 0.6630000 0.3370000 0.4130000
v 0.6505678 0.3167942 0.4005677
v 0.6505678 0.3167942 0.3494323
v 0.6454497 0.2929721 0.3954497
v 0.6454497 0.2929721 0.3545503
v 0.6450000 0.2500000 0.3950000
v 0.6450000 0.2500000 0.3550000
v 0.5870000 0.3370000 0.3370000
v 0.5994322 0.3167942 0.3494323
v 0.5994322 0.3167942 0.4005677
v 0.5870000 0.3370000 0.4130000
v 0.6045503 0.2929721 0.3545503
v 0.6045503 0.2929721 0.3954497
v 0.6050000 0.2500000 0.3550000
v 0.6050000 0.2500000 0.3950000
v 0.5994322 0.3167942 0.4005677
v 0.6505678 0.3167942 0.4005677
v 0.6045503 0.2929721 0.3954497
v 0.6454497 0.2929721 0.3954497
v 0.6050000 0.2500000 0.3950000
v 0.6450000 0.2500000 0.3950000
v 0.6505678 0.3167942 0.3494323
v 0.5994322 0.3167942 0.3494323
v 0.6454497 0.2929721 0.3545503
v 0.6045503 0.2929721 0.3545503
v 0.6450000 0.2500000 0.3550000
v 0.6050000 0.2500000 0.3550000
v 0.6630000 0.4130000 0.3370000
v 0.6630000 0.3370000 0.3370000
v 0.6630000 0.3370000 0.4130000
v 0.6630000 0.4130000 0.4130000
v 0.7500000 0.3950000 0.3550000
v 0.7500000 0.3950000 0.3950000
v 0.7500000 0.3550000 0.3950000
v 0.7500000 0.3550000 0.3550000
v 0.6832058 0.4005677 0.4005677
v 0.6832058 0.4005677 0.3494323
v 0.7070279 0.3954497 0.3954497
v 0.7070279 0.3954497 0.3545503
v 0.7500000 0.3950000 0.3950000
v 0.7500000 0.3950000 0.3550000
v 0.6832058 0.3494323 0.3494323
v 0.6832058 0.3494323 0.4005677
v 0.7070279 0.3545503 0.3545503
v 0.7070279 0.3545503 0.3954497
v 0.7500000 0.3550000 0.3550000
v 0.7500000 0.3550000 0.3950000
v 0.6832058 0.3494323 0.4005677
v 0.6832058 0.4005677 0.4005677
v 0.7070279 0.3545503 0.3954497
v 0.7070279 0.3954497 0.3954497
v 0.7500000 0.3550000 0.3950000
v 0.7500000 0.3950000 0.3950000
v 0.6832058 0.4005677 0.3494323
v 0.6832058 0.3494323 0.3494323
v 0.7070279 0.3954497 0.3545503
v 0.7070279 0.3545503 0.3545503
v 0.7500000 0.3950000 0.3550000
v 0.7500000 0.3550000 0.3550000
v 0.5000000 0.3950000 0.3550000
v 0.5000000 0.3550000 0.3550000
v 0.5000000 0.3550000 0.3950000
v 0.5000000 0.3950000 0.3950000
v 0.5870000 0.4130000 0.3370000
v 0.5870000 0.4130000 0.4130000
v 0.5870000 0.3370000 0.4130000
v 0.5870000 0.3370000 0.3370000
v 0.5000000 0.3950000 0.3550000
v 0.5000000 0.3950000 0.3950000
v 0.5429779 0.3954503 0.3954503
v 0.5429779 0.3954503 0.3545497
v 0.5667996 0.4005697 0.4005697
v 0.5667996 0.4005697 0.3494303
v 0.5000000 0.3550000 0.3550000
v 0.5429779 0.3545497 0.3545497
v 0.5429779 0.3545497 0.3954503
v 0.5000000 0.3550000 0.3950000
v 0.5667996 0.3494303 0.3494303
v 0.5667996 0.3494303 0.4005697
v 0.5000000 0.3550000 0.3950000
v 0.5429779 0.3545497 0.3954503
v 0.5429779 0.3954503 0.3954503
v 0.5000000 0.3950000 0.3950000
v 0.5667996 0.3494303 0.4005697
v 0.5667996 0.4005697 0.4005697
v 0.5000000 0.3550000 0.3550000
v 0.5000000 0.3950000 0.3550000
v 0.5429779 0.3954503 0.3545497
v 0.5429779 0.3545497 0.3545497
v 0.5667996 0.4005697 0.3494303
v 0.5667996 0.3494303 0.3494303
v 0.5870000 0.4130000 0.3370000
v 0.5870000 0.3370000 0.3370000
v 0.5870000 0.3370000 0.4130000
v 0.5870000 0.4130000 0.4130000
v 0.6630000 0.4130000 0.3370000
v 0.6630000 0.4130000 0.4130000
v 0.6630000 0.3370000 0.4130000
v 0.6630000 0.3370000 0.3370000
v 0.5870000 0.4130000 0.3370000
v 0.5870000 0.4130000 0.4130000
v 0.6630000 0.4130000 0.4130000
v 0.6630000 0.4130000 0.3370000
v 0.5870000 0.3370000 0.3370000
v 0.6630000 0.3370000 0.3370000
v 0.6630000 0.3370000 0.4130000
v 0.5870000 0.3370000 0.4130000
v 0.5870000 0.3370000 0.4130000
v 0.6630000 0.3370000 0.4130000
v 0.6630000 0.4130000 0.4130000
v 0.5870000 0.4130000 0.4130000
v 0.5870000 0.3370000 0.3370000
v 0.5870000 0.4130000 0.3370000
v 0.6630000 0.4130000 0.3370000
v 0.6630000 0.3370000 0.3370000
v 0.9130000 0.3370000 0.4130000
v 0.8370000 0.3370000 0.4130000
v 0.8370000 0.4130000 0.4130000
v 0.9130000 0.4130000 0.4130000
v 0.8950000 0.3550000 0.5000000
v 0.8950000 0.3950000 0.5000000
v 0.8550000 0.3950000 0.5000000
v 0.8550000 0.3550000 0.5000000
v 0.9130000 0.3370000 0.4130000
v 0.9130000 0.4130000 0.4130000
v 0.9005678 0.4005677 0.4332058
v 0.9005678 0.3494323 0.4332058
v 0.8954497 0.3954497 0.4570279
v 0.8954497 0.3545503 0.4570279
v 0.8950000 0.3950000 0.5000000
v 0.8950000 0.3550000 0.5000000
v 0.8370000 0.3370000 0.4130000
v 0.8494322 0.3494323 0.4332058
v 0.8494322 0.4005677 0.4332058
v 0.8370000 0.4130000 0.4130000
v 0.8545503 0.3545503 0.4570279
v 0.8545503 0.3954497 0.4570279
v 0.8550000 0.3550000 0.5000000
v 0.8550000 0.3950000 0.5000000
v 0.8370000 0.4130000 0.4130000
v 0.8494322 0.4005677 0.4332058
v 0.9005678 0.4005677 0.4332058
v 0.9130000 0.4130000 0.4130000
v 0.8545503 0.3954497 0.4570279
v 0.8954497 0.3954497 0.4570279
v 0.8550000 0.3950000 0.5000000
v 0.8950000 0.3950000 0.5000000
v 0.8370000 0.3370000 0.4130000
v 0.9130000 0.3370000 0.4130000
v 0.9005678 0.3494323 0.4332058
v 0.8494322 0.3494323 0.4332058
v 0.8954497 0.3545503 0.4570279
v 0.8545503 0.3545503 0.4570279
v 0.8950000 0.3550000 0.5000000
v 0.8550000 0.3550000 0.5000000
v 0.8950000 0.3550000 0.2500000
v 0.8550000 0.3550000 0.2500000
v 0.8550000 0.3950000 0.2500000
v 0.8950000 0.3950000 0.2500000
v 0.9130000 0.3370000 0.3370000
v 0.9130000 0.4130000 0.3370000
v 0.8370000 0.4130000 0.3370000
v 0.8370000 0.3370000 0.3370000
v 0.8950000 0.3550000 0.2500000
v 0.8950000 0.3950000 0.2500000
v 0.8954503 0.3954503 0.2929779
v 0.8954503 0.3545497 0.2929779
v 0.9005697 0.4005697 0.3167996
v 0.9005697 0.3494303 0.3167996
v 0.9130000 0.4130000 0.3370000
v 0.9130000 0.3370000 0.3370000
v 0.8550000 0.3550000 0.2500000
v 0.8545497 0.3545497 0.2929779
v 0.8545497 0.3954503 0.2929779
v 0.8550000 0.3950000 0.2500000
v 0.8494303 0.3494303 0.3167996
v 0.8494303 0.4005697 0.3167996
v 0.8370000 0.3370000 0.3370000
v 0.8370000 0.4130000 0.3370000
v 0.8550000 0.3950000 0.2500000
v 0.8545497 0.3954503 0.2929779
v 0.8954503 0.3954503 0.2929779
v 0.8950000 0.3950000 0.2500000
v 0.8494303 0.4005697 0.3167996
v 0.9005697 0.4005697 0.3167996
v 0.8370000 0.4130000 0.3370000
v 0.9130000 0.4130000 0.3370000
v 0.8550000 0.3550000 0.2500000
v 0.8950000 0.3550000 0.2500000
v 0.8954503 0.3545497 0.2929779
v 0.8545497 0.3545497 0.2929779
v 0.9005697 0.3494303 0.3167996
v 0.8494303 0.3494303 0.3167996
v 0.9130000 0.3370000 0.3370000
v 0.8370000 0.3370000 0.3370000
v 0.8950000 0.5000000 0.3550000
v 0.8550000 0.5000000 0.3550000
v 0.8550000 0.5000000 0.3950000
v 0.8950000 0.5000000 0.3950000
v 0.9130000 0.4130000 0.3370000
v 0.9130000 0.4130000 0.4130000
v 0.8370000 0.4130000 0.4130000
v 0.8370000 0.4130000 0.3370000
v 0.8950000 0.5000000 0.3550000
v 0.8950000 0.5000000 0.3950000
v 0.8954503 0.4570221 0.3954503
v 0.8954503 0.4570221 0.3545497
v 0.9005697 0.4332004 0.4005697
v 0.9005697 0.4332004 0.3494303
v 0.9130000 0.4130000 0.4130000
v 0.9130000 0.4130000 0.3370000
v 0.8550000 0.5000000 0.3550000
v 0.8545497 0.4570221 0.3545497
v 0.8545497 0.4570221 0.3954503
v 0.8550000 0.5000000 0.3950000
v 0.8494303 0.4332004 0.3494303
v 0.8494303 0.4332004 0.4005697
v 0.8370000 0.4130000 0.3370000
v 0.8370000 0.4130000 0.4130000
v 0.8550000 0.5000000 0.3950000
v 0.8545497 0.4570221 0.3954503
v 0.8954503 0.4570221 0.3954503
v 0.8950000 0.5000000 0.3950000
v 0.8494303 0.4332004 0.4005697
v 0.9005697 0.4332004 0.4005697
v 0.8550000 0.5000000 0.3550000
v 0.8950000 0.5000000 0.3550000
v 0.8954503 0.4570221 0.3545497
v 0.8545497 0.4570221 0.3545497
v 0.9005697 0.4332004 0.3494303
v 0.8494303 0.4332004 0.3494303
v 0.9130000 0.3370000 0.3370000
v 0.8370000 0.3370000 0.3370000
v 0.8370000 0.3370000 0.4130000
v 0.9130000 0.3370000 0.4130000
v 0.8950000 0.2500000 0.3550000
v 0.8950000 0.2500000 0.3950000
v 0.8550000 0.2500000 0.3950000
v 0.8550000 0.2500000 0.3550000
v 0.9130000 0.3370000 0.3370000
v 0.9130000 0.3370000 0.4130000
v 0.9005678 0.3167942 0.4005677
v 0.9005678 0.3167942 0.3494323
v 0.8954497 0.2929721 0.3954497
v 0.8954497 0.2929721 0.3545503
v 0.8950000 0.2500000 0.3950000
v 0.8950000 0.2500000 0.3550000
v 0.8370000 0.3370000 0.3370000
v 0.8494322 0.3167942 0.3494323
v 0.8494322 0.3167942 0.4005677
v 0.8370000 0.3370000 0.4130000
v 0.8545503 0.2929721 0.3545503
v 0.8545503 0.2929721 0.3954497
v 0.8550000 0.2500000 0.3550000
v 0.8550000 0.2500000 0.3950000
v 0.8494322 0.3167942 0.4005677
v 0.9005678 0.3167942 0.4005677
v 0.8545503 0.2929721 0.3954497
v 0.8954497 0.2929721 0.3954497
v 0.8550000 0.2500000 0.3950000
v 0.8950000 0.2500000 0.3950000
v 0.9005678 0.3167942 0.3494323
v 0.8494322 0.3167942 0.3494323
v 0.8954497 0.2929721 0.3545503
v 0.8545503 0.2929721 0.3545503
v 0.8950000 0.2500000 0.3550000
v 0.8550000 0.2500000 0.3550000
v 0.9130000 0.4130000 0.3370000
v 0.9130000 0.3370000 0.3370000
v 0.9130000 0.3370000 0.4130000
v 0.9130000 0.4130000 0.4130000
v 1.0000000 0.3950000 0.3550000
v 1.0000000 0.3950000 0.3950000
v 1.0000000 0.3550000 0.3950000
v 1.0000000 0.3550000 0.3550000
v 0.9332058 0.4005677 0.4005677
v 0.9332058 0.4005677 0.3494323
v 0.9570279 0.3954497 0.3954497
v 0.9570279 0.3954497 0.3545503
v 1.0000000 0.3950000 0.3950000
v 1.0000000 0.3950000 0.3550000
v 0.9332058 0.3494323 0.3494323
v 0.9332058 0.3494323 0.4005677
v 0.9570279 0.3545503 0.3545503
v 0.9570279 0.3545503 0.3954497
v 1.0000000 0.3550000 0.3550000
v 1.0000000 0.3550000 0.3950000
v 0.9332058 0.3494323 0.4005677
v 0.9332058 0.4005677 0.4005677
v 0.9570279 0.3545503 0.3954497
v 0.9570279 0.3954497 0.3954497
v 1.0000000 0.3550000 0.3950000
v 1.0000000 0.3950000 0.3950000
v 0.9332058 0.4005677 0.3494323
v 0.9332058 0.3494323 0.3494323
v 0.9570279 0.3954497 0.3545503
v 0.9570279 0.3545503 0.3545503
v 1.0000000 0.3950000 0.3550000
v 1.0000000 0.3550000 0.3550000
v 0.7500000 0.3950000 0.3550000
v 0.7500000 0.3550000 0.3550000
v 0.7500000 0.3550000 0.3950000
v 0.7500000 0.3950000 0.3950000
v 0.8370000 0.4130000 0.3370000
v 0.8370000 0.4130000 0.4130000
v 0.8370000 0.3370000 0.4130000
v 0.8370000 0.3370000 0.3370000
v 0.7500000 0.3950000 0.3550000
v 0.7500000 0.3950000 0.3950000
v 0.7929779 0.3954503 0.3954503
v 0.7929779 0.3954503 0.3545497
v 0.8167996 0.4005697 0.4005697
v 0.8167996 0.4005697 0.3494303
v 0.7500000 0.3550000 0.3550000
v 0.7929779 0.3545497 0.3545497
v 0.7929779 0.3545497 0.3954503
v 0.7500000 0.3550000 0.3950000
v 0.8167996 0.3494303 0.3494303
v 0.8167996 0.3494303 0.4005697
v 0.7500000 0.3550000 0.3950000
v 0.7929779 0.3545497 0.3954503
v 0.7929779 0.3954503 0.3954503
v 0.7500000 0.3950000 0.3950000
v 0.8167996 0.3494303 0.4005697
v 0.8167996 0.4005697 0.4005697
v 0.7500000 0.3550000 0.3550000
v 0.7500000 0.3950000 0.3550000
v 0.7929779 0.3954503 0.3545497
v 0.7929779 0.3545497 0.3545497
v 0.8167996 0.4005697 0.3494303
v 0.8167996 0.3494303 0.3494303
v 0.8370000 0.4130000 0.3370000
v 0.8370000 0.3370000 0.3370000
v 0.8370000 0.3370000 0.4130000
v 0.8370000 0.4130000 0.4130000
v 0.9130000 0.4130000 0.3370000
v 0.9130000 0.4130000 0.4130000
v 0.9130000 0.3370000 0.4130000
v 0.9130000 0.3370000 0.3370000
v 0.8370000 0.4130000 0.3370000
v 0.8370000 0.4130000 0.4130000
v 0.9130000 0.4130000 0.4130000
v 0.9130000 0.4130000 0.3370000
v 0.8370000 0.3370000 0.3370000
v 0.9130000 0.3370000 0.3370000
v 0.9130000 0.3370000 0.4130000
v 0.8370000 0.3370000 0.4130000
v 0.8370000 0.3370000 0.4130000
v 0.9130000 0.3370000 0.4130000
v 0.9130000 0.4130000 0.4130000
v 0.8370000 0.4130000 0.4130000
v 0.8370000 0.3370000 0.3370000
v 0.8370000 0.4130000 0.3370000
v 0.9130000 0.4130000 0.3370000
v 0.9130000 0.3370000 0.3370000
v 0.1630000 0.5870000 0.4130000
v 0.0870000 0.5870000 0.4130000
v 0.0870000 0.6630000 0.4130000
v 0.1630000 0.6630000 0.4130000
v 0.1450000 0.6050000 0.5000000
v 0.1450000 0.6450000 0.5000000
v 0.1050000 0.6450000 0.5000000
v 0.1050000 0.6050000 0.5000000
v 0.1630000 0.5870000 0.4130000
v 0.1630000 0.6630000 0.4130000
v 0.1505678 0.6505678 0.4332058
v 0.1505678 0.5994322 0.4332058
v 0.1454497 0.6454497 0.4570279
v 0.1454497 0.6045503 0.4570279
v 0.1450000 0.6450000 0.5000000
v 0.1450000 0.6050000 0.5000000
v 0.0870000 0.5870000 0.4130000
v 0.0994322 0.5994322 0.4332058
v 0.0994322 0.6505678 0.4332058
v 0.0870000 0.6630000 0.4130000
v 0.1045503 0.6045503 0.4570279
v 0.1045503 0.6454497 0.4570279
v 0.1050000 0.6050000 0.5000000
v 0.1050000 0.6450000 0.5000000
v 0.0870000 0.6630000 0.4130000
v 0.0994322 0.6505678 0.4332058
v 0.1505678 0.6505678 0.4332058
v 0.1630000 0.6630000 0.4130000
v 0.1045503 0.6454497 0.4570279
v 0.1454497 0.6454497 0.4570279
v 0.1050000 0.6450000 0.5000000
v 0.1450000 0.6450000 0.5000000
v 0.0870000 0.5870000 0.4130000
v 0.1630000 0.5870000 0.4130000
v 0.1505678 0.5994322 0.4332058
v 0.0994322 0.5994322 0.4332058
v 0.1454497 0.6045503 0.4570279
v 0.1045503 0.6045503 0.4570279
v 0.1450000 0.6050000 0.5000000
v 0.1050000 0.6050000 0.5000000
v 0.1450000 0.6050000 0.2500000
v 0.1050000 0.6050000 0.2500000
v 0.1050000 0.6450000 0.2500000
v 0.1450000 0.6450000 0.2500000
v 0.1630000 0.5870000 0.3370000
v 0.1630000 0.6630000 0.3370000
v 0.0870000 0.6630000 0.3370000
v 0.0870000 0.5870000 0.3370000
v 0.1450000 0.6050000 0.2500000
v 0.1450000 0.6450000 0.2500000
v 0.1454503 0.6454503 0.2929779
v 0.1454503 0.6045497 0.2929779
v 0.1505698 0.6505697 0.3167996
v 0.1505698 0.5994303 0.3167996
v 0.1630000 0.6630000 0.3370000
v 0.1630000 0.5870000 0.3370000
v 0.1050000 0.6050000 0.2500000
v 0.1045497 0.6045497 0.2929779
v 0.1045497 0.6454503 0.2929779
v 0.1050000 0.6450000 0.2500000
v 0.0994303 0.5994303 0.3167996
v 0.0994303 0.6505697 0.3167996
v 0.0870000 0.5870000 0.3370000
v 0.0870000 0.6630000 0.3370000
v 0.1050000 0.6450000 0.2500000
v 0.1045497 0.6454503 0.2929779
v 0.1454503 0.6454503 0.2929779
v 0.1450000 0.6450000 0.2500000
v 0.0994303 0.6505697 0.3167996
v 0.1505698 0.6505697 0.3167996
v 0.0870000 0.6630000 0.3370000
v 0.1630000 0.6630000 0.3370000
v 0.1050000 0.6050000 0.2500000
v 0.1450000 0.6050000 0.2500000
v 0.1454503 0.6045497 0.2929779
v 0.1045497 0.6045497 0.2929779
v 0.1505698 0.5994303 0.3167996
v 0.0994303 0.5994303 0.3167996
v 0.1630000 0.5870000 0.3370000
v 0.0870000 0.5870000 0.3370000
v 0.1450000 0.7500000 0.3550000
v 0.1050000 0.7500000 0.3550000
v 0.1050000 0.7500000 0.3950000
v 0.1450000 0.7500000 0.3950000
v 0.1630000 0.6630000 0.3370000
v 0.1630000 0.6630000 0.4130000
v 0.0870000 0.6630000 0.4130000
v 0.0870000 0.6630000 0.3370000
v 0.1450000 0.7500000 0.3550000
v 0.1450000 0.7500000 0.3950000
v 0.1454503 0.7070221 0.3954503
v 0.1454503 0.7070221 0.3545497
v 0.1505698 0.6832004 0.4005697
v 0.1505698 0.6832004 0.3494303
v 0.1630000 0.6630000 0.4130000
v 0.1630000 0.6630000 0.3370000
v 0.1050000 0.7500000 0.3550000
v 0.1045497 0.7070221 0.3545497
v 0.1045497 0.7070221 0.3954503
v 0.1050000 0.7500000 0.3950000
v 0.0994303 0.6832004 0.3494303
v 0.0994303 0.6832004 0.4005697
v 0.0870000 0.6630000 0.3370000
v 0.0870000 0.6630000 0.4130000
v 0.1050000 0.7500000 0.3950000
v 0.1045497 0.7070221 0.3954503
v 0.1454503 0.7070221 0.3954503
v 0.1450000 0.7500000 0.3950000
v 0.0994303 0.6832004 0.4005697
v 0.1505698 0.6832004 0.4005697
v 0.1050000 0.7500000 0.3550000
v 0.1450000 0.7500000 0.3550000
v 0.1454503 0.7070221 0.3545497
v 0.1045497 0.7070221 0.3545497
v 0.1505698 0.6832004 0.3494303
v 0.0994303 0.6832004 0.3494303
v 0.1630000 0.5870000 0.3370000
v 0.0870000 0.5870000 0.3370000
v 0.0870000 0.5870000 0.4130000
v 0.1630000 0.5870000 0.4130000
v 0.1450000 0.5000000 0.3550000
v 0.1450000 0.5000000 0.3950000
v 0.1050000 0.5000000 0.3950000
v 0.1050000 0.5000000 0.3550000
v 0.1630000 0.5870000 0.3370000
v 0.1630000 0.5870000 0.4130000
v 0.1505678 0.5667942 0.4005677
v 0.1505678 0.5667942 0.3494323
v 0.1454497 0.5429721 0.3954497
v 0.1454497 0.5429721 0.3545503
v 0.1450000 0.5000000 0.3950000
v 0.1450000 0.5000000 0.3550000
v 0.0870000 0.5870000 0.3370000
v 0.0994322 0.5667942 0.3494323
v 0.0994322 0.5667942 0.4005677
v 0.0870000 0.5870000 0.4130000
v 0.1045503 0.5429721 0.3545503
v 0.1045503 0.5429721 0.3954497
v 0.1050000 0.5000000 0.3550000
v 0.1050000 0.5000000 0.3950000
v 0.0994322 0.5667942 0.4005677
v 0.1505678 0.5667942 0.4005677
v 0.1045503 0.5429721 0.3954497
v 0.1454497 0.5429721 0.3954497
v 0.1050000 0.5000000 0.3950000
v 0.1450000 0.5000000 0.3950000
v 0.1505678 0.5667942 0.3494323
v 0.0994322 0.5667942 0.3494323
v 0.1454497 0.5429721 0.3545503
v 0.1045503 0.5429721 0.3545503
v 0.1450000 0.5000000 0.3550000
v 0.1050000 0.5000000 0.3550000
v 0.1630000 0.6630000 0.3370000
v 0.1630000 0.5870000 0.3370000
v 0.1630000 0.5870000 0.4130000
v 0.1630000 0.6630000 0.4130000
v 0.2500000 0.6450000 0.3550000
v 0.2500000 0.6450000 0.3950000
v 0.2500000 0.6050000 0.3950000
v 0.2500000 0.6050000 0.3550000
v 0.1832059 0.6505678 0.4005677
v 0.1832059 0.6505678 0.3494323
v 0.2070279 0.6454497 0.3954497
v 0.2070279 0.6454497 0.3545503
v 0.2500000 0.6450000 0.3950000
v 0.2500000 0.6450000 0.3550000
v 0.1832059 0.5994322 0.3494323
v 0.1832059 0.5994322 0.4005677
v 0.2070279 0.6045503 0.3545503
v 0.2070279 0.6045503 0.3954497
v 0.2500000 0.6050000 0.3550000
v 0.2500000 0.6050000 0.3950000
v 0.1832059 0.5994322 0.4005677
v 0.1832059 0.6505678 0.4005677
v 0.2070279 0.6045503 0.3954497
v 0.2070279 0.6454497 0.3954497
v 0.2500000 0.6050000 0.3950000
v 0.2500000 0.6450000 0.3950000
v 0.1832059 0.6505678 0.3494323
v 0.1832059 0.5994322 0.3494323
v 0.2070279 0.6454497 0.3545503
v 0.2070279 0.6045503 0.3545503
v 0.2500000 0.6450000 0.3550000
v 0.2500000 0.6050000 0.3550000
v 0.0000000 0.6450000 0.3550000
v 0.0000000 0.6050000 0.3550000
v 0.0000000 0.6050000 0.3950000
v 0.0000000 0.6450000 0.3950000
v 0.0870000 0.6630000 0.3370000
v 0.0870000 0.6630000 0.4130000
v 0.0870000 0.5870000 0.4130000
v 0.0870000 0.5870000 0.3370000
v 0.0000000 0.6450000 0.3550000
v 0.0000000 0.6450000 0.3950000
v 0.0429779 0.6454503 0.3954503
v 0.0429779 0.6454503 0.3545497
v 0.0667996 0.6505697 0.4005697
v 0.0667996 0.6505697 0.3494303
v 0.0000000 0.6050000 0.3550000
v 0.0429779 0.6045497 0.3545497
v 0.0429779 0.6045497 0.3954503
v 0.0000000 0.6050000 0.3950000
v 0.0667996 0.5994303 0.3494303
v 0.0667996 0.5994303 0.4005697
v 0.0000000 0.6050000 0.3950000
v 0.0429779 0.6045497 0.3954503
v 0.0429779 0.6454503 0.3954503
v 0.0000000 0.6450000 0.3950000
v 0.0667996 0.5994303 0.4005697
v 0.0667996 0.6505697 0.4005697
v 0.0000000 0.6050000 0.3550000
v 0.0000000 0.6450000 0.3550000
v 0.0429779 0.6454503 0.3545497
v 0.0429779 0.6045497 0.3545497
v 0.0667996 0.6505697 0.3494303
v 0.0667996 0.5994303 0.3494303
v 0.0870000 0.6630000 0.3370000
v 0.0870000 0.5870000 0.3370000
v 0.0870000 0.5870000 0.4130000
v 0.0870000 0.6630000 0.4130000
v 0.1630000 0.6630000 0.3370000
v 0.1630000 0.6630000 0.4130000
v 0.1630000 0.5870000 0.4130000
v 0.1630000 0.5870000 0.3370000
v 0.0870000 0.6630000 0.3370000
v 0.0870000 0.6630000 0.4130000
v 0.1630000 0.6630000 0.4130000
v 0.1630000 0.6630000 0.3370000
v 0.0870000 0.5870000 0.3370000
v 0.1630000 0.5870000 0.3370000
v 0.1630000 0.5870000 0.4130000
v 0.0870000 0.5870000 0.4130000
v 0.0870000 0.5870000 0.4130000
v 0.1630000 0.5870000 0.4130000
v 0.1630000 0.6630000 0.4130000
v 0.0870000 0.6630000 0.4130000
v 0.0870000 0.5870000 0.3370000
v 0.0870000 0.6630000 0.3370000
v 0.1630000 0.6630000 0.3370000
v 0.1630000 0.5870000 0.3370000
v 0.4130000 0.5870000 0.4130000
v 0.3370000 0.5870000 0.4130000
v 0.3370000 0.6630000 0.4130000
v 0.4130000 0.6630000 0.4130000
v 0.3950000 0.6050000 0.5000000
v 0.3950000 0.6450000 0.5000000
v 0.3550000 0.6450000 0.5000000
v 0.3550000 0.6050000 0.5000000
v 0.4130000 0.5870000 0.4130000
v 0.4130000 0.6630000 0.4130000
v 0.4005677 0.6505678 0.4332058
v 0.4005677 0.5994322 0.4332058
v 0.3954497 0.6454497 0.4570279
v 0.3954497 0.6045503 0.4570279
v 0.3950000 0.6450000 0.5000000
v 0.3950000 0.6050000 0.5000000
v 0.3370000 0.5870000 0.4130000
v 0.3494323 0.5994322 0.4332058
v 0.3494323 0.6505678 0.4332058
v 0.3370000 0.6630000 0.4130000
v 0.3545503 0.6045503 0.4570279
v 0.3545503 0.6454497 0.4570279
v 0.3550000 0.6050000 0.5000000
v 0.3550000 0.6450000 0.5000000
v 0.3370000 0.6630000 0.4130000
v 0.3494323 0.6505678 0.4332058
v 0.4005677 0.6505678 0.4332058
v 0.4130000 0.6630000 0.4130000
v 0.3545503 0.6454497 0.4570279
v 0.3954497 0.6454497 0.4570279
v 0.3550000 0.6450000 0.5000000
v 0.3950000 0.6450000 0.5000000
v 0.3370000 0.5870000 0.4130000
v 0.4130000 0.5870000 0.4130000
v 0.4005677 0.5994322 0.4332058
v 0.3494323 0.5994322 0.4332058
v 0.3954497 0.6045503 0.4570279
v 0.3545503 0.6045503 0.4570279
v 0.3950000 0.6050000 0.5000000
v 0.3550000 0.6050000 0.5000000
v 0.3950000 0.6050000 0.2500000
v 0.3550000 0.6050000 0.2500000
v 0.3550000 0.6450000 0.2500000
v 0.3950000 0.6450000 0.2500000
v 0.4130000 0.5870000 0.3370000
v 0.4130000 0.6630000 0.3370000
v 0.3370000 0.6630000 0.3370000
v 0.3370000 0.5870000 0.3370000
v 0.3950000 0.6050000 0.2500000
v 0.3950000 0.6450000 0.2500000
v 0.3954503 0.6454503 0.2929779
v 0.3954503 0.6045497 0.2929779
v 0.4005697 0.6505697 0.3167996
v 0.4005697 0.5994303 0.3167996
v 0.4130000 0.6630000 0.3370000
v 0.4130000 0.5870000 0.3370000
v 0.3550000 0.6050000 0.2500000
v 0.3545497 0.6045497 0.2929779
v 0.3545497 0.6454503 0.2929779
v 0.3550000 0.6450000 0.2500000
v 0.3494303 0.5994303 0.3167996
v 0.3494303 0.6505697 0.3167996
v 0.3370000 0.5870000 0.3370000
v 0.3370000 0.6630000 0.3370000
v 0.3550000 0.6450000 0.2500000
v 0.3545497 0.6454503 0.2929779
v 0.3954503 0.6454503 0.2929779
v 0.3950000 0.6450000 0.2500000
v 0.3494303 0.6505697 0.3167996
v 0.4005697 0.6505697 0.3167996
v 0.3370000 0.6630000 0.3370000
v 0.4130000 0.6630000 0.3370000
v 0.3550000 0.6050000 0.2500000
v 0.3950000 0.6050000 0.2500000
v 0.3954503 0.6045497 0.2929779
v 0.3545497 0.6045497 0.2929779
v 0.4005697 0.5994303 0.3167996
v 0.3494303 0.5994303 0.3167996
v 0.4130000 0.5870000 0.3370000
v 0.3370000 0.5870000 0.3370000
v 0.3950000 0.7500000 0.3550000
v 0.3550000 0.7500000 0.3550000
v 0.3550000 0.7500000 0.3950000
v 0.3950000 0.7500000 0.3950000
v 0.4130000 0.6630000 0.3370000
v 0.4130000 0.6630000 0.4130000
v 0.3370000 0.6630000 0.4130000
v 0.3370000 0.6630000 0.3370000
v 0.3950000 0.7500000 0.3550000
v 0.3950000 0.7500000 0.3950000
v 0.3954503 0.7070221 0.3954503
v 0.3954503 0.7070221 0.3545497
v 0.4005697 0.6832004 0.4005697
v 0.4005697 0.6832004 0.3494303
v 0.4130000 0.6630000 0.4130000
v 0.4130000 0.6630000 0.3370000
v 0.3550000 0.7500000 0.3550000
v 0.3545497 0.7070221 0.3545497
v 0.3545497 0.7070221 0.3954503
v 0.3550000 0.7500000 0.3950000
v 0.3494303 0.6832004 0.3494303
v 0.3494303 0.6832004 0.4005697
v 0.3370000 0.6630000 0.3370000
v 0.3370000 0.6630000 0.4130000
v 0.3550000 0.7500000 0.3950000
v 0.3545497 0.7070221 0.3954503
v 0.3954503 0.7070221 0.3954503
v 0.3950000 0.7500000 0.3950000
v 0.3494303 0.6832004 0.4005697
v 0.4005697 0.6832004 0.4005697
v 0.3550000 0.7500000 0.3550000
v 0.3950000 0.7500000 0.3550000
v 0.3954503 0.7070221 0.3545497
v 0.3545497 0.7070221 0.3545497
v 0.4005697 0.6832004 0.3494303
v 0.3494303 0.6832004 0.3494303
v 0.4130000 0.5870000 0.3370000
v 0.3370000 0.5870000 0.3370000
v 0.3370000 0.5870000 0.4130000
v 0.4130000 0.5870000 0.4130000
v 0.3950000 0.5000000 0.3550000
v 0.3950000 0.5000000 0.3950000
v 0.3550000 0.5000000 0.3950000
v 0.3550000 0.5000000 0.3550000
v 0.4130000 0.5870000 0.3370000
v 0.4130000 0.5870000 0.4130000
v 0.4005677 0.5667942 0.4005677
v 0.4005677 0.5667942 0.3494323
v 0.3954497 0.5429721 0.3954497
v 0.3954497 0.5429721 0.3545503
v 0.3950000 0.5000000 0.3950000
v 0.3950000 0.5000000 0.3550000
v 0.3370000 0.5870000 0.3370000
v 0.3494323 0.5667942 0.3494323
v 0.3494323 0.5667942 0.4005677
v 0.3370000 0.5870000 0.4130000
v 0.3545503 0.5429721 0.3545503
v 0.3545503 0.5429721 0.3954497
v 0.3550000 0.5000000 0.3550000
v 0.3550000 0.5000000 0.3950000
v 0.3494323 0.5667942 0.4005677
v 0.4005677 0.5667942 0.4005677
v 0.3545503 0.5429721 0.3954497
v 0.3954497 0.5429721 0.3954497
v 0.3550000 0.5000000 0.3950000
v 0.3950000 0.5000000 0.3950000
v 0.4005677 0.5667942 0.3494323
v 0.3494323 0.5667942 0.3494323
v 0.3954497 0.5429721 0.3545503
v 0.3545503 0.5429721 0.3545503
v 0.3950000 0.5000000 0.3550000
v 0.3550000 0.5000000 0.3550000
v 0.4130000 0.6630000 0.3370000
v 0.4130000 0.5870000 0.3370000
v 0.4130000 0.5870000 0.4130000
v 0.4130000 0.6630000 0.4130000
v 0.5000000 0.6450000 0.3550000
v 0.5000000 0.6450000 0.3950000
v 0.5000000 0.6050000 0.3950000
v 0.5000000 0.6050000 0.3550000
v 0.4332058 0.6505678 0.4005677
v 0.4332058 0.6505678 0.3494323
v 0.4570279 0.6454497 0.3954497
v 0.4570279 0.6454497 0.3545503
v 0.5000000 0.6450000 0.3950000
v 0.5000000 0.6450000 0.3550000
v 0.4332058 0.5994322 0.3494323
v 0.4332058 0.5994322 0.4005677
v 0.4570279 0.6045503 0.3545503
v 0.4570279 0.6045503 0.3954497
v 0.5000000 0.6050000 0.3550000
v 0.5000000 0.6050000 0.3950000
v 0.4332058 0.5994322 0.4005677
v 0.4332058 0.6505678 0.4005677
v 0.4570279 0.6045503 0.3954497
v 0.4570279 0.6454497 0.3954497
v 0.5000000 0.6050000 0.3950000
v 0.5000000 0.6450000 0.3950000
v 0.4332058 0.6505678 0.3494323
v 0.4332058 0.5994322 0.3494323
v 0.4570279 0.6454497 0.3545503
v 0.4570279 0.6045503 0.3545503
v 0.5000000 0.6450000 0.3550000
v 0.5000000 0.6050000 0.3550000
v 0.2500000 0.6450000 0.3550000
v 0.2500000 0.6050000 0.3550000
v 0.2500000 0.6050000 0.3950000
v 0.2500000 0.6450000 0.3950000
v 0.3370000 0.6630000 0.3370000
v 0.3370000 0.6630000 0.4130000
v 0.3370000 0.5870000 0.4130000
v 0.3370000 0.5870000 0.3370000
v 0.2500000 0.6450000 0.3550000
v 0.2500000 0.6450000 0.3950000
v 0.2929779 0.6454503 0.3954503
v 0.2929779 0.6454503 0.3545497
v 0.3167996 0.6505697 0.4005697
v 0.3167996 0.6505697 0.3494303
v 0.2500000 0.6050000 0.3550000
v 0.2929779 0.6045497 0.3545497
v 0.2929779 0.6045497 0.3954503
v 0.2500000 0.6050000 0.3950000
v 0.3167996 0.5994303 0.3494303
v 0.3167996 0.5994303 0.4005697
v 0.2500000 0.6050000 0.3950000
v 0.2929779 0.6045497 0.3954503
v 0.2929779 0.6454503 0.3954503
v 0.2500000 0.6450000 0.3950000
v 0.3167996 0.5994303 0.4005697
v 0.3167996 0.6505697 0.4005697
v 0.2500000 0.6050000 0.3550000
v 0.2500000 0.6450000 0.3550000
v 0.2929779 0.6454503 0.3545497
v 0.2929779 0.6045497 0.3545497
v 0.3167996 0.6505697 0.3494303
v 0.3167996 0.5994303 0.3494303
v 0.3370000 0.6630000 0.3370000
v 0.3370000 0.5870000 0.3370000
v 0.3370000 0.5870000 0.4130000
v 0.3370000 0.6630000 0.4130000
v 0.4130000 0.6630000 0.3370000
v 0.4130000 0.6630000 0.4130000
v 0.4130000 0.5870000 0.4130000
v 0.4130000 0.5870000 0.3370000
v 0.3370000 0.6630000 0.3370000
v 0.3370000 0.6630000 0.4130000
v 0.4130000 0.6630000 0.4130000
v 0.4130000 0.6630000 0.3370000
v 0.3370000 0.5870000 0.3370000
v 0.4130000 0.5870000 0.3370000
v 0.4130000 0.5870000 0.4130000
v 0.3370000 0.5870000 0.4130000
v 0.3370000 0.5870000 0.4130000
v 0.4130000 0.5870000 0.4130000
v 0.4130000 0.6630000 0.4130000
v 0.3370000 0.6630000 0.4130000
v 0.3370000 0.5870000 0.3370000
v 0.3370000 0.6630000 0.3370000
v 0.4130000 0.6630000 0.3370000
v 0.4130000 0.5870000 0.3370000
v 0.6630000 0.5870000 0.4130000
v 0.5870000 0.5870000 0.4130000
v 0.5870000 0.6630000 0.4130000
v 0.6630000 0.6630000 0.4130000
v 0.6450000 0.6050000 0.5000000
v 0.6450000 0.6450000 0.5000000
v 0.6050000 0.6450000 0.5000000
v 0.6050000 0.6050000 0.5000000
v 0.6630000 0.5870000 0.4130000
v 0.6630000 0.6630000 0.4130000
v 0.6505678 0.6505678 0.4332058
v 0.6505678 0.5994322 0.4332058
v 0.6454497 0.6454497 0.4570279
v 0.6454497 0.6045503 0.4570279
v 0.6450000 0.6450000 0.5000000
v 0.6450000 0.6050000 0.5000000
v 0.5870000 0.5870000 0.4130000
v 0.5994322 0.5994322 0.4332058
v 0.5994322 0.6505678 0.4332058
v 0.5870000 0.6630000 0.4130000
v 0.6045503 0.6045503 0.4570279
v 0.6045503 0.6454497 0.4570279
v 0.6050000 0.6050000 0.5000000
v 0.6050000 0.6450000 0.5000000
v 0.5870000 0.6630000 0.4130000
v 0.5994322 0.6505678 0.4332058
v 0.6505678 0.6505678 0.4332058
v 0.6630000 0.6630000 0.4130000
v 0.6045503 0.6454497 0.4570279
v 0.6454497 0.6454497 0.4570279
v 0.6050000 0.6450000 0.5000000
v 0.6450000 0.6450000 0.5000000
v 0.5870000 0.5870000 0.4130000
v 0.6630000 0.5870000 0.4130000
v 0.6505678 0.5994322 0.4332058
v 0.5994322 0.5994322 0.4332058
v 0.6454497 0.6045503 0.4570279
v 0.6045503 0.6045503 0.4570279
v 0.6450000 0.6050000 0.5000000
v 0.6050000 0.6050000 0.5000000
v 0.6450000 0.6050000 0.2500000
v 0.6050000 0.6050000 0.2500000
v 0.6050000 0.6450000 0.2500000
v 0.6450000 0.6450000 0.2500000
v 0.6630000 0.5870000 0.3370000
v 0.6630000 0.6630000 0.3370000
v 0.5870000 0.6630000 0.3370000
v 0.5870000 0.5870000 0.3370000
v 0.6450000 0.6050000 0.2500000
v 0.6450000 0.6450000 0.2500000
v 0.6454503 0.6454503 0.2929779
v 0.6454503 0.6045497 0.2929779
v 0.6505697 0.6505697 0.3167996
v 0.6505697 0.5994303 0.3167996
v 0.6630000 0.6630000 0.3370000
v 0.6630000 0.5870000 0.3370000
v 0.6050000 0.6050000 0.2500000
v 0.6045497 0.6045497 0.2929779
v 0.6045497 0.6454503 0.2929779
v 0.6050000 0.6450000 0.2500000
v 0.5994303 0.5994303 0.3167996
v 0.5994303 0.6505697 0.3167996
v 0.5870000 0.5870000 0.3370000
v 0.5870000 0.6630000 0.3370000
v 0.6050000 0.6450000 0.2500000
v 0.6045497 0.6454503 0.2929779
v 0.6454503 0.6454503 0.2929779
v 0.6450000 0.6450000 0.2500000
v 0.5994303 0.6505697 0.3167996
v 0.6505697 0.6505697 0.3167996
v 0.5870000 0.6630000 0.3370000
v 0.6630000 0.6630000 0.3370000
v 0.6050000 0.6050000 0.2500000
v 0.6450000 0.6050000 0.2500000
v 0.6454503 0.6045497 0.2929779
v 0.6045497 0.6045497 0.2929779
v 0.6505697 0.5994303 0.3167996
v 0.5994303 0.5994303 0.3167996
v 0.6630000 0.5870000 0.3370000
v 0.5870000 0.5870000 0.3370000
v 0.6450000 0.7500000 0.3550000
v 0.6050000 0.7500000 0.3550000
v 0.6050000 0.7500000 0.3950000
v 0.6450000 0.7500000 0.3950000
v 0.6630000 0.6630000 0.3370000
v 0.6630000 0.6630000 0.4130000
v 0.5870000 0.6630000 0.4130000
v 0.5870000 0.6630000 0.3370000
v 0.6450000 0.7500000 0.3550000
v 0.6450000 0.7500000 0.3950000
v 0.6454503 0.7070221 0.3954503
v 0.6454503 0.7070221 0.3545497
v 0.6505697 0.6832004 0.4005697
v 0.6505697 0.6832004 0.3494303
v 0.6630000 0.6630000 0.4130000
v 0.6630000 0.6630000 0.3370000
v 0.6050000 0.7500000 0.3550000
v 0.6045497 0.7070221 0.3545497
v 0.6045497 0.7070221 0.3954503
v 0.6050000 0.7500000 0.3950000
v 0.5994303 0.6832004 0.3494303
v 0.5994303 0.6832004 0.4005697
v 0.5870000 0.6630000 0.3370000
v 0.5870000 0.6630000 0.4130000
v 0.6050000 0.7500000 0.3950000
v 0.6045497 0.7070221 0.3954503
v 0.6454503 0.7070221 0.3954503
v 0.6450000 0.7500000 0.3950000
v 0.5994303 0.6832004 0.4005697
v 0.6505697 0.6832004 0.4005697
v 0.6050000 0.7500000 0.3550000
v 0.6450000 0.7500000 0.3550000
v 0.6454503 0.7070221 0.3545497
v 0.6045497 0.7070221 0.3545497
v 0.6505697 0.6832004 0.3494303
v 0.5994303 0.6832004 0.3494303
v 0.6630000 0.5870000 0.3370000
v 0.5870000 0.5870000 0.3370000
v 0.5870000 0.5870000 0.4130000
v 0.6630000 0.5870000 0.4130000
v 0.6450000 0.5000000 0.3550000
v 0.6450000 0.5000000 0.3950000
v 0.6050000 0.5000000 0.3950000
v 0.6050000 0.5000000 0.3550000
v 0.6630000 0.5870000 0.3370000
v 0.6630000 0.5870000 0.4130000
v 0.6505678 0.5667942 0.4005677
v 0.6505678 0.5667942 0.3494323
v 0.6454497 0.5429721 0.3954497
v 0.6454497 0.5429721 0.3545503
v 0.6450000 0.5000000 0.3950000
v 0.6450000 0.5000000 0.3550000
v 0.5870000 0.5870000 0.3370000
v 0.5994322 0.5667942 0.3494323
v 0.5994322 0.5667942 0.4005677
v 0.5870000 0.5870000 0.4130000
v 0.6045503 0.5429721 0.3545503
v 0.6045503 0.5429721 0.3954497
v 0.6050000 0.5000000 0.3550000
v 0.6050000 0.5000000 0.3950000
v 0.5994322 0.5667942 0.4005677
v 0.6505678 0.5667942 0.4005677
v 0.6045503 0.5429721 0.3954497
v 0.6454497 0.5429721 0.3954497
v 0.6050000 0.5000000 0.3950000
v 0.6450000 0.5000000 0.3950000
v 0.6505678 0.5667942 0.3494323
v 0.5994322 0.5667942 0.3494323
v 0.6454497 0.5429721 0.3545503
v 0.6045503 0.5429721 0.3545503
v 0.6450000 0.5000000 0.3550000
v 0.6050000 0.5000000 0.3550000
v 0.6630000 0.6630000 0.3370000
v 0.6630000 0.5870000 0.3370000
v 0.6630000 0.5870000 0.4130000
v 0.6630000 0.6630000 0.4130000
v 0.7500000 0.6450000 0.3550000
v 0.7500000 0.6450000 0.3950000
v 0.7500000 0.6050000 0.3950000
v 0.7500000 0.6050000 0.3550000
v 0.6832058 0.6505678 0.4005677
v 0.6832058 0.6505678 0.3494323
v 0.7070279 0.6454497 0.3954497
v 0.7070279 0.6454497 0.3545503
v 0.7500000 0.6450000 0.3950000
v 0.7500000 0.6450000 0.3550000
v 0.6832058 0.5994322 0.3494323
v 0.6832058 0.5994322 0.4005677
v 0.7070279 0.6045503 0.3545503
v 0.7070279 0.6045503 0.3954497
v 0.7500000 0.6050000 0.3550000
v 0.7500000 0.6050000 0.3950000
v 0.6832058 0.5994322 0.4005677
v 0.6832058 0.6505678 0.4005677
v 0.7070279 0.6045503 0.3954497
v 0.7070279 0.6454497 0.3954497
v 0.7500000 0.6050000 0.3950000
v 0.7500000 0.6450000 0.3950000
v 0.6832058 0.6505678 0.3494323
v 0.6832058 0.5994322 0.3494323
v 0.7070279 0.6454497 0.3545503
v 0.7070279 0.6045503 0.3545503
v 0.7500000 0.6450000 0.3550000
v 0.7500000 0.6050000 0.3550000
v 0.5000000 0.6450000 0.3550000
v 0.5000000 0.6050000 0.3550000
v 0.5000000 0.6050000 0.3950000
v 0.5000000 0.6450000 0.3950000
v 0.5870000 0.6630000 0.3370000
v 0.5870000 0.6630000 0.4130000
v 0.5870000 0.5870000 0.4130000
v 0.5870000 0.5870000 0.3370000
v 0.5000000 0.6450000 0.3550000
v 0.5000000 0.6450000 0.3950000
v 0.5429779 0.6454503 0.3954503
v 0.5429779 0.6454503 0.3545497
v 0.5667996 0.6505697 0.4005697
v 0.5667996 0.6505697 0.3494303
v 0.5000000 0.6050000 0.3550000
v 0.5429779 0.6045497 0.3545497
v 0.5429779 0.6045497 0.3954503
v 0.5000000 0.6050000 0.3950000
v 0.5667996 0.5994303 0.3494303
v 0.5667996 0.5994303 0.4005697
v 0.5000000 0.6050000 0.3950000
v 0.5429779 0.6045497 0.3954503
v 0.5429779 0.6454503 0.3954503
v 0.5000000 0.6450000 0.3950000
v 0.5667996 0.5994303 0.4005697
v 0.5667996 0.6505697 0.4005697
v 0.5000000 0.6050000 0.3550000
v 0.5000000 0.6450000 0.3550000
v 0.5429779 0.6454503 0.3545497
v 0.5429779 0.6045497 0.3545497
v 0.5667996 0.6505697 0.3494303
v 0.5667996 0.5994303 0.3494303
v 0.5870000 0.6630000 0.3370000
v 0.5870000 0.5870000 0.3370000
v 0.5870000 0.5870000 0.4130000
v 0.5870000 0.6630000 0.4130000
v 0.6630000 0.6630000 0.3370000
v 0.6630000 0.6630000 0.4130000
v 0.6630000 0.5870000 0.4130000
v 0.6630000 0.5870000 0.3370000
v 0.5870000 0.6630000 0.3370000
v 0.5870000 0.6630000 0.4130000
v 0.6630000 0.6630000 0.4130000
v 0.6630000 0.6630000 0.3370000
v 0.5870000 0.5870000 0.3370000
v 0.6630000 0.5870000 0.3370000
v 0.6630000 0.5870000 0.4130000
v 0.5870000 0.5870000 0.4130000
v 0.5870000 0.5870000 0.4130000
v 0.6630000 0.5870000 0.4130000
v 0.6630000 0.6630000 0.4130000
v 0.5870000 0.6630000 0.4130000
v 0.5870000 0.5870000 0.3370000
v 0.5870000 0.6630000 0.3370000
v 0.6630000 0.6630000 0.3370000
v 0.6630000 0.5870000 0.3370000
v 0.9130000 0.5870000 0.4130000
v 0.8370000 0.5870000 0.4130000
v 0.8370000 0.6630000 0.4130000
v 0.9130000 0.6630000 0.4130000
v 0.8950000 0.6050000 0.5000000
v 0.8950000 0.6450000 0.5000000
v 0.8550000 0.6450000 0.5000000
v 0.8550000 0.6050000 0.5000000
v 0.9130000 0.5870000 0.4130000
v 0.9130000 0.6630000 0.4130000
v 0.9005678 0.6505678 0.4332058
v 0.9005678 0.5994322 0.4332058
v 0.8954497 0.6454497 0.4570279
v 0.8954497 0.6045503 0.4570279
v 0.8950000 0.6450000 0.5000000
v 0.8950000 0.6050000 0.5000000
v 0.8370000 0.5870000 0.4130000
v 0.8494322 0.5994322 0.4332058
v 0.8494322 0.6505678 0.4332058
v 0.8370000 0.6630000 0.4130000
v 0.8545503 0.6045503 0.4570279
v 0.8545503 0.6454497 0.4570279
v 0.8550000 0.6050000 0.5000000
v 0.8550000 0.6450000 0.5000000
v 0.8370000 0.6630000 0.4130000
v 0.8494322 0.6505678 0.4332058
v 0.9005678 0.6505678 0.4332058
v 0.9130000 0.6630000 0.4130000
v 0.8545503 0.6454497 0.4570279
v 0.8954497 0.6454497 0.4570279
v 0.8550000 0.6450000 0.5000000
v 0.8950000 0.6450000 0.5000000
v 0.8370000 0.5870000 0.4130000
v 0.9130000 0.5870000 0.4130000
v 0.9005678 0.5994322 0.4332058
v 0.8494322 0.5994322 0.4332058
v 0.8954497 0.6045503 0.4570279
v 0.8545503 0.6045503 0.4570279
v 0.8950000 0.6050000 0.5000000
v 0.8550000 0.6050000 0.5000000
v 0.8950000 0.6050000 0.2500000
v 0.8550000 0.6050000 0.2500000
v 0.8550000 0.6450000 0.2500000
v 0.8950000 0.6450000 0.2500000
v 0.9130000 0.5870000 0.3370000
v 0.9130000 0.6630000 0.3370000
v 0.8370000 0.6630000 0.3370000
v 0.8370000 0.5870000 0.3370000
v 0.8950000 0.6050000 0.2500000
v 0.8950000 0.6450000 0.2500000
v 0.8954503 0.6454503 0.2929779
v 0.8954503 0.6045497 0.2929779
v 0.9005697 0.6505697 0.3167996
v 0.9005697 0.5994303 0.3167996
v 0.9130000 0.6630000 0.3370000
v 0.9130000 0.5870000 0.3370000
v 0.8550000 0.6050000 0.2500000
v 0.8545497 0.6045497 0.2929779
v 0.8545497 0.6454503 0.2929779
v 0.8550000 0.6450000 0.2500000
v 0.8494303 0.5994303 0.3167996
v 0.8494303 0.6505697 0.3167996
v 0.8370000 0.5870000 0.3370000
v 0.8370000 0.6630000 0.3370000
v 0.8550000 0.6450000 0.2500000
v 0.8545497 0.6454503 0.2929779
v 0.8954503 0.6454503 0.2929779
v 0.8950000 0.6450000 0.2500000
v 0.8494303 0.6505697 0.3167996
v 0.9005697 0.6505697 0.3167996
v 0.8370000 0.6630000 0.3370000
v 0.9130000 0.6630000 0.3370000
v 0.8550000 0.6050000 0.2500000
v 0.8950000 0.6050000 0.2500000
v 0.8954503 0.6045497 0.2929779
v 0.8545497 0.6045497 0.2929779
v 0.9005697 0.5994303 0.3167996
v 0.8494303 0.5994303 0.3167996
v 0.9130000 0.5870000 0.3370000
v 0.8370000 0.5870000 0.3370000
v 0.8950000 0.7500000 0.3550000
v 0.8550000 0.7500000 0.3550000
v 0.8550000 0.7500000 0.3950000
v 0.8950000 0.7500000 0.3950000
v 0.9130000 0.6630000 0.3370000
v 0.9130000 0.6630000 0.4130000
v 0.8370000 0.6630000 0.4130000
v 0.8370000 0.6630000 0.3370000
v 0.8950000 0.7500000 0.3550000
v 0.8950000 0.7500000 0.3950000
v 0.8954503 0.7070221 0.3954503
v 0.8954503 0.7070221 0.3545497
v 0.9005697 0.6832004 0.4005697
v 0.9005697 0.6832004 0.3494303
v 0.9130000 0.6630000 0.4130000
v 0.9130000 0.6630000 0.3370000
v 0.8550000 0.7500000 0.3550000
v 0.8545497 0.7070221 0.3545497
v 0.8545497 0.7070221 0.3954503
v 0.8550000 0.7500000 0.3950000
v 0.8494303 0.6832004 0.3494303
v 0.8494303 0.6832004 0.4005697
v 0.8370000 0.6630000 0.3370000
v 0.8370000 0.6630000 0.4130000
v 0.8550000 0.7500000 0.3950000
v 0.8545497 0.7070221 0.3954503
v 0.8954503 0.7070221 0.3954503
v 0.8950000 0.7500000 0.3950000
v 0.8494303 0.6832004 0.4005697
v 0.9005697 0.6832004 0.4005697
v 0.8550000 0.7500000 0.3550000
v 0.8950000 0.7500000 0.3550000
v 0.8954503 0.7070221 0.3545497
v 0.8545497 0.7070221 0.3545497
v 0.9005697 0.6832004 0.3494303
v 0.8494303 0.6832004 0.3494303
v 0.9130000 0.5870000 0.3370000
v 0.8370000 0.5870000 0.3370000
v 0.8370000 0.5870000 0.4130000
v 0.9130000 0.5870000 0.4130000
v 0.8950000 0.5000000 0.3550000
v 0.8950000 0.5000000 0.3950000
v 0.8550000 0.5000000 0.3950000
v 0.8550000 0.5000000 0.3550000
v 0.9130000 0.5870000 0.3370000
v 0.9130000 0.5870000 0.4130000
v 0.9005678 0.5667942 0.4005677
v 0.9005678 0.5667942 0.3494323
v 0.8954497 0.5429721 0.3954497
v 0.8954497 0.5429721 0.3545503
v 0.8950000 0.5000000 0.3950000
v 0.8950000 0.5000000 0.3550000
v 0.8370000 0.5870000 0.3370000
v 0.8494322 0.5667942 0.3494323
v 0.8494322 0.5667942 0.4005677
v 0.8370000 0.5870000 0.4130000
v 0.8545503 0.5429721 0.3545503
v 0.8545503 0.5429721 0.3954497
v 0.8550000 0.5000000 0.3550000
v 0.8550000 0.5000000 0.3950000
v 0.8494322 0.5667942 0.4005677
v 0.9005678 0.5667942 0.4005677
v 0.8545503 0.5429721 0.3954497
v 0.8954497 0.5429721 0.3954497
v 0.8550000 0.5000000 0.3950000
v 0.8950000 0.5000000 0.3950000
v 0.9005678 0.5667942 0.3494323
v 0.8494322 0.5667942 0.3494323
v 0.8954497 0.5429721 0.3545503
v 0.8545503 0.5429721 0.3545503
v 0.8950000 0.5000000 0.3550000
v 0.8550000 0.5000000 0.3550000
v 0.9130000 0.6630000 0.3370000
v 0.9130000 0.5870000 0.3370000
v 0.9130000 0.5870000 0.4130000
v 0.9130000 0.6630000 0.4130000
v 1.0000000 0.6450000 0.3550000
v 1.0000000 0.6450000 0.3950000
v 1.0000000 0.6050000 0.3950000
v 1.0000000 0.6050000 0.3550000
v 0.9332058 0.6505678 0.4005677
v 0.9332058 0.6505678 0.3494323
v 0.9570279 0.6454497 0.3954497
v 0.9570279 0.6454497 0.3545503
v 1.0000000 0.6450000 0.3950000
v 1.0000000 0.6450000 0.3550000
v 0.9332058 0.5994322 0.3494323
v 0.9332058 0.5994322 0.4005677
v 0.9570279 0.6045503 0.3545503
v 0.9570279 0.6045503 0.3954497
v 1.0000000 0.6050000 0.3550000
v 1.0000000 0.6050000 0.3950000
v 0.9332058 0.5994322 0.4005677
v 0.9332058 0.6505678 0.4005677
v 0.9570279 0.6045503 0.3954497
v 0.9570279 0.6454497 0.3954497
v 1.0000000 0.6050000 0.3950000
v 1.0000000 0.6450000 0.3950000
v 0.9332058 0.6505678 0.3494323
v 0.9332058 0.5994322 0.3494323
v 0.9570279 0.6454497 0.3545503
v 0.9570279 0.6045503 0.3545503
v 1.0000000 0.6450000 0.3550000
v 1.0000000 0.6050000 0.3550000
v 0.7500000 0.6450000 0.3550000
v 0.7500000 0.6050000 0.3550000
v 0.7500000 0.6050000 0.3950000
v 0.7500000 0.6450000 0.3950000
v 0.8370000 0.6630000 0.3370000
v 0.8370000 0.6630000 0.4130000
v 0.8370000 0.5870000 0.4130000
v 0.8370000 0.5870000 0.3370000
v 0.7500000 0.6450000 0.3550000
v 0.7500000 0.6450000 0.3950000
v 0.7929779 0.6454503 0.3954503
v 0.7929779 0.6454503 0.3545497
v 0.8167996 0.6505697 0.4005697
v 0.8167996 0.6505697 0.3494303
v 0.7500000 0.6050000 0.3550000
v 0.7929779 0.6045497 0.3545497
v 0.7929779 0.6045497 0.3954503
v 0.7500000 0.6050000 0.3950000
v 0.8167996 0.5994303 0.3494303
v 0.8167996 0.5994303 0.4005697
v 0.7500000 0.6050000 0.3950000
v 0.7929779 0.6045497 0.3954503
v 0.7929779 0.6454503 0.3954503
v 0.7500000 0.6450000 0.3950000
v 0.8167996 0.5994303 0.4005697
v 0.8167996 0.6505697 0.4005697
v 0.7500000 0.6050000 0.3550000
v 0.7500000 0.6450000 0.3550000
v 0.7929779 0.6454503 0.3545497
v 0.7929779 0.6045497 0.3545497
v 0.8167996 0.6505697 0.3494303
v 0.8167996 0.5994303 0.3494303
v 0.8370000 0.6630000 0.3370000
v 0.8370000 0.5870000 0.3370000
v 0.8370000 0.5870000 0.4130000
v 0.8370000 0.6630000 0.4130000
v 0.9130000 0.6630000 0.3370000
v 0.9130000 0.6630000 0.4130000
v 0.9130000 0.5870000 0.4130000
v 0.9130000 0.5870000 0.3370000
v 0.8370000 0.6630000 0.3370000
v 0.8370000 0.6630000 0.4130000
v 0.9130000 0.6630000 0.4130000
v 0.9130000 0.6630000 0.3370000
v 0.8370000 0.5870000 0.3370000
v 0.9130000 0.5870000 0.3370000
v 0.9130000 0.5870000 0.4130000
v 0.8370000 0.5870000 0.4130000
v 0.8370000 0.5870000 0.4130000
v 0.9130000 0.5870000 0.4130000
v 0.9130000 0.6630000 0.4130000
v 0.8370000 0.6630000 0.4130000
v 0.8370000 0.5870000 0.3370000
v 0.8370000 0.6630000 0.3370000
v 0.9130000 0.6630000 0.3370000
v 0.9130000 0.5870000 0.3370000
v 0.1630000 0.8370000 0.4130000
v 0.0870000 0.8370000 0.4130000
v 0.0870000 0.9130000 0.4130000
v 0.1630000 0.9130000 0.4130000
v 0.1450000 0.8550000 0.5000000
v 0.1450000 0.8950000 0.5000000
v 0.1050000 0.8950000 0.5000000
v 0.1050000 0.8550000 0.5000000
v 0.1630000 0.8370000 0.4130000
v 0.1630000 0.9130000 0.4130000
v 0.1505678 0.9005678 0.4332058
v 0.1505678 0.8494322 0.4332058
v 0.1454497 0.8954497 0.4570279
v 0.1454497 0.8545503 0.4570279
v 0.1450000 0.8950000 0.5000000
v 0.1450000 0.8550000 0.5000000
v 0.0870000 0.8370000 0.4130000
v 0.0994322 0.8494322 0.4332058
v 0.0994322 0.9005678 0.4332058
v 0.0870000 0.9130000 0.4130000
v 0.1045503 0.8545503 0.4570279
v 0.1045503 0.8954497 0.4570279
v 0.1050000 0.8550000 0.5000000
v 0.1050000 0.8950000 0.5000000
v 0.0870000 0.9130000 0.4130000
v 0.0994322 0.9005678 0.4332058
v 0.1505678 0.9005678 0.4332058
v 0.1630000 0.9130000 0.4130000
v 0.1045503 0.8954497 0.4570279
v 0.1454497 0.8954497 0.4570279
v 0.1050000 0.8950000 0.5000000
v 0.1450000 0.8950000 0.5000000
v 0.0870000 0.8370000 0.4130000
v 0.1630000 0.8370000 0.4130000
v 0.1505678 0.8494322 0.4332058
v 0.0994322 0.8494322 0.4332058
v 0.1454497 0.8545503 0.4570279
v 0.1045503 0.8545503 0.4570279
v 0.1450000 0.8550000 0.5000000
v 0.1050000 0.8550000 0.5000000
v 0.1450000 0.8550000 0.2500000
v 0.1050000 0.8550000 0.2500000
v 0.1050000 0.8950000 0.2500000
v 0.1450000 0.8950000 0.2500000
v 0.1630000 0.8370000 0.3370000
v 0.1630000 0.9130000 0.3370000
v 0.0870000 0.9130000 0.3370000
v 0.0870000 0.8370000 0.3370000
v 0.1450000 0.8550000 0.2500000
v 0.1450000 0.8950000 0.2500000
v 0.1454503 0.8954503 0.2929779
v 0.1454503 0.8545497 0.2929779
v 0.1505698 0.9005697 0.3167996
v 0.1505698 0.8494303 0.3167996
v 0.1630000 0.9130000 0.3370000
v 0.1630000 0.8370000 0.3370000
v 0.1050000 0.8550000 0.2500000
v 0.1045497 0.8545497 0.2929779
v 0.1045497 0.8954503 0.2929779
v 0.1050000 0.8950000 0.2500000
v 0.0994303 0.8494303 0.3167996
v 0.0994303 0.9005697 0.3167996
v 0.0870000 0.8370000 0.3370000
v 0.0870000 0.9130000 0.3370000
v 0.1050000 0.8950000 0.2500000
v 0.1045497 0.8954503 0.2929779
v 0.1454503 0.8954503 0.2929779
v 0.1450000 0.8950000 0.2500000
v 0.0994303 0.9005697 0.3167996
v 0.1505698 0.9005697 0.3167996
v 0.0870000 0.9130000 0.3370000
v 0.1630000 0.9130000 0.3370000
v 0.1050000 0.8550000 0.2500000
v 0.1450000 0.8550000 0.2500000
v 0.1454503 0.8545497 0.2929779
v 0.1045497 0.8545497 0.2929779
v 0.1505698 0.8494303 0.3167996
v 0.0994303 0.8494303 0.3167996
v 0.1630000 0.8370000 0.3370000
v 0.0870000 0.8370000 0.3370000
v 0.1450000 1.0000000 0.3550000
v 0.1050000 1.0000000 0.3550000
v 0.1050000 1.0000000 0.3950000
v 0.1450000 1.0000000 0.3950000
v 0.1630000 0.9130000 0.3370000
v 0.1630000 0.9130000 0.4130000
v 0.0870000 0.9130000 0.4130000
v 0.0870000 0.9130000 0.3370000
v 0.1450000 1.0000000 0.3550000
v 0.1450000 1.0000000 0.3950000
v 0.1454503 0.9570221 0.3954503
v 0.1454503 0.9570221 0.3545497
v 0.1505698 0.9332004 0.4005697
v 0.1505698 0.9332004 0.3494303
v 0.1630000 0.9130000 0.4130000
v 0.1630000 0.9130000 0.3370000
v 0.1050000 1.0000000 0.3550000
v 0.1045497 0.9570221 0.3545497
v 0.1045497 0.9570221 0.3954503
v 0.1050000 1.0000000 0.3950000
v 0.0994303 0.9332004 0.3494303
v 0.0994303 0.9332004 0.4005697
v 0.0870000 0.9130000 0.3370000
v 0.0870000 0.9130000 0.4130000
v 0.1050000 1.0000000 0.3950000
v 0.1045497 0.9570221 0.3954503
v 0.1454503 0.9570221 0.3954503
v 0.1450000 1.0000000 0.3950000
v 0.0994303 0.9332004 0.4005697
v 0.1505698 0.9332004 0.4005697
v 0.1050000 1.0000000 0.3550000
v 0.1450000 1.0000000 0.3550000
v 0.1454503 0.9570221 0.3545497
v 0.1045497 0.9570221 0.3545497
v 0.1505698 0.9332004 0.3494303
v 0.0994303 0.9332004 0.3494303
v 0.1630000 0.8370000 0.3370000
v 0.0870000 0.8370000 0.3370000
v 0.0870000 0.8370000 0.4130000
v 0.1630000 0.8370000 0.4130000
v 0.1450000 0.7500000 0.3550000
v 0.1450000 0.7500000 0.3950000
v 0.1050000 0.7500000 0.3950000
v 0.1050000 0.7500000 0.3550000
v 0.1630000 0.8370000 0.3370000
v 0.1630000 0.8370000 0.4130000
v 0.1505678 0.8167942 0.4005677
v 0.1505678 0.8167942 0.3494323
v 0.1454497 0.7929721 0.3954497
v 0.1454497 0.7929721 0.3545503
v 0.1450000 0.7500000 0.3950000
v 0.1450000 0.7500000 0.3550000
v 0.0870000 0.8370000 0.3370000
v 0.0994322 0.8167942 0.3494323
v 0.0994322 0.8167942 0.4005677
v 0.0870000 0.8370000 0.4130000
v 0.1045503 0.7929721 0.3545503
v 0.1045503 0.7929721 0.3954497
v 0.1050000 0.7500000 0.3550000
v 0.1050000 0.7500000 0.3950000
v 0.0994322 0.8167942 0.4005677
v 0.1505678 0.8167942 0.4005677
v 0.1045503 0.7929721 0.3954497
v 0.1454497 0.7929721 0.3954497
v 0.1050000 0.7500000 0.3950000
v 0.1450000 0.7500000 0.3950000
v 0.1505678 0.8167942 0.3494323
v 0.0994322 0.8167942 0.3494323
v 0.1454497 0.7929721 0.3545503
v 0.1045503 0.7929721 0.3545503
v 0.1450000 0.7500000 0.3550000
v 0.1050000 0.7500000 0.3550000
v 0.1630000 0.9130000 0.3370000
v 0.1630000 0.8370000 0.3370000
v 0.1630000 0.8370000 0.4130000
v 0.1630000 0.9130000 0.4130000
v 0.2500000 0.8950000 0.3550000
v 0.2500000 0.8950000 0.3950000
v 0.2500000 0.8550000 0.3950000
v 0.2500000 0.8550000 0.3550000
v 0.1832059 0.9005678 0.4005677
v 0.1832059 0.9005678 0.3494323
v 0.2070279 0.8954497 0.3954497
v 0.2070279 0.8954497 0.3545503
v 0.2500000 0.8950000 0.3950000
v 0.2500000 0.8950000 0.3550000
v 0.1832059 0.8494322 0.3494323
v 0.1832059 0.8494322 0.4005677
v 0.2070279 0.8545503 0.3545503
v 0.2070279 0.8545503 0.3954497
v 0.2500000 0.8550000 0.3550000
v 0.2500000 0.8550000 0.3950000
v 0.1832059 0.8494322 0.4005677
v 0.1832059 0.9005678 0.4005677
v 0.2070279 0.8545503 0.3954497
v 0.2070279 0.8954497 0.3954497
v 0.2500000 0.8550000 0.3950000
v 0.2500000 0.8950000 0.3950000
v 0.1832059 0.9005678 0.3494323
v 0.1832059 0.8494322 0.3494323
v 0.2070279 0.8954497 0.3545503
v 0.2070279 0.8545503 0.3545503
v 0.2500000 0.8950000 0.3550000
v 0.2500000 0.8550000 0.3550000
v 0.0000000 0.8950000 0.3550000
v 0.0000000 0.8550000 0.3550000
v 0.0000000 0.8550000 0.3950000
v 0.0000000 0.8950000 0.3950000
v 0.0870000 0.9130000 0.3370000
v 0.0870000 0.9130000 0.4130000
v 0.0870000 0.8370000 0.4130000
v 0.0870000 0.8370000 0.3370000
v 0.0000000 0.8950000 0.3550000
v 0.0000000 0.8950000 0.3950000
v 0.0429779 0.8954503 0.3954503
v 0.0429779 0.8954503 0.3545497
v 0.0667996 0.9005697 0.4005697
v 0.0667996 0.9005697 0.3494303
v 0.0000000 0.8550000 0.3550000
v 0.0429779 0.8545497 0.3545497
v 0.0429779 0.8545497 0.3954503
v 0.0000000 0.8550000 0.3950000
v 0.0667996 0.8494303 0.3494303
v 0.0667996 0.8494303 0.4005697
v 0.0000000 0.8550000 0.3950000
v 0.0429779 0.8545497 0.3954503
v 0.0429779 0.8954503 0.3954503
v 0.0000000 0.8950000 0.3950000
v 0.0667996 0.8494303 0.4005697
v 0.0667996 0.9005697 0.4005697
v 0.0000000 0.8550000 0.3550000
v 0.0000000 0.8950000 0.3550000
v 0.0429779 0.8954503 0.3545497
v 0.0429779 0.8545497 0.3545497
v 0.0667996 0.9005697 0.3494303
v 0.0667996 0.8494303 0.3494303
v 0.0870000 0.9130000 0.3370000
v 0.0870000 0.8370000 0.3370000
v 0.0870000 0.8370000 0.4130000
v 0.0870000 0.9130000 0.4130000
v 0.1630000 0.9130000 0.3370000
v 0.1630000 0.9130000 0.4130000
v 0.1630000 0.8370000 0.4130000
v 0.1630000 0.8370000 0.3370000
v 0.0870000 0.9130000 0.3370000
v 0.0870000 0.9130000 0.4130000
v 0.1630000 0.9130000 0.4130000
v 0.1630000 0.9130000 0.3370000
v 0.0870000 0.8370000 0.3370000
v 0.1630000 0.8370000 0.3370000
v 0.1630000 0.8370000 0.4130000
v 0.0870000 0.8370000 0.4130000
v 0.0870000 0.8370000 0.4130000
v 0.1630000 0.8370000 0.4130000
v 0.1630000 0.9130000 0.4130000
v 0.0870000 0.9130000 0.4130000
v 0.0870000 0.8370000 0.3370000
v 0.0870000 0.9130000 0.3370000
v 0.1630000 0.9130000 0.3370000
v 0.1630000 0.8370000 0.3370000
v 0.4130000 0.8370000 0.4130000
v 0.3370000 0.8370000 0.4130000
v 0.3370000 0.9130000 0.4130000
v 0.4130000 0.9130000 0.4130000
v 0.3950000 0.8550000 0.5000000
v 0.3950000 0.8950000 0.5000000
v 0.3550000 0.8950000 0.5000000
v 0.3550000 0.8550000 0.5000000
v 0.4130000 0.8370000 0.4130000
v 0.4130000 0.9130000 0.4130000
v 0.4005677 0.9005678 0.4332058
v 0.4005677 0.8494322 0.4332058
v 0.3954497 0.8954497 0.4570279
v 0.3954497 0.8545503 0.4570279
v 0.3950000 0.8950000 0.5000000
v 0.3950000 0.8550000 0.5000000
v 0.3370000 0.8370000 0.4130000
v 0.3494323 0.8494322 0.4332058
v 0.3494323 0.9005678 0.4332058
v 0.3370000 0.9130000 0.4130000
v 0.3545503 0.8545503 0.4570279
v 0.3545503 0.8954497 0.4570279
v 0.3550000 0.8550000 0.5000000
v 0.3550000 0.8950000 0.5000000
v 0.3370000 0.9130000 0.4130000
v 0.3494323 0.9005678 0.4332058
v 0.4005677 0.9005678 0.4332058
v 0.4130000 0.9130000 0.4130000
v 0.3545503 0.8954497 0.4570279
v 0.3954497 0.8954497 0.4570279
v 0.3550000 0.8950000 0.5000000
v 0.3950000 0.8950000 0.5000000
v 0.3370000 0.8370000 0.4130000
v 0.4130000 0.8370000 0.4130000
v 0.4005677 0.8494322 0.4332058
v 0.3494323 0.8494322 0.4332058
v 0.3954497 0.8545503 0.4570279
v 0.3545503 0.8545503 0.4570279
v 0.3950000 0.8550000 0.5000000
v 0.3550000 0.8550000 0.5000000
v 0.3950000 0.8550000 0.2500000
v 0.3550000 0.8550000 0.2500000
v 0.3550000 0.8950000 0.2500000
v 0.3950000 0.8950000 0.2500000
v 0.4130000 0.8370000 0.3370000
v 0.4130000 0.9130000 0.3370000
v 0.3370000 0.9130000 0.3370000
v 0.3370000 0.8370000 0.3370000
v 0.3950000 0.8550000 0.2500000
v 0.3950000 0.8950000 0.2500000
v 0.3954503 0.8954503 0.2929779
v 0.3954503 0.8545497 0.2929779
v 0.4005697 0.9005697 0.3167996
v 0.4005697 0.8494303 0.3167996
v 0.4130000 0.9130000 0.3370000
v 0.4130000 0.8370000 0.3370000
v 0.3550000 0.8550000 0.2500000
v 0.3545497 0.8545497 0.2929779
v 0.3545497 0.8954503 0.2929779
v 0.3550000 0.8950000 0.2500000
v 0.3494303 0.8494303 0.3167996
v 0.3494303 0.9005697 0.3167996
v 0.3370000 0.8370000 0.3370000
v 0.3370000 0.9130000 0.3370000
v 0.3550000 0.8950000 0.2500000
v 0.3545497 0.8954503 0.2929779
v 0.3954503 0.8954503 0.2929779
v 0.3950000 0.8950000 0.2500000
v 0.3494303 0.9005697 0.3167996
v 0.4005697 0.9005697 0.3167996
v 0.3370000 0.9130000 0.3370000
v 0.4130000 0.9130000 0.3370000
v 0.3550000 0.8550000 0.2500000
v 0.3950000 0.8550000 0.2500000
v 0.3954503 0.8545497 0.2929779
v 0.3545497 0.8545497 0.2929779
v 0.4005697 0.8494303 0.3167996
v 0.3494303 0.8494303 0.3167996
v 0.4130000 0.8370000 0.3370000
v 0.3370000 0.8370000 0.3370000
v 0.3950000 1.0000000 0.3550000
v 0.3550000 1.0000000 0.3550000
v 0.3550000 1.0000000 0.3950000
v 0.3950000 1.0000000 0.3950000
v 0.4130000 0.9130000 0.3370000
v 0.4130000 0.9130000 0.4130000
v 0.3370000 0.9130000 0.4130000
v 0.3370000 0.9130000 0.3370000
v 0.3950000 1.0000000 0.3550000
v 0.3950000 1.0000000 0.3950000
v 0.3954503 0.9570221 0.3954503
v 0.3954503 0.9570221 0.3545497
v 0.4005697 0.9332004 0.4005697
v 0.4005697 0.9332004 0.3494303
v 0.4130000 0.9130000 0.4130000
v 0.4130000 0.9130000 0.3370000
v 0.3550000 1.0000000 0.3550000
v 0.3545497 0.9570221 0.3545497
v 0.3545497 0.9570221 0.3954503
v 0.3550000 1.0000000 0.3950000
v 0.3494303 0.9332004 0.3494303
v 0.3494303 0.9332004 0.4005697
v 0.3370000 0.9130000 0.3370000
v 0.3370000 0.9130000 0.4130000
v 0.3550000 1.0000000 0.3950000
v 0.3545497 0.9570221 0.3954503
v 0.3954503 0.9570221 0.3954503
v 0.3950000 1.0000000 0.3950000
v 0.3494303 0.9332004 0.4005697
v 0.4005697 0.9332004 0.4005697
v 0.3550000 1.0000000 0.3550000
v 0.3950000 1.0000000 0.3550000
v 0.3954503 0.9570221 0.3545497
v 0.3545497 0.9570221 0.3545497
v 0.4005697 0.9332004 0.3494303
v 0.3494303 0.9332004 0.3494303
v 0.4130000 0.8370000 0.3370000
v 0.3370000 0.8370000 0.3370000
v 0.3370000 0.8370000 0.4130000
v 0.4130000 0.8370000 0.4130000
v 0.3950000 0.7500000 0.3550000
v 0.3950000 0.7500000 0.3950000
v 0.3550000 0.7500000 0.3950000
v 0.3550000 0.7500000 0.3550000
v 0.4130000 0.8370000 0.3370000
v 0.4130000 0.8370000 0.4130000
v 0.4005677 0.8167942 0.4005677
v 0.4005677 0.8167942 0.3494323
v 0.3954497 0.7929721 0.3954497
v 0.3954497 0.7929721 0.3545503
v 0.3950000 0.7500000 0.3950000
v 0.3950000 0.7500000 0.3550000
v 0.3370000 0.8370000 0.3370000
v 0.3494323 0.8167942 0.3494323
v 0.3494323 0.8167942 0.4005677
v 0.3370000 0.8370000 0.4130000
v 0.3545503 0.7929721 0.3545503
v 0.3545503 0.7929721 0.3954497
v 0.3550000 0.7500000 0.3550000
v 0.3550000 0.7500000 0.3950000
v 0.3494323 0.8167942 0.4005677
v 0.4005677 0.8167942 0.4005677
v 0.3545503 0.7929721 0.3954497
v 0.3954497 0.7929721 0.3954497
v 0.3550000 0.7500000 0.3950000
v 0.3950000 0.7500000 0.3950000
v 0.4005677 0.8167942 0.3494323
v 0.3494323 0.8167942 0.3494323
v 0.3954497 0.7929721 0.3545503
v 0.3545503 0.7929721 0.3545503
v 0.3950000 0.7500000 0.3550000
v 0.3550000 0.7500000 0.3550000
v 0.4130000 0.9130000 0.3370000
v 0.4130000 0.8370000 0.3370000
v 0.4130000 0.8370000 0.4130000
v 0.4130000 0.9130000 0.4130000
v 0.5000000 0.8950000 0.3550000
v 0.5000000 0.8950000 0.3950000
v 0.5000000 0.8550000 0.3950000
v 0.5000000 0.8550000 0.3550000
v 0.4332058 0.9005678 0.4005677
v 0.4332058 0.9005678 0.3494323
v 0.4570279 0.8954497 0.3954497
v 0.4570279 0.8954497 0.3545503
v 0.5000000 0.8950000 0.3950000
v 0.5000000 0.8950000 0.3550000
v 0.4332058 0.8494322 0.3494323
v 0.4332058 0.8494322 0.4005677
v 0.4570279 0.8545503 0.3545503
v 0.4570279 0.8545503 0.3954497
v 0.5000000 0.8550000 0.3550000
v 0.5000000 0.8550000 0.3950000
v 0.4332058 0.8494322 0.4005677
v 0.4332058 0.9005678 0.4005677
v 0.4570279 0.8545503 0.3954497
v 0.4570279 0.8954497 0.3954497
v 0.5000000 0.8550000 0.3950000
v 0.5000000 0.8950000 0.3950000
v 0.4332058 0.9005678 0.3494323
v 0.4332058 0.8494322 0.3494323
v 0.4570279 0.8954497 0.3545503
v 0.4570279 0.8545503 0.3545503
v 0.5000000 0.8950000 0.3550000
v 0.5000000 0.8550000 0.3550000
v 0.2500000 0.8950000 0.3550000
v 0.2500000 0.8550000 0.3550000
v 0.2500000 0.8550000 0.3950000
v 0.2500000 0.8950000 0.3950000
v 0.3370000 0.9130000 0.3370000
v 0.3370000 0.9130000 0.4130000
v 0.3370000 0.8370000 0.4130000
v 0.3370000 0.8370000 0.3370000
v 0.2500000 0.8950000 0.3550000
v 0.2500000 0.8950000 0.3950000
v 0.2929779 0.8954503 0.3954503
v 0.2929779 0.8954503 0.3545497
v 0.3167996 0.9005697 0.4005697
v 0.3167996 0.9005697 0.3494303
v 0.2500000 0.8550000 0.3550000
v 0.2929779 0.8545497 0.3545497
v 0.2929779 0.8545497 0.3954503
v 0.2500000 0.8550000 0.3950000
v 0.3167996 0.8494303 0.3494303
v 0.3167996 0.8494303 0.4005697
v 0.2500000 0.8550000 0.3950000
v 0.2929779 0.8545497 0.3954503
v 0.2929779 0.8954503 0.3954503
v 0.2500000 0.8950000 0.3950000
v 0.3167996 0.8494303 0.4005697
v 0.3167996 0.9005697 0.4005697
v 0.2500000 0.8550000 0.3550000
v 0.2500000 0.8950000 0.3550000
v 0.2929779 0.8954503 0.3545497
v 0.2929779 0.8545497 0.3545497
v 0.3167996 0.9005697 0.3494303
v 0.3167996 0.8494303 0.3494303
v 0.3370000 0.9130000 0.3370000
v 0.3370000 0.8370000 0.3370000
v 0.3370000 0.8370000 0.4130000
v 0.3370000 0.9130000 0.4130000
v 0.4130000 0.9130000 0.3370000
v 0.4130000 0.9130000 0.4130000
v 0.4130000 0.8370000 0.4130000
v 0.4130000 0.8370000 0.3370000
v 0.3370000 0.9130000 0.3370000
v 0.3370000 0.9130000 0.4130000
v 0.4130000 0.9130000 0.4130000
v 0.4130000 0.9130000 0.3370000
v 0.3370000 0.8370000 0.3370000
v 0.4130000 0.8370000 0.3370000
v 0.4130000 0.8370000 0.4130000
v 0.3370000 0.8370000 0.4130000
v 0.3370000 0.8370000 0.4130000
v 0.4130000 0.8370000 0.4130000
v 0.4130000 0.9130000 0.4130000
v 0.3370000 0.9130000 0.4130000
v 0.3370000 0.8370000 0.3370000
v 0.3370000 0.9130000 0.3370000
v 0.4130000 0.9130000 0.3370000
v 0.4130000 0.8370000 0.3370000
v 0.6630000 0.8370000 0.4130000
v 0.5870000 0.8370000 0.4130000
v 0.5870000 0.9130000 0.4130000
v 0.6630000 0.9130000 0.4130000
v 0.6450000 0.8550000 0.5000000
v 0.6450000 0.8950000 0.5000000
v 0.6050000 0.8950000 0.5000000
v 0.6050000 0.8550000 0.5000000
v 0.6630000 0.8370000 0.4130000
v 0.6630000 0.9130000 0.4130000
v 0.6505678 0.9005678 0.4332058
v 0.6505678 0.8494322 0.4332058
v 0.6454497 0.8954497 0.4570279
v 0.6454497 0.8545503 0.4570279
v 0.6450000 0.8950000 0.5000000
v 0.6450000 0.8550000 0.5000000
v 0.5870000 0.8370000 0.4130000
v 0.5994322 0.8494322 0.4332058
v 0.5994322 0.9005678 0.4332058
v 0.5870000 0.9130000 0.4130000
v 0.6045503 0.8545503 0.4570279
v 0.6045503 0.8954497 0.4570279
v 0.6050000 0.8550000 0.5000000
v 0.6050000 0.8950000 0.5000000
v 0.5870000 0.9130000 0.4130000
v 0.5994322 0.9005678 0.4332058
v 0.6505678 0.9005678 0.4332058
v 0.6630000 0.9130000 0.4130000
v 0.6045503 0.8954497 0.4570279
v 0.6454497 0.8954497 0.4570279
v 0.6050000 0.8950000 0.5000000
v 0.6450000 0.8950000 0.5000000
v 0.5870000 0.8370000 0.4130000
v 0.6630000 0.8370000 0.4130000
v 0.6505678 0.8494322 0.4332058
v 0.5994322 0.8494322 0.4332058
v 0.6454497 0.8545503 0.4570279
v 0.6045503 0.8545503 0.4570279
v 0.6450000 0.8550000 0.5000000
v 0.6050000 0.8550000 0.5000000
v 0.6450000 0.8550000 0.2500000
v 0.6050000 0.8550000 0.2500000
v 0.6050000 0.8950000 0.2500000
v 0.6450000 0.8950000 0.2500000
v 0.6630000 0.8370000 0.3370000
v 0.6630000 0.9130000 0.3370000
v 0.5870000 0.9130000 0.3370000
v 0.5870000 0.8370000 0.3370000
v 0.6450000 0.8550000 0.2500000
v 0.6450000 0.8950000 0.2500000
v 0.6454503 0.8954503 0.2929779
v 0.6454503 0.8545497 0.2929779
v 0.6505697 0.9005697 0.3167996
v 0.6505697 0.8494303 0.3167996
v 0.6630000 0.9130000 0.3370000
v 0.6630000 0.8370000 0.3370000
v 0.6050000 0.8550000 0.2500000
v 0.6045497 0.8545497 0.2929779
v 0.6045497 0.8954503 0.2929779
v 0.6050000 0.8950000 0.2500000
v 0.5994303 0.8494303 0.3167996
v 0.5994303 0.9005697 0.3167996
v 0.5870000 0.8370000 0.3370000
v 0.5870000 0.9130000 0.3370000
v 0.6050000 0.8950000 0.2500000
v 0.6045497 0.8954503 0.2929779
v 0.6454503 0.8954503 0.2929779
v 0.6450000 0.8950000 0.2500000
v 0.5994303 0.9005697 0.3167996
v 0.6505697 0.9005697 0.3167996
v 0.5870000 0.9130000 0.3370000
v 0.6630000 0.9130000 0.3370000
v 0.6050000 0.8550000 0.2500000
v 0.6450000 0.8550000 0.2500000
v 0.6454503 0.8545497 0.2929779
v 0.6045497 0.8545497 0.2929779
v 0.6505697 0.8494303 0.3167996
v 0.5994303 0.8494303 0.3167996
v 0.6630000 0.8370000 0.3370000
v 0.5870000 0.8370000 0.3370000
v 0.6450000 1.0000000 0.3550000
v 0.6050000 1.0000000 0.3550000
v 0.6050000 1.0000000 0.3950000
v 0.6450000 1.0000000 0.3950000
v 0.6630000 0.9130000 0.3370000
v 0.6630000 0.9130000 0.4130000
v 0.5870000 0.9130000 0.4130000
v 0.5870000 0.9130000 0.3370000
v 0.6450000 1.0000000 0.3550000
v 0.6450000 1.0000000 0.3950000
v 0.6454503 0.9570221 0.3954503
v 0.6454503 0.9570221 0.3545497
v 0.6505697 0.9332004 0.4005697
v 0.6505697 0.9332004 0.3494303
v 0.6630000 0.9130000 0.4130000
v 0.6630000 0.9130000 0.3370000
v 0.6050000 1.0000000 0.3550000
v 0.6045497 0.9570221 0.3545497
v 0.6045497 0.9570221 0.3954503
v 0.6050000 1.0000000 0.3950000
v 0.5994303 0.9332004 0.3494303
v 0.5994303 0.9332004 0.4005697
v 0.5870000 0.9130000 0.3370000
v 0.5870000 0.9130000 0.4130000
v 0.6050000 1.0000000 0.3950000
v 0.6045497 0.9570221 0.3954503
v 0.6454503 0.9570221 0.3954503
v 0.6450000 1.0000000 0.3950000
v 0.5994303 0.9332004 0.4005697
v 0.6505697 0.9332004 0.4005697
v 0.6050000 1.0000000 0.3550000
v 0.6450000 1.0000000 0.3550000
v 0.6454503 0.9570221 0.3545497
v 0.6045497 0.9570221 0.3545497
v 0.6505697 0.9332004 0.3494303
v 0.5994303 0.9332004 0.3494303
v 0.6630000 0.8370000 0.3370000
v 0.5870000 0.8370000 0.3370000
v 0.5870000 0.8370000 0.4130000
v 0.6630000 0.8370000 0.4130000
v 0.6450000 0.7500000 0.3550000
v 0.6450000 0.7500000 0.3950000
v 0.6050000 0.7500000 0.3950000
v 0.6050000 0.7500000 0.3550000
v 0.6630000 0.8370000 0.3370000
v 0.6630000 0.8370000 0.4130000
v 0.6505678 0.8167942 0.4005677
v 0.6505678 0.8167942 0.3494323
v 0.6454497 0.7929721 0.3954497
v 0.6454497 0.7929721 0.3545503
v 0.6450000 0.7500000 0.3950000
v 0.6450000 0.7500000 0.3550000
v 0.5870000 0.8370000 0.3370000
v 0.5994322 0.8167942 0.3494323
v 0.5994322 0.8167942 0.4005677
v 0.5870000 0.8370000 0.4130000
v 0.6045503 0.7929721 0.3545503
v 0.6045503 0.7929721 0.3954497
v 0.6050000 0.7500000 0.3550000
v 0.6050000 0.7500000 0.3950000
v 0.5994322 0.8167942 0.4005677
v 0.6505678 0.8167942 0.4005677
v 0.6045503 0.7929721 0.3954497
v 0.6454497 0.7929721 0.3954497
v 0.6050000 0.7500000 0.3950000
v 0.6450000 0.7500000 0.3950000
v 0.6505678 0.8167942 0.3494323
v 0.5994322 0.8167942 0.3494323
v 0.6454497 0.7929721 0.3545503
v 0.6045503 0.7929721 0.3545503
v 0.6450000 0.7500000 0.3550000
v 0.6050000 0.7500000 0.3550000
v 0.6630000 0.9130000 0.3370000
v 0.6630000 0.8370000 0.3370000
v 0.6630000 0.8370000 0.4130000
v 0.6630000 0.9130000 0.4130000
v 0.7500000 0.8950000 0.3550000
v 0.7500000 0.8950000 0.3950000
v 0.7500000 0.8550000 0.3950000
v 0.7500000 0.8550000 0.3550000
v 0.6832058 0.9005678 0.4005677
v 0.6832058 0.9005678 0.3494323
v 0.7070279 0.8954497 0.3954497
v 0.7070279 0.8954497 0.3545503
v 0.7500000 0.8950000 0.3950000
v 0.7500000 0.8950000 0.3550000
v 0.6832058 0.8494322 0.3494323
v 0.6832058 0.8494322 0.4005677
v 0.7070279 0.8545503 0.3545503
v 0.7070279 0.8545503 0.3954497
v 0.7500000 0.8550000 0.3550000
v 0.7500000 0.8550000 0.3950000
v 0.6832058 0.8494322 0.4005677
v 0.6832058 0.9005678 0.4005677
v 0.7070279 0.8545503 0.3954497
v 0.7070279 0.8954497 0.3954497
v 0.7500000 0.8550000 0.3950000
v 0.7500000 0.8950000 0.3950000
v 0.6832058 0.9005678 0.3494323
v 0.6832058 0.8494322 0.3494323
v 0.7070279 0.8954497 0.3545503
v 0.7070279 0.8545503 0.3545503
v 0.7500000 0.8950000 0.3550000
v 0.7500000 0.8550000 0.3550000
v 0.5000000 0.8950000 0.3550000
v 0.5000000 0.8550000 0.3550000
v 0.5000000 0.8550000 0.3950000
v 0.5000000 0.8950000 0.3950000
v 0.5870000 0.9130000 0.3370000
v 0.5870000 0.9130000 0.4130000
v 0.5870000 0.8370000 0.4130000
v 0.5870000 0.8370000 0.3370000
v 0.5000000 0.8950000 0.3550000
v 0.5000000 0.8950000 0.3950000
v 0.5429779 0.8954503 0.3954503
v 0.5429779 0.8954503 0.3545497
v 0.5667996 0.9005697 0.4005697
v 0.5667996 0.9005697 0.3494303
v 0.5000000 0.8550000 0.3550000
v 0.5429779 0.8545497 0.3545497
v 0.5429779 0.8545497 0.3954503
v 0.5000000 0.8550000 0.3950000
v 0.5667996 0.8494303 0.3494303
v 0.5667996 0.8494303 0.4005697
v 0.5000000 0.8550000 0.3950000
v 0.5429779 0.8545497 0.3954503
v 0.5429779 0.8954503 0.3954503
v 0.5000000 0.8950000 0.3950000
v 0.5667996 0.8494303 0.4005697
v 0.5667996 0.9005697 0.4005697
v 0.5000000 0.8550000 0.3550000
v 0.5000000 0.8950000 0.3550000
v 0.5429779 0.8954503 0.3545497
v 0.5429779 0.8545497 0.3545497
v 0.5667996 0.9005697 0.3494303
v 0.5667996 0.8494303 0.3494303
v 0.5870000 0.9130000 0.3370000
v 0.5870000 0.8370000 0.3370000
v 0.5870000 0.8370000 0.4130000
v 0.5870000 0.9130000 0.4130000
v 0.6630000 0.9130000 0.3370000
v 0.6630000 0.9130000 0.4130000
v 0.6630000 0.8370000 0.4130000
v 0.6630000 0.8370000 0.3370000
v 0.5870000 0.9130000 0.3370000
v 0.5870000 0.9130000 0.4130000
v 0.6630000 0.9130000 0.4130000
v 0.6630000 0.9130000 0.3370000
v 0.5870000 0.8370000 0.3370000
v 0.6630000 0.8370000 0.3370000
v 0.6630000 0.8370000 0.4130000
v 0.5870000 0.8370000 0.4130000
v 0.5870000 0.8370000 0.4130000
v 0.6630000 0.8370000 0.4130000
v 0.6630000 0.9130000 0.4130000
v 0.5870000 0.9130000 0.4130000
v 0.5870000 0.8370000 0.3370000
v 0.5870000 0.9130000 0.3370000
v 0.6630000 0.9130000 0.3370000
v 0.6630000 0.8370000 0.3370000
v 0.9130000 0.8370000 0.4130000
v 0.8370000 0.8370000 0.4130000
v 0.8370000 0.9130000 0.4130000
v 0.9130000 0.9130000 0.4130000
v 0.8950000 0.8550000 0.5000000
v 0.8950000 0.8950000 0.5000000
v 0.8550000 0.8950000 0.5000000
v 0.8550000 0.8550000 0.5000000
v 0.9130000 0.8370000 0.4130000
v 0.9130000 0.9130000 0.4130000
v 0.9005678 0.9005678 0.4332058
v 0.9005678 0.8494322 0.4332058
v 0.8954497 0.8954497 0.4570279
v 0.8954497 0.8545503 0.4570279
v 0.8950000 0.8950000 0.5000000
v 0.8950000 0.8550000 0.5000000
v 0.8370000 0.8370000 0.4130000
v 0.8494322 0.8494322 0.4332058
v 0.8494322 0.9005678 0.4332058
v 0.8370000 0.9130000 0.4130000
v 0.8545503 0.8545503 0.4570279
v 0.8545503 0.8954497 0.4570279
v 0.8550000 0.8550000 0.5000000
v 0.8550000 0.8950000 0.5000000
v 0.8370000 0.9130000 0.4130000
v 0.8494322 0.9005678 0.4332058
v 0.9005678 0.9005678 0.4332058
v 0.9130000 0.9130000 0.4130000
v 0.8545503 0.8954497 0.4570279
v 0.8954497 0.8954497 0.4570279
v 0.8550000 0.8950000 0.5000000
v 0.8950000 0.8950000 0.5000000
v 0.8370000 0.8370000 0.4130000
v 0.9130000 0.8370000 0.4130000
v 0.9005678 0.8494322 0.4332058
v 0.8494322 0.8494322 0.4332058
v 0.8954497 0.8545503 0.4570279
v 0.8545503 0.8545503 0.4570279
v 0.8950000 0.8550000 0.5000000
v 0.8550000 0.8550000 0.5000000
v 0.8950000 0.8550000 0.2500000
v 0.8550000 0.8550000 0.2500000
v 0.8550000 0.8950000 0.2500000
v 0.8950000 0.8950000 0.2500000
v 0.9130000 0.8370000 0.3370000
v 0.9130000 0.9130000 0.3370000
v 0.8370000 0.9130000 0.3370000
v 0.8370000 0.8370000 0.3370000
v 0.8950000 0.8550000 0.2500000
v 0.8950000 0.8950000 0.2500000
v 0.8954503 0.8954503 0.2929779
v 0.8954503 0.8545497 0.2929779
v 0.9005697 0.9005697 0.3167996
v 0.9005697 0.8494303 0.3167996
v 0.9130000 0.9130000 0.3370000
v 0.9130000 0.8370000 0.3370000
v 0.8550000 0.8550000 0.2500000
v 0.8545497 0.8545497 0.2929779
v 0.8545497 0.8954503 0.2929779
v 0.8550000 0.8950000 0.2500000
v 0.8494303 0.8494303 0.3167996
v 0.8494303 0.9005697 0.3167996
v 0.8370000 0.8370000 0.3370000
v 0.8370000 0.9130000 0.3370000
v 0.8550000 0.8950000 0.2500000
v 0.8545497 0.8954503 0.2929779
v 0.8954503 0.8954503 0.2929779
v 0.8950000 0.8950000 0.2500000
v 0.8494303 0.9005697 0.3167996
v 0.9005697 0.9005697 0.3167996
v 0.8370000 0.9130000 0.3370000
v 0.9130000 0.9130000 0.3370000
v 0.8550000 0.8550000 0.2500000
v 0.8950000 0.8550000 0.2500000
v 0.8954503 0.8545497 0.2929779
v 0.8545497 0.8545497 0.2929779
v 0.9005697 0.8494303 0.3167996
v 0.8494303 0.8494303 0.3167996
v 0.9130000 0.8370000 0.3370000
v 0.8370000 0.8370000 0.3370000
v 0.8950000 1.0000000 0.3550000
v 0.8550000 1.0000000 0.3550000
v 0.8550000 1.0000000 0.3950000
v 0.8950000 1.0000000 0.3950000
v 0.9130000 0.9130000 0.3370000
v 0.9130000 0.9130000 0.4130000
v 0.8370000 0.9130000 0.4130000
v 0.8370000 0.9130000 0.3370000
v 0.8950000 1.0000000 0.3550000
v 0.8950000 1.0000000 0.3950000
v 0.8954503 0.9570221 0.3954503
v 0.8954503 0.9570221 0.3545497
v 0.9005697 0.9332004 0.4005697
v 0.9005697 0.9332004 0.3494303
v 0.9130000 0.9130000 0.4130000
v 0.9130000 0.9130000 0.3370000
v 0.8550000 1.0000000 0.3550000
v 0.8545497 0.9570221 0.3545497
v 0.8545497 0.9570221 0.3954503
v 0.8550000 1.0000000 0.3950000
v 0.8494303 0.9332004 0.3494303
v 0.8494303 0.9332004 0.4005697
v 0.8370000 0.9130000 0.3370000
v 0.8370000 0.9130000 0.4130000
v 0.8550000 1.0000000 0.3950000
v 0.8545497 0.9570221 0.3954503
v 0.8954503 0.9570221 0.3954503
v 0.8950000 1.0000000 0.3950000
v 0.8494303 0.9332004 0.4005697
v 0.9005697 0.9332004 0.4005697
v 0.8550000 1.0000000 0.3550000
v 0.8950000 1.0000000 0.3550000
v 0.8954503 0.9570221 0.3545497
v 0.8545497 0.9570221 0.3545497
v 0.9005697 0.9332004 0.3494303
v 0.8494303 0.9332004 0.3494303
v 0.9130000 0.8370000 0.3370000
v 0.8370000 0.8370000 0.3370000
v 0.8370000 0.8370000 0.4130000
v 0.9130000 0.8370000 0.4130000
v 0.8950000 0.7500000 0.3550000
v 0.8950000 0.7500000 0.3950000
v 0.8550000 0.7500000 0.3950000
v 0.8550000 0.7500000 0.3550000
v 0.9130000 0.8370000 0.3370000
v 0.9130000 0.8370000 0.4130000
v 0.9005678 0.8167942 0.4005677
v 0.9005678 0.8167942 0.3494323
v 0.8954497 0.7929721 0.3954497
v 0.8954497 0.7929721 0.3545503
v 0.8950000 0.7500000 0.3950000
v 0.8950000 0.7500000 0.3550000
v 0.8370000 0.8370000 0.3370000
v 0.8494322 0.8167942 0.3494323
v 0.8494322 0.8167942 0.4005677
v 0.8370000 0.8370000 0.4130000
v 0.8545503 0.7929721 0.3545503
v 0.8545503 0.7929721 0.3954497
v 0.8550000 0.7500000 0.3550000
v 0.8550000 0.7500000 0.3950000
v 0.8494322 0.8167942 0.4005677
v 0.9005678 0.8167942 0.4005677
v 0.8545503 0.7929721 0.3954497
v 0.8954497 0.7929721 0.3954497
v 0.8550000 0.7500000 0.3950000
v 0.8950000 0.7500000 0.3950000
v 0.9005678 0.8167942 0.3494323
v 0.8494322 0.8167942 0.3494323
v 0.8954497 0.7929721 0.3545503
v 0.8545503 0.7929721 0.3545503
v 0.8950000 0.7500000 0.3550000
v 0.8550000 0.7500000 0.3550000
v 0.9130000 0.9130000 0.3370000
v 0.9130000 0.8370000 0.3370000
v 0.9130000 0.8370000 0.4130000
v 0.9130000 0.9130000 0.4130000
v 1.0000000 0.8950000 0.3550000
v 1.0000000 0.8950000 0.3950000
v 1.0000000 0.8550000 0.3950000
v 1.0000000 0.8550000 0.3550000
v 0.9332058 0.9005678 0.4005677
v 0.9332058 0.9005678 0.3494323
v 0.9570279 0.8954497 0.3954497
v 0.9570279 0.8954497 0.3545503
v 1.0000000 0.8950000 0.3950000
v 1.0000000 0.8950000 0.3550000
v 0.9332058 0.8494322 0.3494323
v 0.9332058 0.8494322 0.4005677
v 0.9570279 0.8545503 0.3545503
v 0.9570279 0.8545503 0.3954497
v 1.0000000 0.8550000 0.3550000
v 1.0000000 0.8550000 0.3950000
v 0.9332058 0.8494322 0.4005677
v 0.9332058 0.9005678 0.4005677
v 0.9570279 0.8545503 0.3954497
v 0.9570279 0.8954497 0.3954497
v 1.0000000 0.8550000 0.3950000
v 1.0000000 0.8950000 0.3950000
v 0.9332058 0.9005678 0.3494323
v 0.9332058 0.8494322 0.3494323
v 0.9570279 0.8954497 0.3545503
v 0.9570279 0.8545503 0.3545503
v 1.0000000 0.8950000 0.3550000
v 1.0000000 0.8550000 0.3550000
v 0.7500000 0.8950000 0.3550000
v 0.7500000 0.8550000 0.3550000
v 0.7500000 0.8550000 0.3950000
v 0.7500000 0.8950000 0.3950000
v 0.8370000 0.9130000 0.3370000
v 0.8370000 0.9130000 0.4130000
v 0.8370000 0.8370000 0.4130000
v 0.8370000 0.8370000 0.3370000
v 0.7500000 0.8950000 0.3550000
v 0.7500000 0.8950000 0.3950000
v 0.7929779 0.8954503 0.3954503
v 0.7929779 0.8954503 0.3545497
v 0.8167996 0.9005697 0.4005697
v 0.8167996 0.9005697 0.3494303
v 0.7500000 0.8550000 0.3550000
v 0.7929779 0.8545497 0.3545497
v 0.7929779 0.8545497 0.3954503
v 0.7500000 0.8550000 0.3950000
v 0.8167996 0.8494303 0.3494303
v 0.8167996 0.8494303 0.4005697
v 0.7500000 0.8550000 0.3950000
v 0.7929779 0.8545497 0.3954503
v 0.7929779 0.8954503 0.3954503
v 0.7500000 0.8950000 0.3950000
v 0.8167996 0.8494303 0.4005697
v 0.8167996 0.9005697 0.4005697
v 0.7500000 0.8550000 0.3550000
v 0.7500000 0.8950000 0.3550000
v 0.7929779 0.8954503 0.3545497
v 0.7929779 0.8545497 0.3545497
v 0.8167996 0.9005697 0.3494303
v 0.8167996 0.8494303 0.3494303
v 0.8370000 0.9130000 0.3370000
v 0.8370000 0.8370000 0.3370000
v 0.8370000 0.8370000 0.4130000
v 0.8370000 0.9130000 0.4130000
v 0.9130000 0.9130000 0.3370000
v 0.9130000 0.9130000 0.4130000
v 0.9130000 0.8370000 0.4130000
v 0.9130000 0.8370000 0.3370000
v 0.8370000 0.9130000 0.3370000
v 0.8370000 0.9130000 0.4130000
v 0.9130000 0.9130000 0.4130000
v 0.9130000 0.9130000 0.3370000
v 0.8370000 0.8370000 0.3370000
v 0.9130000 0.8370000 0.3370000
v 0.9130000 0.8370000 0.4130000
v 0.8370000 0.8370000 0.4130000
v 0.8370000 0.8370000 0.4130000
v 0.9130000 0.8370000 0.4130000
v 0.9130000 0.9130000 0.4130000
v 0.8370000 0.9130000 0.4130000
v 0.8370000 0.8370000 0.3370000
v 0.8370000 0.9130000 0.3370000
v 0.9130000 0.9130000 0.3370000
v 0.9130000 0.8370000 0.3370000
v 0.1630000 0.0870000 0.6630000
v 0.0870000 0.0870000 0.6630000
v 0.0870000 0.1630000 0.6630000
v 0.1630000 0.1630000 0.6630000
v 0.1450000 0.1050000 0.7500000
v 0.1450000 0.1450000 0.7500000
v 0.1050000 0.1450000 0.7500000
v 0.1050000 0.1050000 0.7500000
v 0.1630000 0.0870000 0.6630000
v 0.1630000 0.1630000 0.6630000
v 0.1505678 0.1505678 0.6832058
v 0.1505678 0.0994322 0.6832058
v 0.1454497 0.1454497 0.7070279
v 0.1454497 0.1045503 0.7070279
v 0.1450000 0.1450000 0.7500000
v 0.1450000 0.1050000 0.7500000
v 0.0870000 0.0870000 0.6630000
v 0.0994322 0.0994322 0.6832058
v 0.0994322 0.1505678 0.6832058
v 0.0870000 0.1630000 0.6630000
v 0.1045503 0.1045503 0.7070279
v 0.1045503 0.1454497 0.7070279
v 0.1050000 0.1050000 0.7500000
v 0.1050000 0.1450000 0.7500000
v 0.0870000 0.1630000 0.6630000
v 0.0994322 0.1505678 0.6832058
v 0.1505678 0.1505678 0.6832058
v 0.1630000 0.1630000 0.6630000
v 0.1045503 0.1454497 0.7070279
v 0.1454497 0.1454497 0.7070279
v 0.1050000 0.1450000 0.7500000
v 0.1450000 0.1450000 0.7500000
v 0.0870000 0.0870000 0.6630000
v 0.1630000 0.0870000 0.6630000
v 0.1505678 0.0994322 0.6832058
v 0.0994322 0.0994322 0.6832058
v 0.1454497 0.1045503 0.7070279
v 0.1045503 0.1045503 0.7070279
v 0.1450000 0.1050000 0.7500000
v 0.1050000 0.1050000 0.7500000
v 0.1450000 0.1050000 0.5000000
v 0.1050000 0.1050000 0.5000000
v 0.1050000 0.1450000 0.5000000
v 0.1450000 0.1450000 0.5000000
v 0.1630000 0.0870000 0.5870000
v 0.1630000 0.1630000 0.5870000
v 0.0870000 0.1630000 0.5870000
v 0.0870000 0.0870000 0.5870000
v 0.1450000 0.1050000 0.5000000
v 0.1450000 0.1450000 0.5000000
v 0.1454503 0.1454503 0.5429779
v 0.1454503 0.1045497 0.5429779
v 0.1505698 0.1505698 0.5667996
v 0.1505698 0.0994303 0.5667996
v 0.1630000 0.1630000 0.5870000
v 0.1630000 0.0870000 0.5870000
v 0.1050000 0.1050000 0.5000000
v 0.1045497 0.1045497 0.5429779
v 0.1045497 0.1454503 0.5429779
v 0.1050000 0.1450000 0.5000000
v 0.0994303 0.0994303 0.5667996
v 0.0994303 0.1505698 0.5667996
v 0.0870000 0.0870000 0.5870000
v 0.0870000 0.1630000 0.5870000
v 0.1050000 0.1450000 0.5000000
v 0.1045497 0.1454503 0.5429779
v 0.1454503 0.1454503 0.5429779
v 0.1450000 0.1450000 0.5000000
v 0.0994303 0.1505698 0.5667996
v 0.1505698 0.1505698 0.5667996
v 0.0870000 0.1630000 0.5870000
v 0.1630000 0.1630000 0.5870000
v 0.1050000 0.1050000 0.5000000
v 0.1450000 0.1050000 0.5000000
v 0.1454503 0.1045497 0.5429779
v 0.1045497 0.1045497 0.5429779
v 0.1505698 0.0994303 0.5667996
v 0.0994303 0.0994303 0.5667996
v 0.1630000 0.0870000 0.5870000
v 0.0870000 0.0870000 0.5870000
v 0.1450000 0.2500000 0.6050000
v 0.1050000 0.2500000 0.6050000
v 0.1050000 0.2500000 0.6450000
v 0.1450000 0.2500000 0.6450000
v 0.1630000 0.1630000 0.5870000
v 0.1630000 0.1630000 0.6630000
v 0.0870000 0.1630000 0.6630000
v 0.0870000 0.1630000 0.5870000
v 0.1450000 0.2500000 0.6050000
v 0.1450000 0.2500000 0.6450000
v 0.1454503 0.2070221 0.6454503
v 0.1454503 0.2070221 0.6045497
v 0.1505698 0.1832004 0.6505697
v 0.1505698 0.1832004 0.5994303
v 0.1630000 0.1630000 0.6630000
v 0.1630000 0.1630000 0.5870000
v 0.1050000 0.2500000 0.6050000
v 0.1045497 0.2070221 0.6045497
v 0.1045497 0.2070221 0.6454503
v 0.1050000 0.2500000 0.6450000
v 0.0994303 0.1832004 0.5994303
v 0.0994303 0.1832004 0.6505697
v 0.0870000 0.1630000 0.5870000
v 0.0870000 0.1630000 0.6630000
v 0.1050000 0.2500000 0.6450000
v 0.1045497 0.2070221 0.6454503
v 0.1454503 0.2070221 0.6454503
v 0.1450000 0.2500000 0.6450000
v 0.0994303 0.1832004 0.6505697
v 0.1505698 0.1832004 0.6505697
v 0.1050000 0.2500000 0.6050000
v 0.1450000 0.2500000 0.6050000
v 0.1454503 0.2070221 0.6045497
v 0.1045497 0.2070221 0.6045497
v 0.1505698 0.1832004 0.5994303
v 0.0994303 0.1832004 0.5994303
v 0.1630000 0.0870000 0.5870000
v 0.0870000 0.0870000 0.5870000
v 0.0870000 0.0870000 0.6630000
v 0.1630000 0.0870000 0.6630000
v 0.1450000 0.0000000 0.6050000
v 0.1450000 0.0000000 0.6450000
v 0.1050000 0.0000000 0.6450000
v 0.1050000 0.0000000 0.6050000
v 0.1630000 0.0870000 0.5870000
v 0.1630000 0.0870000 0.6630000
v 0.1505678 0.0667941 0.6505678
v 0.1505678 0.0667941 0.5994322
v 0.1454497 0.0429721 0.6454497
v 0.1454497 0.0429721 0.6045503
v 0.1450000 0.0000000 0.6450000
v 0.1450000 0.0000000 0.6050000
v 0.0870000 0.0870000 0.5870000
v 0.0994322 0.0667941 0.5994322
v 0.0994322 0.0667941 0.6505678
v 0.0870000 0.0870000 0.6630000
v 0.1045503 0.0429721 0.6045503
v 0.1045503 0.0429721 0.6454497
v 0.1050000 0.0000000 0.6050000
v 0.1050000 0.0000000 0.6450000
v 0.0994322 0.0667941 0.6505678
v 0.1505678 0.0667941 0.6505678
v 0.1045503 0.0429721 0.6454497
v 0.1454497 0.0429721 0.6454497
v 0.1050000 0.0000000 0.6450000
v 0.1450000 0.0000000 0.6450000
v 0.1505678 0.0667941 0.5994322
v 0.0994322 0.0667941 0.5994322
v 0.1454497 0.0429721 0.6045503
v 0.1045503 0.0429721 0.6045503
v 0.1450000 0.0000000 0.6050000
v 0.1050000 0.0000000 0.6050000
v 0.1630000 0.1630000 0.5870000
v 0.1630000 0.0870000 0.5870000
v 0.1630000 0.0870000 0.6630000
v 0.1630000 0.1630000 0.6630000
v 0.2500000 0.1450000 0.6050000
v 0.2500000 0.1450000 0.6450000
v 0.2500000 0.1050000 0.6450000
v 0.2500000 0.1050000 0.6050000
v 0.1832059 0.1505678 0.6505678
v 0.1832059 0.1505678 0.5994322
v 0.2070279 0.1454497 0.6454497
v 0.2070279 0.1454497 0.6045503
v 0.2500000 0.1450000 0.6450000
v 0.2500000 0.1450000 0.6050000
v 0.1832059 0.0994322 0.5994322
v 0.1832059 0.0994322 0.6505678
v 0.2070279 0.1045503 0.6045503
v 0.2070279 0.1045503 0.6454497
v 0.2500000 0.1050000 0.6050000
v 0.2500000 0.1050000 0.6450000
v 0.1832059 0.0994322 0.6505678
v 0.1832059 0.1505678 0.6505678
v 0.2070279 0.1045503 0.6454497
v 0.2070279 0.1454497 0.6454497
v 0.2500000 0.1050000 0.6450000
v 0.2500000 0.1450000 0.6450000
v 0.1832059 0.1505678 0.5994322
v 0.1832059 0.0994322 0.5994322
v 0.2070279 0.1454497 0.6045503
v 0.2070279 0.1045503 0.6045503
v 0.2500000 0.1450000 0.6050000
v 0.2500000 0.1050000 0.6050000
v 0.0000000 0.1450000 0.6050000
v 0.0000000 0.1050000 0.6050000
v 0.0000000 0.1050000 0.6450000
v 0.0000000 0.1450000 0.6450000
v 0.0870000 0.1630000 0.5870000
v 0.0870000 0.1630000 0.6630000
v 0.0870000 0.0870000 0.6630000
v 0.0870000 0.0870000 0.5870000
v 0.0000000 0.1450000 0.6050000
v 0.0000000 0.1450000 0.6450000
v 0.0429779 0.1454503 0.6454503
v 0.0429779 0.1454503 0.6045497
v 0.0667996 0.1505698 0.6505697
v 0.0667996 0.1505698 0.5994303
v 0.0000000 0.1050000 0.6050000
v 0.0429779 0.1045497 0.6045497
v 0.0429779 0.1045497 0.6454503
v 0.0000000 0.1050000 0.6450000
v 0.0667996 0.0994303 0.5994303
v 0.0667996 0.0994303 0.6505697
v 0.0000000 0.1050000 0.6450000
v 0.0429779 0.1045497 0.6454503
v 0.0429779 0.1454503 0.6454503
v 0.0000000 0.1450000 0.6450000
v 0.0667996 0.0994303 0.6505697
v 0.0667996 0.1505698 0.6505697
v 0.0000000 0.1050000 0.6050000
v 0.0000000 0.1450000 0.6050000
v 0.0429779 0.1454503 0.6045497
v 0.0429779 0.1045497 0.6045497
v 0.0667996 0.1505698 0.5994303
v 0.0667996 0.0994303 0.5994303
v 0.0870000 0.1630000 0.5870000
v 0.0870000 0.0870000 0.5870000
v 0.0870000 0.0870000 0.6630000
v 0.0870000 0.1630000 0.6630000
v 0.1630000 0.1630000 0.5870000
v 0.1630000 0.1630000 0.6630000
v 0.1630000 0.0870000 0.6630000
v 0.1630000 0.0870000 0.5870000
v 0.0870000 0.1630000 0.5870000
v 0.0870000 0.1630000 0.6630000
v 0.1630000 0.1630000 0.6630000
v 0.1630000 0.1630000 0.5870000
v 0.0870000 0.0870000 0.5870000
v 0.1630000 0.0870000 0.5870000
v 0.1630000 0.0870000 0.6630000
v 0.0870000 0.0870000 0.6630000
v 0.0870000 0.0870000 0.6630000
v 0.1630000 0.0870000 0.6630000
v 0.1630000 0.1630000 0.6630000
v 0.0870000 0.1630000 0.6630000
v 0.0870000 0.0870000 0.5870000
v 0.0870000 0.1630000 0.5870000
v 0.1630000 0.1630000 0.5870000
v 0.1630000 0.0870000 0.5870000
v 0.4130000 0.0870000 0.6630000
v 0.3370000 0.0870000 0.6630000
v 0.3370000 0.1630000 0.6630000
v 0.4130000 0.1630000 0.6630000
v 0.3950000 0.1050000 0.7500000
v 0.3950000 0.1450000 0.7500000
v 0.3550000 0.1450000 0.7500000
v 0.3550000 0.1050000 0.7500000
v 0.4130000 0.0870000 0.6630000
v 0.4130000 0.1630000 0.6630000
v 0.4005677 0.1505678 0.6832058
v 0.4005677 0.0994322 0.6832058
v 0.3954497 0.1454497 0.7070279
v 0.3954497 0.1045503 0.7070279
v 0.3950000 0.1450000 0.7500000
v 0.3950000 0.1050000 0.7500000
v 0.3370000 0.0870000 0.6630000
v 0.3494323 0.0994322 0.6832058
v 0.3494323 0.1505678 0.6832058
v 0.3370000 0.1630000 0.6630000
v 0.3545503 0.1045503 0.7070279
v 0.3545503 0.1454497 0.7070279
v 0.3550000 0.1050000 0.7500000
v 0.3550000 0.1450000 0.7500000
v 0.3370000 0.1630000 0.6630000
v 0.3494323 0.1505678 0.6832058
v 0.4005677 0.1505678 0.6832058
v 0.4130000 0.1630000 0.6630000
v 0.3545503 0.1454497 0.7070279
v 0.3954497 0.1454497 0.7070279
v 0.3550000 0.1450000 0.7500000
v 0.3950000 0.1450000 0.7500000
v 0.3370000 0.0870000 0.6630000
v 0.4130000 0.0870000 0.6630000
v 0.4005677 0.0994322 0.6832058
v 0.3494323 0.0994322 0.6832058
v 0.3954497 0.1045503 0.7070279
v 0.3545503 0.1045503 0.7070279
v 0.3950000 0.1050000 0.7500000
v 0.3550000 0.1050000 0.7500000
v 0.3950000 0.1050000 0.5000000
v 0.3550000 0.1050000 0.5000000
v 0.3550000 0.1450000 0.5000000
v 0.3950000 0.1450000 0.5000000
v 0.4130000 0.0870000 0.5870000
v 0.4130000 0.1630000 0.5870000
v 0.3370000 0.1630000 0.5870000
v 0.3370000 0.0870000 0.5870000
v 0.3950000 0.1050000 0.5000000
v 0.3950000 0.1450000 0.5000000
v 0.3954503 0.1454503 0.5429779
v 0.3954503 0.1045497 0.5429779
v 0.4005697 0.1505698 0.5667996
v 0.4005697 0.0994303 0.5667996
v 0.4130000 0.1630000 0.5870000
v 0.4130000 0.0870000 0.5870000
v 0.3550000 0.1050000 0.5000000
v 0.3545497 0.1045497 0.5429779
v 0.3545497 0.1454503 0.5429779
v 0.3550000 0.1450000 0.5000000
v 0.3494303 0.0994303 0.5667996
v 0.3494303 0.1505698 0.5667996
v 0.3370000 0.0870000 0.5870000
v 0.3370000 0.1630000 0.5870000
v 0.3550000 0.1450000 0.5000000
v 0.3545497 0.1454503 0.5429779
v 0.3954503 0.1454503 0.5429779
v 0.3950000 0.1450000 0.5000000
v 0.3494303 0.1505698 0.5667996
v 0.4005697 0.1505698 0.5667996
v 0.3370000 0.1630000 0.5870000
v 0.4130000 0.1630000 0.5870000
v 0.3550000 0.1050000 0.5000000
v 0.3950000 0.1050000 0.5000000
v 0.3954503 0.1045497 0.5429779
v 0.3545497 0.1045497 0.5429779
v 0.4005697 0.0994303 0.5667996
v 0.3494303 0.0994303 0.5667996
v 0.4130000 0.0870000 0.5870000
v 0.3370000 0.0870000 0.5870000
v 0.3950000 0.2500000 0.6050000
v 0.3550000 0.2500000 0.6050000
v 0.3550000 0.2500000 0.6450000
v 0.3950000 0.2500000 0.6450000
v 0.4130000 0.1630000 0.5870000
v 0.4130000 0.1630000 0.6630000
v 0.3370000 0.1630000 0.6630000
v 0.3370000 0.1630000 0.5870000
v 0.3950000 0.2500000 0.6050000
v 0.3950000 0.2500000 0.6450000
v 0.3954503 0.2070221 0.6454503
v 0.3954503 0.2070221 0.6045497
v 0.4005697 0.1832004 0.6505697
v 0.4005697 0.1832004 0.5994303
v 0.4130000 0.1630000 0.6630000
v 0.4130000 0.1630000 0.5870000
v 0.3550000 0.2500000 0.6050000
v 0.3545497 0.2070221 0.6045497
v 0.3545497 0.2070221 0.6454503
v 0.3550000 0.2500000 0.6450000
v 0.3494303 0.1832004 0.5994303
v 0.3494303 0.1832004 0.6505697
v 0.3370000 0.1630000 0.5870000
v 0.3370000 0.1630000 0.6630000
v 0.3550000 0.2500000 0.6450000
v 0.3545497 0.2070221 0.6454503
v 0.3954503 0.2070221 0.6454503
v 0.3950000 0.2500000 0.6450000
v 0.3494303 0.1832004 0.6505697
v 0.4005697 0.1832004 0.6505697
v 0.3550000 0.2500000 0.6050000
v 0.3950000 0.2500000 0.6050000
v 0.3954503 0.2070221 0.6045497
v 0.3545497 0.2070221 0.6045497
v 0.4005697 0.1832004 0.5994303
v 0.3494303 0.1832004 0.5994303
v 0.4130000 0.0870000 0.5870000
v 0.3370000 0.0870000 0.5870000
v 0.3370000 0.0870000 0.6630000
v 0.4130000 0.0870000 0.6630000
v 0.3950000 0.0000000 0.6050000
v 0.3950000 0.0000000 0.6450000
v 0.3550000 0.0000000 0.6450000
v 0.3550000 0.0000000 0.6050000
v 0.4130000 0.0870000 0.5870000
v 0.4130000 0.0870000 0.6630000
v 0.4005677 0.0667941 0.6505678
v 0.4005677 0.0667941 0.5994322
v 0.3954497 0.0429721 0.6454497
v 0.3954497 0.0429721 0.6045503
v 0.3950000 0.0000000 0.6450000
v 0.3950000 0.0000000 0.6050000
v 0.3370000 0.0870000 0.5870000
v 0.3494323 0.0667941 0.5994322
v 0.3494323 0.0667941 0.6505678
v 0.3370000 0.0870000 0.6630000
v 0.3545503 0.0429721 0.6045503
v 0.3545503 0.0429721 0.6454497
v 0.3550000 0.0000000 0.6050000
v 0.3550000 0.0000000 0.6450000
v 0.3494323 0.0667941 0.6505678
v 0.4005677 0.0667941 0.6505678
v 0.3545503 0.0429721 0.6454497
v 0.3954497 0.0429721 0.6454497
v 0.3550000 0.0000000 0.6450000
v 0.3950000 0.0000000 0.6450000
v 0.4005677 0.0667941 0.5994322
v 0.3494323 0.0667941 0.5994322
v 0.3954497 0.0429721 0.6045503
v 0.3545503 0.0429721 0.6045503
v 0.3950000 0.0000000 0.6050000
v 0.3550000 0.0000000 0.6050000
v 0.4130000 0.1630000 0.5870000
v 0.4130000 0.0870000 0.5870000
v 0.4130000 0.0870000 0.6630000
v 0.4130000 0.1630000 0.6630000
v 0.5000000 0.1450000 0.6050000
v 0.5000000 0.1450000 0.6450000
v 0.5000000 0.1050000 0.6450000
v 0.5000000 0.1050000 0.6050000
v 0.4332058 0.1505678 0.6505678
v 0.4332058 0.1505678 0.5994322
v 0.4570279 0.1454497 0.6454497
v 0.4570279 0.1454497 0.6045503
v 0.5000000 0.1450000 0.6450000
v 0.5000000 0.1450000 0.6050000
v 0.4332058 0.0994322 0.5994322
v 0.4332058 0.0994322 0.6505678
v 0.4570279 0.1045503 0.6045503
v 0.4570279 0.1045503 0.6454497
v 0.5000000 0.1050000 0.6050000
v 0.5000000 0.1050000 0.6450000
v 0.4332058 0.0994322 0.6505678
v 0.4332058 0.1505678 0.6505678
v 0.4570279 0.1045503 0.6454497
v 0.4570279 0.1454497 0.6454497
v 0.5000000 0.1050000 0.6450000
v 0.5000000 0.1450000 0.6450000
v 0.4332058 0.1505678 0.5994322
v 0.4332058 0.0994322 0.5994322
v 0.4570279 0.1454497 0.6045503
v 0.4570279 0.1045503 0.6045503
v 0.5000000 0.1450000 0.6050000
v 0.5000000 0.1050000 0.6050000
v 0.2500000 0.1450000 0.6050000
v 0.2500000 0.1050000 0.6050000
v 0.2500000 0.1050000 0.6450000
v 0.2500000 0.1450000 0.6450000
v 0.3370000 0.1630000 0.5870000
v 0.3370000 0.1630000 0.6630000
v 0.3370000 0.0870000 0.6630000
v 0.3370000 0.0870000 0.5870000
v 0.2500000 0.1450000 0.6050000
v 0.2500000 0.1450000 0.6450000
v 0.2929779 0.1454503 0.6454503
v 0.2929779 0.1454503 0.6045497
v 0.3167996 0.1505698 0.6505697
v 0.3167996 0.1505698 0.5994303
v 0.2500000 0.1050000 0.6050000
v 0.2929779 0.1045497 0.6045497
v 0.2929779 0.1045497 0.6454503
v 0.2500000 0.1050000 0.6450000
v 0.3167996 0.0994303 0.5994303
v 0.3167996 0.0994303 0.6505697
v 0.2500000 0.1050000 0.6450000
v 0.2929779 0.1045497 0.6454503
v 0.2929779 0.1454503 0.6454503
v 0.2500000 0.1450000 0.6450000
v 0.3167996 0.0994303 0.6505697
v 0.3167996 0.1505698 0.6505697
v 0.2500000 0.1050000 0.6050000
v 0.2500000 0.1450000 0.6050000
v 0.2929779 0.1454503 0.6045497
v 0.2929779 0.1045497 0.6045497
v 0.3167996 0.1505698 0.5994303
v 0.3167996 0.0994303 0.5994303
v 0.3370000 0.1630000 0.5870000
v 0.3370000 0.0870000 0.5870000
v 0.3370000 0.0870000 0.6630000
v 0.3370000 0.1630000 0.6630000
v 0.4130000 0.1630000 0.5870000
v 0.4130000 0.1630000 0.6630000
v 0.4130000 0.0870000 0.6630000
v 0.4130000 0.0870000 0.5870000
v 0.3370000 0.1630000 0.5870000
v 0.3370000 0.1630000 0.6630000
v 0.4130000 0.1630000 0.6630000
v 0.4130000 0.1630000 0.5870000
v 0.3370000 0.0870000 0.5870000
v 0.4130000 0.0870000 0.5870000
v 0.4130000 0.0870000 0.6630000
v 0.3370000 0.0870000 0.6630000
v 0.3370000 0.0870000 0.6630000
v 0.4130000 0.0870000 0.6630000
v 0.4130000 0.1630000 0.6630000
v 0.3370000 0.1630000 0.6630000
v 0.3370000 0.0870000 0.5870000
v 0.3370000 0.1630000 0.5870000
v 0.4130000 0.1630000 0.5870000
v 0.4130000 0.0870000 0.5870000
v 0.6630000 0.0870000 0.6630000
v 0.5870000 0.0870000 0.6630000
v 0.5870000 0.1630000 0.6630000
v 0.6630000 0.1630000 0.6630000
v 0.6450000 0.1050000 0.7500000
v 0.6450000 0.1450000 0.7500000
v 0.6050000 0.1450000 0.7500000
v 0.6050000 0.1050000 0.7500000
v 0.6630000 0.0870000 0.6630000
v 0.6630000 0.1630000 0.6630000
v 0.6505678 0.1505678 0.6832058
v 0.6505678 0.0994322 0.6832058
v 0.6454497 0.1454497 0.7070279
v 0.6454497 0.1045503 0.7070279
v 0.6450000 0.1450000 0.7500000
v 0.6450000 0.1050000 0.7500000
v 0.5870000 0.0870000 0.6630000
v 0.5994322 0.0994322 0.6832058
v 0.5994322 0.1505678 0.6832058
v 0.5870000 0.1630000 0.6630000
v 0.6045503 0.1045503 0.7070279
v 0.6045503 0.1454497 0.7070279
v 0.6050000 0.1050000 0.7500000
v 0.6050000 0.1450000 0.7500000
v 0.5870000 0.1630000 0.6630000
v 0.5994322 0.1505678 0.6832058
v 0.6505678 0.1505678 0.6832058
v 0.6630000 0.1630000 0.6630000
v 0.6045503 0.1454497 0.7070279
v 0.6454497 0.1454497 0.7070279
v 0.6050000 0.1450000 0.7500000
v 0.6450000 0.1450000 0.7500000
v 0.5870000 0.0870000 0.6630000
v 0.6630000 0.0870000 0.6630000
v 0.6505678 0.0994322 0.6832058
v 0.5994322 0.0994322 0.6832058
v 0.6454497 0.1045503 0.7070279
v 0.6045503 0.1045503 0.7070279
v 0.6450000 0.1050000 0.7500000
v 0.6050000 0.1050000 0.7500000
v 0.6450000 0.1050000 0.5000000
v 0.6050000 0.1050000 0.5000000
v 0.6050000 0.1450000 0.5000000
v 0.6450000 0.1450000 0.5000000
v 0.6630000 0.0870000 0.5870000
v 0.6630000 0.1630000 0.5870000
v 0.5870000 0.1630000 0.5870000
v 0.5870000 0.0870000 0.5870000
v 0.6450000 0.1050000 0.5000000
v 0.6450000 0.1450000 0.5000000
v 0.6454503 0.1454503 0.5429779
v 0.6454503 0.1045497 0.5429779
v 0.6505697 0.1505698 0.5667996
v 0.6505697 0.0994303 0.5667996
v 0.6630000 0.1630000 0.5870000
v 0.6630000 0.0870000 0.5870000
v 0.6050000 0.1050000 0.5000000
v 0.6045497 0.1045497 0.5429779
v 0.6045497 0.1454503 0.5429779
v 0.6050000 0.1450000 0.5000000
v 0.5994303 0.0994303 0.5667996
v 0.5994303 0.1505698 0.5667996
v 0.5870000 0.0870000 0.5870000
v 0.5870000 0.1630000 0.5870000
v 0.6050000 0.1450000 0.5000000
v 0.6045497 0.1454503 0.5429779
v 0.6454503 0.1454503 0.5429779
v 0.6450000 0.1450000 0.5000000
v 0.5994303 0.1505698 0.5667996
v 0.6505697 0.1505698 0.5667996
v 0.5870000 0.1630000 0.5870000
v 0.6630000 0.1630000 0.5870000
v 0.6050000 0.1050000 0.5000000
v 0.6450000 0.1050000 0.5000000
v 0.6454503 0.1045497 0.5429779
v 0.6045497 0.1045497 0.5429779
v 0.6505697 0.0994303 0.5667996
v 0.5994303 0.0994303 0.5667996
v 0.6630000 0.0870000 0.5870000
v 0.5870000 0.0870000 0.5870000
v 0.6450000 0.2500000 0.6050000
v 0.6050000 0.2500000 0.6050000
v 0.6050000 0.2500000 0.6450000
v 0.6450000 0.2500000 0.6450000
v 0.6630000 0.1630000 0.5870000
v 0.6630000 0.1630000 0.6630000
v 0.5870000 0.1630000 0.6630000
v 0.5870000 0.1630000 0.5870000
v 0.6450000 0.2500000 0.6050000
v 0.6450000 0.2500000 0.6450000
v 0.6454503 0.2070221 0.6454503
v 0.6454503 0.2070221 0.6045497
v 0.6505697 0.1832004 0.6505697
v 0.6505697 0.1832004 0.5994303
v 0.6630000 0.1630000 0.6630000
v 0.6630000 0.1630000 0.5870000
v 0.6050000 0.2500000 0.6050000
v 0.6045497 0.2070221 0.6045497
v 0.6045497 0.2070221 0.6454503
v 0.6050000 0.2500000 0.6450000
v 0.5994303 0.1832004 0.5994303
v 0.5994303 0.1832004 0.6505697
v 0.5870000 0.1630000 0.5870000
v 0.5870000 0.1630000 0.6630000
v 0.6050000 0.2500000 0.6450000
v 0.6045497 0.2070221 0.6454503
v 0.6454503 0.2070221 0.6454503
v 0.6450000 0.2500000 0.6450000
v 0.5994303 0.1832004 0.6505697
v 0.6505697 0.1832004 0.6505697
v 0.6050000 0.2500000 0.6050000
v 0.6450000 0.2500000 0.6050000
v 0.6454503 0.2070221 0.6045497
v 0.6045497 0.2070221 0.6045497
v 0.6505697 0.1832004 0.5994303
v 0.5994303 0.1832004 0.5994303
v 0.6630000 0.0870000 0.5870000
v 0.5870000 0.0870000 0.5870000
v 0.5870000 0.0870000 0.6630000
v 0.6630000 0.0870000 0.6630000
v 0.6450000 0.0000000 0.6050000
v 0.6450000 0.0000000 0.6450000
v 0.6050000 0.0000000 0.6450000
v 0.6050000 0.0000000 0.6050000
v 0.6630000 0.0870000 0.5870000
v 0.6630000 0.0870000 0.6630000
v 0.6505678 0.0667941 0.6505678
v 0.6505678 0.0667941 0.5994322
v 0.6454497 0.0429721 0.6454497
v 0.6454497 0.0429721 0.6045503
v 0.6450000 0.0000000 0.6450000
v 0.6450000 0.0000000 0.6050000
v 0.5870000 0.0870000 0.5870000
v 0.5994322 0.0667941 0.5994322
v 0.5994322 0.0667941 0.6505678
v 0.5870000 0.0870000 0.6630000
v 0.6045503 0.0429721 0.6045503
v 0.6045503 0.0429721 0.6454497
v 0.6050000 0.0000000 0.6050000
v 0.6050000 0.0000000 0.6450000
v 0.5994322 0.0667941 0.6505678
v 0.6505678 0.0667941 0.6505678
v 0.6045503 0.0429721 0.6454497
v 0.6454497 0.0429721 0.6454497
v 0.6050000 0.0000000 0.6450000
v 0.6450000 0.0000000 0.6450000
v 0.6505678 0.0667941 0.5994322
v 0.5994322 0.0667941 0.5994322
v 0.6454497 0.0429721 0.6045503
v 0.6045503 0.0429721 0.6045503
v 0.6450000 0.0000000 0.6050000
v 0.6050000 0.0000000 0.6050000
v 0.6630000 0.1630000 0.5870000
v 0.6630000 0.0870000 0.5870000
v 0.6630000 0.0870000 0.6630000
v 0.6630000 0.1630000 0.6630000
v 0.7500000 0.1450000 0.6050000
v 0.7500000 0.1450000 0.6450000
v 0.7500000 0.1050000 0.6450000
v 0.7500000 0.1050000 0.6050000
v 0.6832058 0.1505678 0.6505678
v 0.6832058 0.1505678 0.5994322
v 0.7070279 0.1454497 0.6454497
v 0.7070279 0.1454497 0.6045503
v 0.7500000 0.1450000 0.6450000
v 0.7500000 0.1450000 0.6050000
v 0.6832058 0.0994322 0.5994322
v 0.6832058 0.0994322 0.6505678
v 0.7070279 0.1045503 0.6045503
v 0.7070279 0.1045503 0.6454497
v 0.7500000 0.1050000 0.6050000
v 0.7500000 0.1050000 0.6450000
v 0.6832058 0.0994322 0.6505678
v 0.6832058 0.1505678 0.6505678
v 0.7070279 0.1045503 0.6454497
v 0.7070279 0.1454497 0.6454497
v 0.7500000 0.1050000 0.6450000
v 0.7500000 0.1450000 0.6450000
v 0.6832058 0.1505678 0.5994322
v 0.6832058 0.0994322 0.5994322
v 0.7070279 0.1454497 0.6045503
v 0.7070279 0.1045503 0.6045503
v 0.7500000 0.1450000 0.6050000
v 0.7500000 0.1050000 0.6050000
v 0.5000000 0.1450000 0.6050000
v 0.5000000 0.1050000 0.6050000
v 0.5000000 0.1050000 0.6450000
v 0.5000000 0.1450000 0.6450000
v 0.5870000 0.1630000 0.5870000
v 0.5870000 0.1630000 0.6630000
v 0.5870000 0.0870000 0.6630000
v 0.5870000 0.0870000 0.5870000
v 0.5000000 0.1450000 0.6050000
v 0.5000000 0.1450000 0.6450000
v 0.5429779 0.1454503 0.6454503
v 0.5429779 0.1454503 0.6045497
v 0.5667996 0.1505698 0.6505697
v 0.5667996 0.1505698 0.5994303
v 0.5000000 0.1050000 0.6050000
v 0.5429779 0.1045497 0.6045497
v 0.5429779 0.1045497 0.6454503
v 0.5000000 0.1050000 0.6450000
v 0.5667996 0.0994303 0.5994303
v 0.5667996 0.0994303 0.6505697
v 0.5000000 0.1050000 0.6450000
v 0.5429779 0.1045497 0.6454503
v 0.5429779 0.1454503 0.6454503
v 0.5000000 0.1450000 0.6450000
v 0.5667996 0.0994303 0.6505697
v 0.5667996 0.1505698 0.6505697
v 0.5000000 0.1050000 0.6050000
v 0.5000000 0.1450000 0.6050000
v 0.5429779 0.1454503 0.6045497
v 0.5429779 0.1045497 0.6045497
v 0.5667996 0.1505698 0.5994303
v 0.5667996 0.0994303 0.5994303
v 0.5870000 0.1630000 0.5870000
v 0.5870000 0.0870000 0.5870000
v 0.5870000 0.0870000 0.6630000
v 0.5870000 0.1630000 0.6630000
v 0.6630000 0.1630000 0.5870000
v 0.6630000 0.1630000 0.6630000
v 0.6630000 0.0870000 0.6630000
v 0.6630000 0.0870000 0.5870000
v 0.5870000 0.1630000 0.5870000
v 0.5870000 0.1630000 0.6630000
v 0.6630000 0.1630000 0.6630000
v 0.6630000 0.1630000 0.5870000
v 0.5870000 0.0870000 0.5870000
v 0.6630000 0.0870000 0.5870000
v 0.6630000 0.0870000 0.6630000
v 0.5870000 0.0870000 0.6630000
v 0.5870000 0.0870000 0.6630000
v 0.6630000 0.0870000 0.6630000
v 0.6630000 0.1630000 0.6630000
v 0.5870000 0.1630000 0.6630000
v 0.5870000 0.0870000 0.5870000
v 0.5870000 0.1630000 0.5870000
v 0.6630000 0.1630000 0.5870000
v 0.6630000 0.0870000 0.5870000
v 0.9130000 0.0870000 0.6630000
v 0.8370000 0.0870000 0.6630000
v 0.8370000 0.1630000 0.6630000
v 0.9130000 0.1630000 0.6630000
v 0.8950000 0.1050000 0.7500000
v 0.8950000 0.1450000 0.7500000
v 0.8550000 0.1450000 0.7500000
v 0.8550000 0.1050000 0.7500000
v 0.9130000 0.0870000 0.6630000
v 0.9130000 0.1630000 0.6630000
v 0.9005678 0.1505678 0.6832058
v 0.9005678 0.0994322 0.6832058
v 0.8954497 0.1454497 0.7070279
v 0.8954497 0.1045503 0.7070279
v 0.8950000 0.1450000 0.7500000
v 0.8950000 0.1050000 0.7500000
v 0.8370000 0.0870000 0.6630000
v 0.8494322 0.0994322 0.6832058
v 0.8494322 0.1505678 0.6832058
v 0.8370000 0.1630000 0.6630000
v 0.8545503 0.1045503 0.7070279
v 0.8545503 0.1454497 0.7070279
v 0.8550000 0.1050000 0.7500000
v 0.8550000 0.1450000 0.7500000
v 0.8370000 0.1630000 0.6630000
v 0.8494322 0.1505678 0.6832058
v 0.9005678 0.1505678 0.6832058
v 0.9130000 0.1630000 0.6630000
v 0.8545503 0.1454497 0.7070279
v 0.8954497 0.1454497 0.7070279
v 0.8550000 0.1450000 0.7500000
v 0.8950000 0.1450000 0.7500000
v 0.8370000 0.0870000 0.6630000
v 0.9130000 0.0870000 0.6630000
v 0.9005678 0.0994322 0.6832058
v 0.8494322 0.0994322 0.6832058
v 0.8954497 0.1045503 0.7070279
v 0.8545503 0.1045503 0.7070279
v 0.8950000 0.1050000 0.7500000
v 0.8550000 0.1050000 0.7500000
v 0.8950000 0.1050000 0.5000000
v 0.8550000 0.1050000 0.5000000
v 0.8550000 0.1450000 0.5000000
v 0.8950000 0.1450000 0.5000000
v 0.9130000 0.0870000 0.5870000
v 0.9130000 0.1630000 0.5870000
v 0.8370000 0.1630000 0.5870000
v 0.8370000 0.0870000 0.5870000
v 0.8950000 0.1050000 0.5000000
v 0.8950000 0.1450000 0.5000000
v 0.8954503 0.1454503 0.5429779
v 0.8954503 0.1045497 0.5429779
v 0.9005697 0.1505698 0.5667996
v 0.9005697 0.0994303 0.5667996
v 0.9130000 0.1630000 0.5870000
v 0.9130000 0.0870000 0.5870000
v 0.8550000 0.1050000 0.5000000
v 0.8545497 0.1045497 0.5429779
v 0.8545497 0.1454503 0.5429779
v 0.8550000 0.1450000 0.5000000
v 0.8494303 0.0994303 0.5667996
v 0.8494303 0.1505698 0.5667996
v 0.8370000 0.0870000 0.5870000
v 0.8370000 0.1630000 0.5870000
v 0.8550000 0.1450000 0.5000000
v 0.8545497 0.1454503 0.5429779
v 0.8954503 0.1454503 0.5429779
v 0.8950000 0.1450000 0.5000000
v 0.8494303 0.1505698 0.5667996
v 0.9005697 0.1505698 0.5667996
v 0.8370000 0.1630000 0.5870000
v 0.9130000 0.1630000 0.5870000
v 0.8550000 0.1050000 0.5000000
v 0.8950000 0.1050000 0.5000000
v 0.8954503 0.1045497 0.5429779
v 0.8545497 0.1045497 0.5429779
v 0.9005697 0.0994303 0.5667996
v 0.8494303 0.0994303 0.5667996
v 0.9130000 0.0870000 0.5870000
v 0.8370000 0.0870000 0.5870000
v 0.8950000 0.2500000 0.6050000
v 0.8550000 0.2500000 0.6050000
v 0.8550000 0.2500000 0.6450000
v 0.8950000 0.2500000 0.6450000
v 0.9130000 0.1630000 0.5870000
v 0.9130000 0.1630000 0.6630000
v 0.8370000 0.1630000 0.6630000
v 0.8370000 0.1630000 0.5870000
v 0.8950000 0.2500000 0.6050000
v 0.8950000 0.2500000 0.6450000
v 0.8954503 0.2070221 0.6454503
v 0.8954503 0.2070221 0.6045497
v 0.9005697 0.1832004 0.6505697
v 0.9005697 0.1832004 0.5994303
v 0.9130000 0.1630000 0.6630000
v 0.9130000 0.1630000 0.5870000
v 0.8550000 0.2500000 0.6050000
v 0.8545497 0.2070221 0.6045497
v 0.8545497 0.2070221 0.6454503
v 0.8550000 0.2500000 0.6450000
v 0.8494303 0.1832004 0.5994303
v 0.8494303 0.1832004 0.6505697
v 0.8370000 0.1630000 0.5870000
v 0.8370000 0.1630000 0.6630000
v 0.8550000 0.2500000 0.6450000
v 0.8545497 0.2070221 0.6454503
v 0.8954503 0.2070221 0.6454503
v 0.8950000 0.2500000 0.6450000
v 0.8494303 0.1832004 0.6505697
v 0.9005697 0.1832004 0.6505697
v 0.8550000 0.2500000 0.6050000
v 0.8950000 0.2500000 0.6050000
v 0.8954503 0.2070221 0.6045497
v 0.8545497 0.2070221 0.6045497
v 0.9005697 0.1832004 0.5994303
v 0.8494303 0.1832004 0.5994303
v 0.9130000 0.0870000 0.5870000
v 0.8370000 0.0870000 0.5870000
v 0.8370000 0.0870000 0.6630000
v 0.9130000 0.0870000 0.6630000
v 0.8950000 0.0000000 0.6050000
v 0.8950000 0.0000000 0.6450000
v 0.8550000 0.0000000 0.6450000
v 0.8550000 0.0000000 0.6050000
v 0.9130000 0.0870000 0.5870000
v 0.9130000 0.0870000 0.6630000
v 0.9005678 0.0667941 0.6505678
v 0.9005678 0.0667941 0.5994322
v 0.8954497 0.0429721 0.6454497
v 0.8954497 0.0429721 0.6045503
v 0.8950000 0.0000000 0.6450000
v 0.8950000 0.0000000 0.6050000
v 0.8370000 0.0870000 0.5870000
v 0.8494322 0.0667941 0.5994322
v 0.8494322 0.0667941 0.6505678
v 0.8370000 0.0870000 0.6630000
v 0.8545503 0.0429721 0.6045503
v 0.8545503 0.0429721 0.6454497
v 0.8550000 0.0000000 0.6050000
v 0.8550000 0.0000000 0.6450000
v 0.8494322 0.0667941 0.6505678
v 0.9005678 0.0667941 0.6505678
v 0.8545503 0.0429721 0.6454497
v 0.8954497 0.0429721 0.6454497
v 0.8550000 0.0000000 0.6450000
v 0.8950000 0.0000000 0.6450000
v 0.9005678 0.0667941 0.5994322
v 0.8494322 0.0667941 0.5994322
v 0.8954497 0.0429721 0.6045503
v 0.8545503 0.0429721 0.6045503
v 0.8950000 0.0000000 0.6050000
v 0.8550000 0.0000000 0.6050000
v 0.9130000 0.1630000 0.5870000
v 0.9130000 0.0870000 0.5870000
v 0.9130000 0.0870000 0.6630000
v 0.9130000 0.1630000 0.6630000
v 1.0000000 0.1450000 0.6050000
v 1.0000000 0.1450000 0.6450000
v 1.0000000 0.1050000 0.6450000
v 1.0000000 0.1050000 0.6050000
v 0.9332058 0.1505678 0.6505678
v 0.9332058 0.1505678 0.5994322
v 0.9570279 0.1454497 0.6454497
v 0.9570279 0.1454497 0.6045503
v 1.0000000 0.1450000 0.6450000
v 1.0000000 0.1450000 0.6050000
v 0.9332058 0.0994322 0.5994322
v 0.9332058 0.0994322 0.6505678
v 0.9570279 0.1045503 0.6045503
v 0.9570279 0.1045503 0.6454497
v 1.0000000 0.1050000 0.6050000
v 1.0000000 0.1050000 0.6450000
v 0.9332058 0.0994322 0.6505678
v 0.9332058 0.1505678 0.6505678
v 0.9570279 0.1045503 0.6454497
v 0.9570279 0.1454497 0.6454497
v 1.0000000 0.1050000 0.6450000
v 1.0000000 0.1450000 0.6450000
v 0.9332058 0.1505678 0.5994322
v 0.9332058 0.0994322 0.5994322
v 0.9570279 0.1454497 0.6045503
v 0.9570279 0.1045503 0.6045503
v 1.0000000 0.1450000 0.6050000
v 1.0000000 0.1050000 0.6050000
v 0.7500000 0.1450000 0.6050000
v 0.7500000 0.1050000 0.6050000
v 0.7500000 0.1050000 0.6450000
v 0.7500000 0.1450000 0.6450000
v 0.8370000 0.1630000 0.5870000
v 0.8370000 0.1630000 0.6630000
v 0.8370000 0.0870000 0.6630000
v 0.8370000 0.0870000 0.5870000
v 0.7500000 0.1450000 0.6050000
v 0.7500000 0.1450000 0.6450000
v 0.7929779 0.1454503 0.6454503
v 0.7929779 0.1454503 0.6045497
v 0.8167996 0.1505698 0.6505697
v 0.8167996 0.1505698 0.5994303
v 0.7500000 0.1050000 0.6050000
v 0.7929779 0.1045497 0.6045497
v 0.7929779 0.1045497 0.6454503
v 0.7500000 0.1050000 0.6450000
v 0.8167996 0.0994303 0.5994303
v 0.8167996 0.0994303 0.6505697
v 0.7500000 0.1050000 0.6450000
v 0.7929779 0.1045497 0.6454503
v 0.7929779 0.1454503 0.6454503
v 0.7500000 0.1450000 0.6450000
v 0.8167996 0.0994303 0.6505697
v 0.8167996 0.1505698 0.6505697
v 0.7500000 0.1050000 0.6050000
v 0.7500000 0.1450000 0.6050000
v 0.7929779 0.1454503 0.6045497
v 0.7929779 0.1045497 0.6045497
v 0.8167996 0.1505698 0.5994303
v 0.8167996 0.0994303 0.5994303
v 0.8370000 0.1630000 0.5870000
v 0.8370000 0.0870000 0.5870000
v 0.8370000 0.0870000 0.6630000
v 0.8370000 0.1630000 0.6630000
v 0.9130000 0.1630000 0.5870000
v 0.9130000 0.1630000 0.6630000
v 0.9130000 0.0870000 0.6630000
v 0.9130000 0.0870000 0.5870000
v 0.8370000 0.1630000 0.5870000
v 0.8370000 0.1630000 0.6630000
v 0.9130000 0.1630000 0.6630000
v 0.9130000 0.1630000 0.5870000
v 0.8370000 0.0870000 0.5870000
v 0.9130000 0.0870000 0.5870000
v 0.9130000 0.0870000 0.6630000
v 0.8370000 0.0870000 0.6630000
v 0.8370000 0.0870000 0.6630000
v 0.9130000 0.0870000 0.6630000
v 0.9130000 0.1630000 0.6630000
v 0.8370000 0.1630000 0.6630000
v 0.8370000 0.0870000 0.5870000
v 0.8370000 0.1630000 0.5870000
v 0.9130000 0.1630000 0.5870000
v 0.9130000 0.0870000 0.5870000
v 0.1630000 0.3370000 0.6630000
v 0.0870000 0.3370000 0.6630000
v 0.0870000 0.4130000 0.6630000
v 0.1630000 0.4130000 0.6630000
v 0.1450000 0.3550000 0.7500000
v 0.1450000 0.3950000 0.7500000
v 0.1050000 0.3950000 0.7500000
v 0.1050000 0.3550000 0.7500000
v 0.1630000 0.3370000 0.6630000
v 0.1630000 0.4130000 0.6630000
v 0.1505678 0.4005677 0.6832058
v 0.1505678 0.3494323 0.6832058
v 0.1454497 0.3954497 0.7070279
v 0.1454497 0.3545503 0.7070279
v 0.1450000 0.3950000 0.7500000
v 0.1450000 0.3550000 0.7500000
v 0.0870000 0.3370000 0.6630000
v 0.0994322 0.3494323 0.6832058
v 0.0994322 0.4005677 0.6832058
v 0.0870000 0.4130000 0.6630000
v 0.1045503 0.3545503 0.7070279
v 0.1045503 0.3954497 0.7070279
v 0.1050000 0.3550000 0.7500000
v 0.1050000 0.3950000 0.7500000
v 0.0870000 0.4130000 0.6630000
v 0.0994322 0.4005677 0.6832058
v 0.1505678 0.4005677 0.6832058
v 0.1630000 0.4130000 0.6630000
v 0.1045503 0.3954497 0.7070279
v 0.1454497 0.3954497 0.7070279
v 0.1050000 0.3950000 0.7500000
v 0.1450000 0.3950000 0.7500000
v 0.0870000 0.3370000 0.6630000
v 0.1630000 0.3370000 0.6630000
v 0.1505678 0.3494323 0.6832058
v 0.0994322 0.3494323 0.6832058
v 0.1454497 0.3545503 0.7070279
v 0.1045503 0.3545503 0.7070279
v 0.1450000 0.3550000 0.7500000
v 0.1050000 0.3550000 0.7500000
v 0.1450000 0.3550000 0.5000000
v 0.1050000 0.3550000 0.5000000
v 0.1050000 0.3950000 0.5000000
v 0.1450000 0.3950000 0.5000000
v 0.1630000 0.3370000 0.5870000
v 0.1630000 0.4130000 0.5870000
v 0.0870000 0.4130000 0.5870000
v 0.0870000 0.3370000 0.5870000
v 0.1450000 0.3550000 0.5000000
v 0.1450000 0.3950000 0.5000000
v 0.1454503 0.3954503 0.5429779
v 0.1454503 0.3545497 0.5429779
v 0.1505698 0.4005697 0.5667996
v 0.1505698 0.3494303 0.5667996
v 0.1630000 0.4130000 0.5870000
v 0.1630000 0.3370000 0.5870000
v 0.1050000 0.3550000 0.5000000
v 0.1045497 0.3545497 0.5429779
v 0.1045497 0.3954503 0.5429779
v 0.1050000 0.3950000 0.5000000
v 0.0994303 0.3494303 0.5667996
v 0.0994303 0.4005697 0.5667996
v 0.0870000 0.3370000 0.5870000
v 0.0870000 0.4130000 0.5870000
v 0.1050000 0.3950000 0.5000000
v 0.1045497 0.3954503 0.5429779
v 0.1454503 0.3954503 0.5429779
v 0.1450000 0.3950000 0.5000000
v 0.0994303 0.4005697 0.5667996
v 0.1505698 0.4005697 0.5667996
v 0.0870000 0.4130000 0.5870000
v 0.1630000 0.4130000 0.5870000
v 0.1050000 0.3550000 0.5000000
v 0.1450000 0.3550000 0.5000000
v 0.1454503 0.3545497 0.5429779
v 0.1045497 0.3545497 0.5429779
v 0.1505698 0.3494303 0.5667996
v 0.0994303 0.3494303 0.5667996
v 0.1630000 0.3370000 0.5870000
v 0.0870000 0.3370000 0.5870000
v 0.1450000 0.5000000 0.6050000
v 0.1050000 0.5000000 0.6050000
v 0.1050000 0.5000000 0.6450000
v 0.1450000 0.5000000 0.6450000
v 0.1630000 0.4130000 0.5870000
v 0.1630000 0.4130000 0.6630000
v 0.0870000 0.4130000 0.6630000
v 0.0870000 0.4130000 0.5870000
v 0.1450000 0.5000000 0.6050000
v 0.1450000 0.5000000 0.6450000
v 0.1454503 0.4570221 0.6454503
v 0.1454503 0.4570221 0.6045497
v 0.1505698 0.4332004 0.6505697
v 0.1505698 0.4332004 0.5994303
v 0.1630000 0.4130000 0.6630000
v 0.1630000 0.4130000 0.5870000
v 0.1050000 0.5000000 0.6050000
v 0.1045497 0.4570221 0.6045497
v 0.1045497 0.4570221 0.6454503
v 0.1050000 0.5000000 0.6450000
v 0.0994303 0.4332004 0.5994303
v 0.0994303 0.4332004 0.6505697
v 0.0870000 0.4130000 0.5870000
v 0.0870000 0.4130000 0.6630000
v 0.1050000 0.5000000 0.6450000
v 0.1045497 0.4570221 0.6454503
v 0.1454503 0.4570221 0.6454503
v 0.1450000 0.5000000 0.6450000
v 0.0994303 0.4332004 0.6505697
v 0.1505698 0.4332004 0.6505697
v 0.1050000 0.5000000 0.6050000
v 0.1450000 0.5000000 0.6050000
v 0.1454503 0.4570221 0.6045497
v 0.1045497 0.4570221 0.6045497
v 0.1505698 0.4332004 0.5994303
v 0.0994303 0.4332004 0.5994303
v 0.1630000 0.3370000 0.5870000
v 0.0870000 0.3370000 0.5870000
v 0.0870000 0.3370000 0.6630000
v 0.1630000 0.3370000 0.6630000
v 0.1450000 0.2500000 0.6050000
v 0.1450000 0.2500000 0.6450000
v 0.1050000 0.2500000 0.6450000
v 0.1050000 0.2500000 0.6050000
v 0.1630000 0.3370000 0.5870000
v 0.1630000 0.3370000 0.6630000
v 0.1505678 0.3167942 0.6505678
v 0.1505678 0.3167942 0.5994322
v 0.1454497 0.2929721 0.6454497
v 0.1454497 0.2929721 0.6045503
v 0.1450000 0.2500000 0.6450000
v 0.1450000 0.2500000 0.6050000
v 0.0870000 0.3370000 0.5870000
v 0.0994322 0.3167942 0.5994322
v 0.0994322 0.3167942 0.6505678
v 0.0870000 0.3370000 0.6630000
v 0.1045503 0.2929721 0.6045503
v 0.1045503 0.2929721 0.6454497
v 0.1050000 0.2500000 0.6050000
v 0.1050000 0.2500000 0.6450000
v 0.0994322 0.3167942 0.6505678
v 0.1505678 0.3167942 0.6505678
v 0.1045503 0.2929721 0.6454497
v 0.1454497 0.2929721 0.6454497
v 0.1050000 0.2500000 0.6450000
v 0.1450000 0.2500000 0.6450000
v 0.1505678 0.3167942 0.5994322
v 0.0994322 0.3167942 0.5994322
v 0.1454497 0.2929721 0.6045503
v 0.1045503 0.2929721 0.6045503
v 0.1450000 0.2500000 0.6050000
v 0.1050000 0.2500000 0.6050000
v 0.1630000 0.4130000 0.5870000
v 0.1630000 0.3370000 0.5870000
v 0.1630000 0.3370000 0.6630000
v 0.1630000 0.4130000 0.6630000
v 0.2500000 0.3950000 0.6050000
v 0.2500000 0.3950000 0.6450000
v 0.2500000 0.3550000 0.6450000
v 0.2500000 0.3550000 0.6050000
v 0.1832059 0.4005677 0.6505678
v 0.1832059 0.4005677 0.5994322
v 0.2070279 0.3954497 0.6454497
v 0.2070279 0.3954497 0.6045503
v 0.2500000 0.3950000 0.6450000
v 0.2500000 0.3950000 0.6050000
v 0.1832059 0.3494323 0.5994322
v 0.1832059 0.3494323 0.6505678
v 0.2070279 0.3545503 0.6045503
v 0.2070279 0.3545503 0.6454497
v 0.2500000 0.3550000 0.6050000
v 0.2500000 0.3550000 0.6450000
v 0.1832059 0.3494323 0.6505678
v 0.1832059 0.4005677 0.6505678
v 0.2070279 0.3545503 0.6454497
v 0.2070279 0.3954497 0.6454497
v 0.2500000 0.3550000 0.6450000
v 0.2500000 0.3950000 0.6450000
v 0.1832059 0.4005677 0.5994322
v 0.1832059 0.3494323 0.5994322
v 0.2070279 0.3954497 0.6045503
v 0.2070279 0.3545503 0.6045503
v 0.2500000 0.3950000 0.6050000
v 0.2500000 0.3550000 0.6050000
v 0.0000000 0.3950000 0.6050000
v 0.0000000 0.3550000 0.6050000
v 0.0000000 0.3550000 0.6450000
v 0.0000000 0.3950000 0.6450000
v 0.0870000 0.4130000 0.5870000
v 0.0870000 0.4130000 0.6630000
v 0.0870000 0.3370000 0.6630000
v 0.0870000 0.3370000 0.5870000
v 0.0000000 0.3950000 0.6050000
v 0.0000000 0.3950000 0.6450000
v 0.0429779 0.3954503 0.6454503
v 0.0429779 0.3954503 0.6045497
v 0.0667996 0.4005697 0.6505697
v 0.0667996 0.4005697 0.5994303
v 0.0000000 0.3550000 0.6050000
v 0.0429779 0.3545497 0.6045497
v 0.0429779 0.3545497 0.6454503
v 0.0000000 0.3550000 0.6450000
v 0.0667996 0.3494303 0.5994303
v 0.0667996 0.3494303 0.6505697
v 0.0000000 0.3550000 0.6450000
v 0.0429779 0.3545497 0.6454503
v 0.0429779 0.3954503 0.6454503
v 0.0000000 0.3950000 0.6450000
v 0.0667996 0.3494303 0.6505697
v 0.0667996 0.4005697 0.6505697
v 0.0000000 0.3550000 0.6050000
v 0.0000000 0.3950000 0.6050000
v 0.0429779 0.3954503 0.6045497
v 0.0429779 0.3545497 0.6045497
v 0.0667996 0.4005697 0.5994303
v 0.0667996 0.3494303 0.5994303
v 0.0870000 0.4130000 0.5870000
v 0.0870000 0.3370000 0.5870000
v 0.0870000 0.3370000 0.6630000
v 0.0870000 0.4130000 0.6630000
v 0.1630000 0.4130000 0.5870000
v 0.1630000 0.4130000 0.6630000
v 0.1630000 0.3370000 0.6630000
v 0.1630000 0.3370000 0.5870000
v 0.0870000 0.4130000 0.5870000
v 0.0870000 0.4130000 0.6630000
v 0.1630000 0.4130000 0.6630000
v 0.1630000 0.4130000 0.5870000
v 0.0870000 0.3370000 0.5870000
v 0.1630000 0.3370000 0.5870000
v 0.1630000 0.3370000 0.6630000
v 0.0870000 0.3370000 0.6630000
v 0.0870000 0.3370000 0.6630000
v 0.1630000 0.3370000 0.6630000
v 0.1630000 0.4130000 0.6630000
v 0.0870000 0.4130000 0.6630000
v 0.0870000 0.3370000 0.5870000
v 0.0870000 0.4130000 0.5870000
v 0.1630000 0.4130000 0.5870000
v 0.1630000 0.3370000 0.5870000
v 0.4130000 0.3370000 0.6630000
v 0.3370000 0.3370000 0.6630000
v 0.3370000 0.4130000 0.6630000
v 0.4130000 0.4130000 0.6630000
v 0.3950000 0.3550000 0.7500000
v 0.3950000 0.3950000 0.7500000
v 0.3550000 0.3950000 0.7500000
v 0.3550000 0.3550000 0.7500000
v 0.4130000 0.3370000 0.6630000
v 0.4130000 0.4130000 0.6630000
v 0.4005677 0.4005677 0.6832058
v 0.4005677 0.3494323 0.6832058
v 0.3954497 0.3954497 0.7070279
v 0.3954497 0.3545503 0.7070279
v 0.3950000 0.3950000 0.7500000
v 0.3950000 0.3550000 0.7500000
v 0.3370000 0.3370000 0.6630000
v 0.3494323 0.3494323 0.6832058
v 0.3494323 0.4005677 0.6832058
v 0.3370000 0.4130000 0.6630000
v 0.3545503 0.3545503 0.7070279
v 0.3545503 0.3954497 0.7070279
v 0.3550000 0.3550000 0.7500000
v 0.3550000 0.3950000 0.7500000
v 0.3370000 0.4130000 0.6630000
v 0.3494323 0.4005677 0.6832058
v 0.4005677 0.4005677 0.6832058
v 0.4130000 0.4130000 0.6630000
v 0.3545503 0.3954497 0.7070279
v 0.3954497 0.3954497 0.7070279
v 0.3550000 0.3950000 0.7500000
v 0.3950000 0.3950000 0.7500000
v 0.3370000 0.3370000 0.6630000
v 0.4130000 0.3370000 0.6630000
v 0.4005677 0.3494323 0.6832058
v 0.3494323 0.3494323 0.6832058
v 0.3954497 0.3545503 0.7070279
v 0.3545503 0.3545503 0.7070279
v 0.3950000 0.3550000 0.7500000
v 0.3550000 0.3550000 0.7500000
v 0.3950000 0.3550000 0.5000000
v 0.3550000 0.3550000 0.5000000
v 0.3550000 0.3950000 0.5000000
v 0.3950000 0.3950000 0.5000000
v 0.4130000 0.3370000 0.5870000
v 0.4130000 0.4130000 0.5870000
v 0.3370000 0.4130000 0.5870000
v 0.3370000 0.3370000 0.5870000
v 0.3950000 0.3550000 0.5000000
v 0.3950000 0.3950000 0.5000000
v 0.3954503 0.3954503 0.5429779
v 0.3954503 0.3545497 0.5429779
v 0.4005697 0.4005697 0.5667996
v 0.4005697 0.3494303 0.5667996
v 0.4130000 0.4130000 0.5870000
v 0.4130000 0.3370000 0.5870000
v 0.3550000 0.3550000 0.5000000
v 0.3545497 0.3545497 0.5429779
v 0.3545497 0.3954503 0.5429779
v 0.3550000 0.3950000 0.5000000
v 0.3494303 0.3494303 0.5667996
v 0.3494303 0.4005697 0.5667996
v 0.3370000 0.3370000 0.5870000
v 0.3370000 0.4130000 0.5870000
v 0.3550000 0.3950000 0.5000000
v 0.3545497 0.3954503 0.5429779
v 0.3954503 0.3954503 0.5429779
v 0.3950000 0.3950000 0.5000000
v 0.3494303 0.4005697 0.5667996
v 0.4005697 0.4005697 0.5667996
v 0.3370000 0.4130000 0.5870000
v 0.4130000 0.4130000 0.5870000
v 0.3550000 0.3550000 0.5000000
v 0.3950000 0.3550000 0.5000000
v 0.3954503 0.3545497 0.5429779
v 0.3545497 0.3545497 0.5429779
v 0.4005697 0.3494303 0.5667996
v 0.3494303 0.3494303 0.5667996
v 0.4130000 0.3370000 0.5870000
v 0.3370000 0.3370000 0.5870000
v 0.3950000 0.5000000 0.6050000
v 0.3550000 0.5000000 0.6050000
v 0.3550000 0.5000000 0.6450000
v 0.3950000 0.5000000 0.6450000
v 0.4130000 0.4130000 0.5870000
v 0.4130000 0.4130000 0.6630000
v 0.3370000 0.4130000 0.6630000
v 0.3370000 0.4130000 0.5870000
v 0.3950000 0.5000000 0.6050000
v 0.3950000 0.5000000 0.6450000
v 0.3954503 0.4570221 0.6454503
v 0.3954503 0.4570221 0.6045497
v 0.4005697 0.4332004 0.6505697
v 0.4005697 0.4332004 0.5994303
v 0.4130000 0.4130000 0.6630000
v 0.4130000 0.4130000 0.5870000
v 0.3550000 0.5000000 0.6050000
v 0.3545497 0.4570221 0.6045497
v 0.3545497 0.4570221 0.6454503
v 0.3550000 0.5000000 0.6450000
v 0.3494303 0.4332004 0.5994303
v 0.3494303 0.4332004 0.6505697
v 0.3370000 0.4130000 0.5870000
v 0.3370000 0.4130000 0.6630000
v 0.3550000 0.5000000 0.6450000
v 0.3545497 0.4570221 0.6454503
v 0.3954503 0.4570221 0.6454503
v 0.3950000 0.5000000 0.6450000
v 0.3494303 0.4332004 0.6505697
v 0.4005697 0.4332004 0.6505697
v 0.3550000 0.5000000 0.6050000
v 0.3950000 0.5000000 0.6050000
v 0.3954503 0.4570221 0.6045497
v 0.3545497 0.4570221 0.6045497
v 0.4005697 0.4332004 0.5994303
v 0.3494303 0.4332004 0.5994303
v 0.4130000 0.3370000 0.5870000
v 0.3370000 0.3370000 0.5870000
v 0.3370000 0.3370000 0.6630000
v 0.4130000 0.3370000 0.6630000
v 0.3950000 0.2500000 0.6050000
v 0.3950000 0.2500000 0.6450000
v 0.3550000 0.2500000 0.6450000
v 0.3550000 0.2500000 0.6050000
v 0.4130000 0.3370000 0.5870000
v 0.4130000 0.3370000 0.6630000
v 0.4005677 0.3167942 0.6505678
v 0.4005677 0.3167942 0.5994322
v 0.3954497 0.2929721 0.6454497
v 0.3954497 0.2929721 0.6045503
v 0.3950000 0.2500000 0.6450000
v 0.3950000 0.2500000 0.6050000
v 0.3370000 0.3370000 0.5870000
v 0.3494323 0.3167942 0.5994322
v 0.3494323 0.3167942 0.6505678
v 0.3370000 0.3370000 0.6630000
v 0.3545503 0.2929721 0.6045503
v 0.3545503 0.2929721 0.6454497
v 0.3550000 0.2500000 0.6050000
v 0.3550000 0.2500000 0.6450000
v 0.3494323 0.3167942 0.6505678
v 0.4005677 0.3167942 0.6505678
v 0.3545503 0.2929721 0.6454497
v 0.3954497 0.2929721 0.6454497
v 0.3550000 0.2500000 0.6450000
v 0.3950000 0.2500000 0.6450000
v 0.4005677 0.3167942 0.5994322
v 0.3494323 0.3167942 0.5994322
v 0.3954497 0.2929721 0.6045503
v 0.3545503 0.2929721 0.6045503
v 0.3950000 0.2500000 0.6050000
v 0.3550000 0.2500000 0.6050000
v 0.4130000 0.4130000 0.5870000
v 0.4130000 0.3370000 0.5870000
v 0.4130000 0.3370000 0.6630000
v 0.4130000 0.4130000 0.6630000
v 0.5000000 0.3950000 0.6050000
v 0.5000000 0.3950000 0.6450000
v 0.5000000 0.3550000 0.6450000
v 0.5000000 0.3550000 0.6050000
v 0.4332058 0.4005677 0.6505678
v 0.4332058 0.4005677 0.5994322
v 0.4570279 0.3954497 0.6454497
v 0.4570279 0.3954497 0.6045503
v 0.5000000 0.3950000 0.6450000
v 0.5000000 0.3950000 0.6050000
v 0.4332058 0.3494323 0.5994322
v 0.4332058 0.3494323 0.6505678
v 0.4570279 0.3545503 0.6045503
v 0.4570279 0.3545503 0.6454497
v 0.5000000 0.3550000 0.6050000
v 0.5000000 0.3550000 0.6450000
v 0.4332058 0.3494323 0.6505678
v 0.4332058 0.4005677 0.6505678
v 0.4570279 0.3545503 0.6454497
v 0.4570279 0.3954497 0.6454497
v 0.5000000 0.3550000 0.6450000
v 0.5000000 0.3950000 0.6450000
v 0.4332058 0.4005677 0.5994322
v 0.4332058 0.3494323 0.5994322
v 0.4570279 0.3954497 0.6045503
v 0.4570279 0.3545503 0.6045503
v 0.5000000 0.3950000 0.6050000
v 0.5000000 0.3550000 0.6050000
v 0.2500000 0.3950000 0.6050000
v 0.2500000 0.3550000 0.6050000
v 0.2500000 0.3550000 0.6450000
v 0.2500000 0.3950000 0.6450000
v 0.3370000 0.4130000 0.5870000
v 0.3370000 0.4130000 0.6630000
v 0.3370000 0.3370000 0.6630000
v 0.3370000 0.3370000 0.5870000
v 0.2500000 0.3950000 0.6050000
v 0.2500000 0.3950000 0.6450000
v 0.2929779 0.3954503 0.6454503
v 0.2929779 0.3954503 0.6045497
v 0.3167996 0.4005697 0.6505697
v 0.3167996 0.4005697 0.5994303
v 0.2500000 0.3550000 0.6050000
v 0.2929779 0.3545497 0.6045497
v 0.2929779 0.3545497 0.6454503
v 0.2500000 0.3550000 0.6450000
v 0.3167996 0.3494303 0.5994303
v 0.3167996 0.3494303 0.6505697
v 0.2500000 0.3550000 0.6450000
v 0.2929779 0.3545497 0.6454503
v 0.2929779 0.3954503 0.6454503
v 0.2500000 0.3950000 0.6450000
v 0.3167996 0.3494303 0.6505697
v 0.3167996 0.4005697 0.6505697
v 0.2500000 0.3550000 0.6050000
v 0.2500000 0.3950000 0.6050000
v 0.2929779 0.3954503 0.6045497
v 0.2929779 0.3545497 0.6045497
v 0.3167996 0.4005697 0.5994303
v 0.3167996 0.3494303 0.5994303
v 0.3370000 0.4130000 0.5870000
v 0.3370000 0.3370000 0.5870000
v 0.3370000 0.3370000 0.6630000
v 0.3370000 0.4130000 0.6630000
v 0.4130000 0.4130000 0.5870000
v 0.4130000 0.4130000 0.6630000
v 0.4130000 0.3370000 0.6630000
v 0.4130000 0.3370000 0.5870000
v 0.3370000 0.4130000 0.5870000
v 0.3370000 0.4130000 0.6630000
v 0.4130000 0.4130000 0.6630000
v 0.4130000 0.4130000 0.5870000
v 0.3370000 0.3370000 0.5870000
v 0.4130000 0.3370000 0.5870000
v 0.4130000 0.3370000 0.6630000
v 0.3370000 0.3370000 0.6630000
v 0.3370000 0.3370000 0.6630000
v 0.4130000 0.3370000 0.6630000
v 0.4130000 0.4130000 0.6630000
v 0.3370000 0.4130000 0.6630000
v 0.3370000 0.3370000 0.5870000
v 0.3370000 0.4130000 0.5870000
v 0.4130000 0.4130000 0.5870000
v 0.4130000 0.3370000 0.5870000
v 0.6630000 0.3370000 0.6630000
v 0.5870000 0.3370000 0.6630000
v 0.5870000 0.4130000 0.6630000
v 0.6630000 0.4130000 0.6630000
v 0.6450000 0.3550000 0.7500000
v 0.6450000 0.3950000 0.7500000
v 0.6050000 0.3950000 0.7500000
v 0.6050000 0.3550000 0.7500000
v 0.6630000 0.3370000 0.6630000
v 0.6630000 0.4130000 0.6630000
v 0.6505678 0.4005677 0.6832058
v 0.6505678 0.3494323 0.6832058
v 0.6454497 0.3954497 0.7070279
v 0.6454497 0.3545503 0.7070279
v 0.6450000 0.3950000 0.7500000
v 0.6450000 0.3550000 0.7500000
v 0.5870000 0.3370000 0.6630000
v 0.5994322 0.3494323 0.6832058
v 0.5994322 0.4005677 0.6832058
v 0.5870000 0.4130000 0.6630000
v 0.6045503 0.3545503 0.7070279
v 0.6045503 0.3954497 0.7070279
v 0.6050000 0.3550000 0.7500000
v 0.6050000 0.3950000 0.7500000
v 0.5870000 0.4130000 0.6630000
v 0.5994322 0.4005677 0.6832058
v 0.6505678 0.4005677 0.6832058
v 0.6630000 0.4130000 0.6630000
v 0.6045503 0.3954497 0.7070279
v 0.6454497 0.3954497 0.7070279
v 0.6050000 0.3950000 0.7500000
v 0.6450000 0.3950000 0.7500000
v 0.5870000 0.3370000 0.6630000
v 0.6630000 0.3370000 0.6630000
v 0.6505678 0.3494323 0.6832058
v 0.5994322 0.3494323 0.6832058
v 0.6454497 0.3545503 0.7070279
v 0.6045503 0.3545503 0.7070279
v 0.6450000 0.3550000 0.7500000
v 0.6050000 0.3550000 0.7500000
v 0.6450000 0.3550000 0.5000000
v 0.6050000 0.3550000 0.5000000
v 0.6050000 0.3950000 0.5000000
v 0.6450000 0.3950000 0.5000000
v 0.6630000 0.3370000 0.5870000
v 0.6630000 0.4130000 0.5870000
v 0.5870000 0.4130000 0.5870000
v 0.5870000 0.3370000 0.5870000
v 0.6450000 0.3550000 0.5000000
v 0.6450000 0.3950000 0.5000000
v 0.6454503 0.3954503 0.5429779
v 0.6454503 0.3545497 0.5429779
v 0.6505697 0.4005697 0.5667996
v 0.6505697 0.3494303 0.5667996
v 0.6630000 0.4130000 0.5870000
v 0.6630000 0.3370000 0.5870000
v 0.6050000 0.3550000 0.5000000
v 0.6045497 0.3545497 0.5429779
v 0.6045497 0.3954503 0.5429779
v 0.6050000 0.3950000 0.5000000
v 0.5994303 0.3494303 0.5667996
v 0.5994303 0.4005697 0.5667996
v 0.5870000 0.3370000 0.5870000
v 0.5870000 0.4130000 0.5870000
v 0.6050000 0.3950000 0.5000000
v 0.6045497 0.3954503 0.5429779
v 0.6454503 0.3954503 0.5429779
v 0.6450000 0.3950000 0.5000000
v 0.5994303 0.4005697 0.5667996
v 0.6505697 0.4005697 0.5667996
v 0.5870000 0.4130000 0.5870000
v 0.6630000 0.4130000 0.5870000
v 0.6050000 0.3550000 0.5000000
v 0.6450000 0.3550000 0.5000000
v 0.6454503 0.3545497 0.5429779
v 0.6045497 0.3545497 0.5429779
v 0.6505697 0.3494303 0.5667996
v 0.5994303 0.3494303 0.5667996
v 0.6630000 0.3370000 0.5870000
v 0.5870000 0.3370000 0.5870000
v 0.6450000 0.5000000 0.6050000
v 0.6050000 0.5000000 0.6050000
v 0.6050000 0.5000000 0.6450000
v 0.6450000 0.5000000 0.6450000
v 0.6630000 0.4130000 0.5870000
v 0.6630000 0.4130000 0.6630000
v 0.5870000 0.4130000 0.6630000
v 0.5870000 0.4130000 0.5870000
v 0.6450000 0.5000000 0.6050000
v 0.6450000 0.5000000 0.6450000
v 0.6454503 0.4570221 0.6454503
v 0.6454503 0.4570221 0.6045497
v 0.6505697 0.4332004 0.6505697
v 0.6505697 0.4332004 0.5994303
v 0.6630000 0.4130000 0.6630000
v 0.6630000 0.4130000 0.5870000
v 0.6050000 0.5000000 0.6050000
v 0.6045497 0.4570221 0.6045497
v 0.6045497 0.4570221 0.6454503
v 0.6050000 0.5000000 0.6450000
v 0.5994303 0.4332004 0.5994303
v 0.5994303 0.4332004 0.6505697
v 0.5870000 0.4130000 0.5870000
v 0.5870000 0.4130000 0.6630000
v 0.6050000 0.5000000 0.6450000
v 0.6045497 0.4570221 0.6454503
v 0.6454503 0.4570221 0.6454503
v 0.6450000 0.5000000 0.6450000
v 0.5994303 0.4332004 0.6505697
v 0.6505697 0.4332004 0.6505697
v 0.6050000 0.5000000 0.6050000
v 0.6450000 0.5000000 0.6050000
v 0.6454503 0.4570221 0.6045497
v 0.6045497 0.4570221 0.6045497
v 0.6505697 0.4332004 0.5994303
v 0.5994303 0.4332004 0.5994303
v 0.6630000 0.3370000 0.5870000
v 0.5870000 0.3370000 0.5870000
v 0.5870000 0.3370000 0.6630000
v 0.6630000 0.3370000 0.6630000
v 0.6450000 0.2500000 0.6050000
v 0.6450000 0.2500000 0.6450000
v 0.6050000 0.2500000 0.6450000
v 0.6050000 0.2500000 0.6050000
v 0.6630000 0.3370000 0.5870000
v 0.6630000 0.3370000 0.6630000
v 0.6505678 0.3167942 0.6505678
v 0.6505678 0.3167942 0.5994322
v 0.6454497 0.2929721 0.6454497
v 0.6454497 0.2929721 0.6045503
v 0.6450000 0.2500000 0.6450000
v 0.6450000 0.2500000 0.6050000
v 0.5870000 0.3370000 0.5870000
v 0.5994322 0.3167942 0.5994322
v 0.5994322 0.3167942 0.6505678
v 0.5870000 0.3370000 0.6630000
v 0.6045503 0.2929721 0.6045503
v 0.6045503 0.2929721 0.6454497
v 0.6050000 0.2500000 0.6050000
v 0.6050000 0.2500000 0.6450000
v 0.5994322 0.3167942 0.6505678
v 0.6505678 0.3167942 0.6505678
v 0.6045503 0.2929721 0.6454497
v 0.6454497 0.2929721 0.6454497
v 0.6050000 0.2500000 0.6450000
v 0.6450000 0.2500000 0.6450000
v 0.6505678 0.3167942 0.5994322
v 0.5994322 0.3167942 0.5994322
v 0.6454497 0.2929721 0.6045503
v 0.6045503 0.2929721 0.6045503
v 0.6450000 0.2500000 0.6050000
v 0.6050000 0.2500000 0.6050000
v 0.6630000 0.4130000 0.5870000
v 0.6630000 0.3370000 0.5870000
v 0.6630000 0.3370000 0.6630000
v 0.6630000 0.4130000 0.6630000
v 0.7500000 0.3950000 0.6050000
v 0.7500000 0.3950000 0.6450000
v 0.7500000 0.3550000 0.6450000
v 0.7500000 0.3550000 0.6050000
v 0.6832058 0.4005677 0.6505678
v 0.6832058 0.4005677 0.5994322
v 0.7070279 0.3954497 0.6454497
v 0.7070279 0.3954497 0.6045503
v 0.7500000 0.3950000 0.6450000
v 0.7500000 0.3950000 0.6050000
v 0.6832058 0.3494323 0.5994322
v 0.6832058 0.3494323 0.6505678
v 0.7070279 0.3545503 0.6045503
v 0.7070279 0.3545503 0.6454497
v 0.7500000 0.3550000 0.6050000
v 0.7500000 0.3550000 0.6450000
v 0.6832058 0.3494323 0.6505678
v 0.6832058 0.4005677 0.6505678
v 0.7070279 0.3545503 0.6454497
v 0.7070279 0.3954497 0.6454497
v 0.7500000 0.3550000 0.6450000
v 0.7500000 0.3950000 0.6450000
v 0.6832058 0.4005677 0.5994322
v 0.6832058 0.3494323 0.5994322
v 0.7070279 0.3954497 0.6045503
v 0.7070279 0.3545503 0.6045503
v 0.7500000 0.3950000 0.6050000
v 0.7500000 0.3550000 0.6050000
v 0.5000000 0.3950000 0.6050000
v 0.5000000 0.3550000 0.6050000
v 0.5000000 0.3550000 0.6450000
v 0.5000000 0.3950000 0.6450000
v 0.5870000 0.4130000 0.5870000
v 0.5870000 0.4130000 0.6630000
v 0.5870000 0.3370000 0.6630000
v 0.5870000 0.3370000 0.5870000
v 0.5000000 0.3950000 0.6050000
v 0.5000000 0.3950000 0.6450000
v 0.5429779 0.3954503 0.6454503
v 0.5429779 0.3954503 0.6045497
v 0.5667996 0.4005697 0.6505697
v 0.5667996 0.4005697 0.5994303
v 0.5000000 0.3550000 0.6050000
v 0.5429779 0.3545497 0.6045497
v 0.5429779 0.3545497 0.6454503
v 0.5000000 0.3550000 0.6450000
v 0.5667996 0.3494303 0.5994303
v 0.5667996 0.3494303 0.6505697
v 0.5000000 0.3550000 0.6450000
v 0.5429779 0.3545497 0.6454503
v 0.5429779 0.3954503 0.6454503
v 0.5000000 0.3950000 0.6450000
v 0.5667996 0.3494303 0.6505697
v 0.5667996 0.4005697 0.6505697
v 0.5000000 0.3550000 0.6050000
v 0.5000000 0.3950000 0.6050000
v 0.5429779 0.3954503 0.6045497
v 0.5429779 0.3545497 0.6045497
v 0.5667996 0.4005697 0.5994303
v 0.5667996 0.3494303 0.5994303
v 0.5870000 0.4130000 0.5870000
v 0.5870000 0.3370000 0.5870000
v 0.5870000 0.3370000 0.6630000
v 0.5870000 0.4130000 0.6630000
v 0.6630000 0.4130000 0.5870000
v 0.6630000 0.4130000 0.6630000
v 0.6630000 0.3370000 0.6630000
v 0.6630000 0.3370000 0.5870000
v 0.5870000 0.4130000 0.5870000
v 0.5870000 0.4130000 0.6630000
v 0.6630000 0.4130000 0.6630000
v 0.6630000 0.4130000 0.5870000
v 0.5870000 0.3370000 0.5870000
v 0.6630000 0.3370000 0.5870000
v 0.6630000 0.3370000 0.6630000
v 0.5870000 0.3370000 0.6630000
v 0.5870000 0.3370000 0.6630000
v 0.6630000 0.3370000 0.6630000
v 0.6630000 0.4130000 0.6630000
v 0.5870000 0.4130000 0.6630000
v 0.5870000 0.3370000 0.5870000
v 0.5870000 0.4130000 0.5870000
v 0.6630000 0.4130000 0.5870000
v 0.6630000 0.3370000 0.5870000
v 0.9130000 0.3370000 0.6630000
v 0.8370000 0.3370000 0.6630000
v 0.8370000 0.4130000 0.6630000
v 0.9130000 0.4130000 0.6630000
v 0.8950000 0.3550000 0.7500000
v 0.8950000 0.3950000 0.7500000
v 0.8550000 0.3950000 0.7500000
v 0.8550000 0.3550000 0.7500000
v 0.9130000 0.3370000 0.6630000
v 0.9130000 0.4130000 0.6630000
v 0.9005678 0.4005677 0.6832058
v 0.9005678 0.3494323 0.6832058
v 0.8954497 0.3954497 0.7070279
v 0.8954497 0.3545503 0.7070279
v 0.8950000 0.3950000 0.7500000
v 0.8950000 0.3550000 0.7500000
v 0.8370000 0.3370000 0.6630000
v 0.8494322 0.3494323 0.6832058
v 0.8494322 0.4005677 0.6832058
v 0.8370000 0.4130000 0.6630000
v 0.8545503 0.3545503 0.7070279
v 0.8545503 0.3954497 0.7070279
v 0.8550000 0.3550000 0.7500000
v 0.8550000 0.3950000 0.7500000
v 0.8370000 0.4130000 0.6630000
v 0.8494322 0.4005677 0.6832058
v 0.9005678 0.4005677 0.6832058
v 0.9130000 0.4130000 0.6630000
v 0.8545503 0.3954497 0.7070279
v 0.8954497 0.3954497 0.7070279
v 0.8550000 0.3950000 0.7500000
v 0.8950000 0.3950000 0.7500000
v 0.8370000 0.3370000 0.6630000
v 0.9130000 0.3370000 0.6630000
v 0.9005678 0.3494323 0.6832058
v 0.8494322 0.3494323 0.6832058
v 0.8954497 0.3545503 0.7070279
v 0.8545503 0.3545503 0.7070279
v 0.8950000 0.3550000 0.7500000
v 0.8550000 0.3550000 0.7500000
v 0.8950000 0.3550000 0.5000000
v 0.8550000 0.3550000 0.5000000
v 0.8550000 0.3950000 0.5000000
v 0.8950000 0.3950000 0.5000000
v 0.9130000 0.3370000 0.5870000
v 0.9130000 0.4130000 0.5870000
v 0.8370000 0.4130000 0.5870000
v 0.8370000 0.3370000 0.5870000
v 0.8950000 0.3550000 0.5000000
v 0.8950000 0.3950000 0.5000000
v 0.8954503 0.3954503 0.5429779
v 0.8954503 0.3545497 0.5429779
v 0.9005697 0.4005697 0.5667996
v 0.9005697 0.3494303 0.5667996
v 0.9130000 0.4130000 0.5870000
v 0.9130000 0.3370000 0.5870000
v 0.8550000 0.3550000 0.5000000
v 0.8545497 0.3545497 0.5429779
v 0.8545497 0.3954503 0.5429779
v 0.8550000 0.3950000 0.5000000
v 0.8494303 0.3494303 0.5667996
v 0.8494303 0.4005697 0.5667996
v 0.8370000 0.3370000 0.5870000
v 0.8370000 0.4130000 0.5870000
v 0.8550000 0.3950000 0.5000000
v 0.8545497 0.3954503 0.5429779
v 0.8954503 0.3954503 0.5429779
v 0.8950000 0.3950000 0.5000000
v 0.8494303 0.4005697 0.5667996
v 0.9005697 0.4005697 0.5667996
v 0.8370000 0.4130000 0.5870000
v 0.9130000 0.4130000 0.5870000
v 0.8550000 0.3550000 0.5000000
v 0.8950000 0.3550000 0.5000000
v 0.8954503 0.3545497 0.5429779
v 0.8545497 0.3545497 0.5429779
v 0.9005697 0.3494303 0.5667996
v 0.8494303 0.3494303 0.5667996
v 0.9130000 0.3370000 0.5870000
v 0.8370000 0.3370000 0.5870000
v 0.8950000 0.5000000 0.6050000
v 0.8550000 0.5000000 0.6050000
v 0.8550000 0.5000000 0.6450000
v 0.8950000 0.5000000 0.6450000
v 0.9130000 0.4130000 0.5870000
v 0.9130000 0.4130000 0.6630000
v 0.8370000 0.4130000 0.6630000
v 0.8370000 0.4130000 0.5870000
v 0.8950000 0.5000000 0.6050000
v 0.8950000 0.5000000 0.6450000
v 0.8954503 0.4570221 0.6454503
v 0.8954503 0.4570221 0.6045497
v 0.9005697 0.4332004 0.6505697
v 0.9005697 0.4332004 0.5994303
v 0.9130000 0.4130000 0.6630000
v 0.9130000 0.4130000 0.5870000
v 0.8550000 0.5000000 0.6050000
v 0.8545497 0.4570221 0.6045497
v 0.8545497 0.4570221 0.6454503
v 0.8550000 0.5000000 0.6450000
v 0.8494303 0.4332004 0.5994303
v 0.8494303 0.4332004 0.6505697
v 0.8370000 0.4130000 0.5870000
v 0.8370000 0.4130000 0.6630000
v 0.8550000 0.5000000 0.6450000
v 0.8545497 0.4570221 0.6454503
v 0.8954503 0.4570221 0.6454503
v 0.8950000 0.5000000 0.6450000
v 0.8494303 0.4332004 0.6505697
v 0.9005697 0.4332004 0.6505697
v 0.8550000 0.5000000 0.6050000
v 0.8950000 0.5000000 0.6050000
v 0.8954503 0.4570221 0.6045497
v 0.8545497 0.4570221 0.6045497
v 0.9005697 0.4332004 0.5994303
v 0.8494303 0.4332004 0.5994303
v 0.9130000 0.3370000 0.5870000
v 0.8370000 0.3370000 0.5870000
v 0.8370000 0.3370000 0.6630000
v 0.9130000 0.3370000 0.6630000
v 0.8950000 0.2500000 0.6050000
v 0.8950000 0.2500000 0.6450000
v 0.8550000 0.2500000 0.6450000
v 0.8550000 0.2500000 0.6050000
v 0.9130000 0.3370000 0.5870000
v 0.9130000 0.3370000 0.6630000
v 0.9005678 0.3167942 0.6505678
v 0.9005678 0.3167942 0.5994322
v 0.8954497 0.2929721 0.6454497
v 0.8954497 0.2929721 0.6045503
v 0.8950000 0.2500000 0.6450000
v 0.8950000 0.2500000 0.6050000
v 0.8370000 0.3370000 0.5870000
v 0.8494322 0.3167942 0.5994322
v 0.8494322 0.3167942 0.6505678
v 0.8370000 0.3370000 0.6630000
v 0.8545503 0.2929721 0.6045503
v 0.8545503 0.2929721 0.6454497
v 0.8550000 0.2500000 0.6050000
v 0.8550000 0.2500000 0.6450000
v 0.8494322 0.3167942 0.6505678
v 0.9005678 0.3167942 0.6505678
v 0.8545503 0.2929721 0.6454497
v 0.8954497 0.2929721 0.6454497
v 0.8550000 0.2500000 0.6450000
v 0.8950000 0.2500000 0.6450000
v 0.9005678 0.3167942 0.5994322
v 0.8494322 0.3167942 0.5994322
v 0.8954497 0.2929721 0.6045503
v 0.8545503 0.2929721 0.6045503
v 0.8950000 0.2500000 0.6050000
v 0.8550000 0.2500000 0.6050000
v 0.9130000 0.4130000 0.5870000
v 0.9130000 0.3370000 0.5870000
v 0.9130000 0.3370000 0.6630000
v 0.9130000 0.4130000 0.6630000
v 1.0000000 0.3950000 0.6050000
v 1.0000000 0.3950000 0.6450000
v 1.0000000 0.3550000 0.6450000
v 1.0000000 0.3550000 0.6050000
v 0.9332058 0.4005677 0.6505678
v 0.9332058 0.4005677 0.5994322
v 0.9570279 0.3954497 0.6454497
v 0.9570279 0.3954497 0.6045503
v 1.0000000 0.3950000 0.6450000
v 1.0000000 0.3950000 0.6050000
v 0.9332058 0.3494323 0.5994322
v 0.9332058 0.3494323 0.6505678
v 0.9570279 0.3545503 0.6045503
v 0.9570279 0.3545503 0.6454497
v 1.0000000 0.3550000 0.6050000
v 1.0000000 0.3550000 0.6450000
v 0.9332058 0.3494323 0.6505678
v 0.9332058 0.4005677 0.6505678
v 0.9570279 0.3545503 0.6454497
v 0.9570279 0.3954497 0.6454497
v 1.0000000 0.3550000 0.6450000
v 1.0000000 0.3950000 0.6450000
v 0.9332058 0.4005677 0.5994322
v 0.9332058 0.3494323 0.5994322
v 0.9570279 0.3954497 0.6045503
v 0.9570279 0.3545503 0.6045503
v 1.0000000 0.3950000 0.6050000
v 1.0000000 0.3550000 0.6050000
v 0.7500000 0.3950000 0.6050000
v 0.7500000 0.3550000 0.6050000
v 0.7500000 0.3550000 0.6450000
v 0.7500000 0.3950000 0.6450000
v 0.8370000 0.4130000 0.5870000
v 0.8370000 0.4130000 0.6630000
v 0.8370000 0.3370000 0.6630000
v 0.8370000 0.3370000 0.5870000
v 0.7500000 0.3950000 0.6050000
v 0.7500000 0.3950000 0.6450000
v 0.7929779 0.3954503 0.6454503
v 0.7929779 0.3954503 0.6045497
v 0.8167996 0.4005697 0.6505697
v 0.8167996 0.4005697 0.5994303
v 0.7500000 0.3550000 0.6050000
v 0.7929779 0.3545497 0.6045497
v 0.7929779 0.3545497 0.6454503
v 0.7500000 0.3550000 0.6450000
v 0.8167996 0.3494303 0.5994303
v 0.8167996 0.3494303 0.6505697
v 0.7500000 0.3550000 0.6450000
v 0.7929779 0.3545497 0.6454503
v 0.7929779 0.3954503 0.6454503
v 0.7500000 0.3950000 0.6450000
v 0.8167996 0.3494303 0.6505697
v 0.8167996 0.4005697 0.6505697
v 0.7500000 0.3550000 0.6050000
v 0.7500000 0.3950000 0.6050000
v 0.7929779 0.3954503 0.6045497
v 0.7929779 0.3545497 0.6045497
v 0.8167996 0.4005697 0.5994303
v 0.8167996 0.3494303 0.5994303
v 0.8370000 0.4130000 0.5870000
v 0.8370000 0.3370000 0.5870000
v 0.8370000 0.3370000 0.6630000
v 0.8370000 0.4130000 0.6630000
v 0.9130000 0.4130000 0.5870000
v 0.9130000 0.4130000 0.6630000
v 0.9130000 0.3370000 0.6630000
v 0.9130000 0.3370000 0.5870000
v 0.8370000 0.4130000 0.5870000
v 0.8370000 0.4130000 0.6630000
v 0.9130000 0.4130000 0.6630000
v 0.9130000 0.4130000 0.5870000
v 0.8370000 0.3370000 0.5870000
v 0.9130000 0.3370000 0.5870000
v 0.9130000 0.3370000 0.6630000
v 0.8370000 0.3370000 0.6630000
v 0.8370000 0.3370000 0.6630000
v 0.9130000 0.3370000 0.6630000
v 0.9130000 0.4130000 0.6630000
v 0.8370000 0.4130000 0.6630000
v 0.8370000 0.3370000 0.5870000
v 0.8370000 0.4130000 0.5870000
v 0.9130000 0.4130000 0.5870000
v 0.9130000 0.3370000 0.5870000
v 0.1630000 0.5870000 0.6630000
v 0.0870000 0.5870000 0.6630000
v 0.0870000 0.6630000 0.6630000
v 0.1630000 0.6630000 0.6630000
v 0.1450000 0.6050000 0.7500000
v 0.1450000 0.6450000 0.7500000
v 0.1050000 0.6450000 0.7500000
v 0.1050000 0.6050000 0.7500000
v 0.1630000 0.5870000 0.6630000
v 0.1630000 0.6630000 0.6630000
v 0.1505678 0.6505678 0.6832058
v 0.1505678 0.5994322 0.6832058
v 0.1454497 0.6454497 0.7070279
v 0.1454497 0.6045503 0.7070279
v 0.1450000 0.6450000 0.7500000
v 0.1450000 0.6050000 0.7500000
v 0.0870000 0.5870000 0.6630000
v 0.0994322 0.5994322 0.6832058
v 0.0994322 0.6505678 0.6832058
v 0.0870000 0.6630000 0.6630000
v 0.1045503 0.6045503 0.7070279
v 0.1045503 0.6454497 0.7070279
v 0.1050000 0.6050000 0.7500000
v 0.1050000 0.6450000 0.7500000
v 0.0870000 0.6630000 0.6630000
v 0.0994322 0.6505678 0.6832058
v 0.1505678 0.6505678 0.6832058
v 0.1630000 0.6630000 0.6630000
v 0.1045503 0.6454497 0.7070279
v 0.1454497 0.6454497 0.7070279
v 0.1050000 0.6450000 0.7500000
v 0.1450000 0.6450000 0.7500000
v 0.0870000 0.5870000 0.6630000
v 0.1630000 0.5870000 0.6630000
v 0.1505678 0.5994322 0.6832058
v 0.0994322 0.5994322 0.6832058
v 0.1454497 0.6045503 0.7070279
v 0.1045503 0.6045503 0.7070279
v 0.1450000 0.6050000 0.7500000
v 0.1050000 0.6050000 0.7500000
v 0.1450000 0.6050000 0.5000000
v 0.1050000 0.6050000 0.5000000
v 0.1050000 0.6450000 0.5000000
v 0.1450000 0.6450000 0.5000000
v 0.1630000 0.5870000 0.5870000
v 0.1630000 0.6630000 0.5870000
v 0.0870000 0.6630000 0.5870000
v 0.0870000 0.5870000 0.5870000
v 0.1450000 0.6050000 0.5000000
v 0.1450000 0.6450000 0.5000000
v 0.1454503 0.6454503 0.5429779
v 0.1454503 0.6045497 0.5429779
v 0.1505698 0.6505697 0.5667996
v 0.1505698 0.5994303 0.5667996
v 0.1630000 0.6630000 0.5870000
v 0.1630000 0.5870000 0.5870000
v 0.1050000 0.6050000 0.5000000
v 0.1045497 0.6045497 0.5429779
v 0.1045497 0.6454503 0.5429779
v 0.1050000 0.6450000 0.5000000
v 0.0994303 0.5994303 0.5667996
v 0.0994303 0.6505697 0.5667996
v 0.0870000 0.5870000 0.5870000
v 0.0870000 0.6630000 0.5870000
v 0.1050000 0.6450000 0.5000000
v 0.1045497 0.6454503 0.5429779
v 0.1454503 0.6454503 0.5429779
v 0.1450000 0.6450000 0.5000000
v 0.0994303 0.6505697 0.5667996
v 0.1505698 0.6505697 0.5667996
v 0.0870000 0.6630000 0.5870000
v 0.1630000 0.6630000 0.5870000
v 0.1050000 0.6050000 0.5000000
v 0.1450000 0.6050000 0.5000000
v 0.1454503 0.6045497 0.5429779
v 0.1045497 0.6045497 0.5429779
v 0.1505698 0.5994303 0.5667996
v 0.0994303 0.5994303 0.5667996
v 0.1630000 0.5870000 0.5870000
v 0.0870000 0.5870000 0.5870000
v 0.1450000 0.7500000 0.6050000
v 0.1050000 0.7500000 0.6050000
v 0.1050000 0.7500000 0.6450000
v 0.1450000 0.7500000 0.6450000
v 0.1630000 0.6630000 0.5870000
v 0.1630000 0.6630000 0.6630000
v 0.0870000 0.6630000 0.6630000
v 0.0870000 0.6630000 0.5870000
v 0.1450000 0.7500000 0.6050000
v 0.1450000 0.7500000 0.6450000
v 0.1454503 0.7070221 0.6454503
v 0.1454503 0.7070221 0.6045497
v 0.1505698 0.6832004 0.6505697
v 0.1505698 0.6832004 0.5994303
v 0.1630000 0.6630000 0.6630000
v 0.1630000 0.6630000 0.5870000
v 0.1050000 0.7500000 0.6050000
v 0.1045497 0.7070221 0.6045497
v 0.1045497 0.7070221 0.6454503
v 0.1050000 0.7500000 0.6450000
v 0.0994303 0.6832004 0.5994303
v 0.0994303 0.6832004 0.6505697
v 0.0870000 0.6630000 0.5870000
v 0.0870000 0.6630000 0.6630000
v 0.1050000 0.7500000 0.6450000
v 0.1045497 0.7070221 0.6454503
v 0.1454503 0.7070221 0.6454503
v 0.1450000 0.7500000 0.6450000
v 0.0994303 0.6832004 0.6505697
v 0.1505698 0.6832004 0.6505697
v 0.1050000 0.7500000 0.6050000
v 0.1450000 0.7500000 0.6050000
v 0.1454503 0.7070221 0.6045497
v 0.1045497 0.7070221 0.6045497
v 0.1505698 0.6832004 0.5994303
v 0.0994303 0.6832004 0.5994303
v 0.1630000 0.5870000 0.5870000
v 0.0870000 0.5870000 0.5870000
v 0.0870000 0.5870000 0.6630000
v 0.1630000 0.5870000 0.6630000
v 0.1450000 0.5000000 0.6050000
v 0.1450000 0.5000000 0.6450000
v 0.1050000 0.5000000 0.6450000
v 0.1050000 0.5000000 0.6050000
v 0.1630000 0.5870000 0.5870000
v 0.1630000 0.5870000 0.6630000
v 0.1505678 0.5667942 0.6505678
v 0.1505678 0.5667942 0.5994322
v 0.1454497 0.5429721 0.6454497
v 0.1454497 0.5429721 0.6045503
v 0.1450000 0.5000000 0.6450000
v 0.1450000 0.5000000 0.6050000
v 0.0870000 0.5870000 0.5870000
v 0.0994322 0.5667942 0.5994322
v 0.0994322 0.5667942 0.6505678
v 0.0870000 0.5870000 0.6630000
v 0.1045503 0.5429721 0.6045503
v 0.1045503 0.5429721 0.6454497
v 0.1050000 0.5000000 0.6050000
v 0.1050000 0.5000000 0.6450000
v 0.0994322 0.5667942 0.6505678
v 0.1505678 0.5667942 0.6505678
v 0.1045503 0.5429721 0.6454497
v 0.1454497 0.5429721 0.6454497
v 0.1050000 0.5000000 0.6450000
v 0.1450000 0.5000000 0.6450000
v 0.1505678 0.5667942 0.5994322
v 0.0994322 0.5667942 0.5994322
v 0.1454497 0.5429721 0.6045503
v 0.1045503 0.5429721 0.6045503
v 0.1450000 0.5000000 0.6050000
v 0.1050000 0.5000000 0.6050000
v 0.1630000 0.6630000 0.5870000
v 0.1630000 0.5870000 0.5870000
v 0.1630000 0.5870000 0.6630000
v 0.1630000 0.6630000 0.6630000
v 0.2500000 0.6450000 0.6050000
v 0.2500000 0.6450000 0.6450000
v 0.2500000 0.6050000 0.6450000
v 0.2500000 0.6050000 0.6050000
v 0.1832059 0.6505678 0.6505678
v 0.1832059 0.6505678 0.5994322
v 0.2070279 0.6454497 0.6454497
v 0.2070279 0.6454497 0.6045503
v 0.2500000 0.6450000 0.6450000
v 0.2500000 0.6450000 0.6050000
v 0.1832059 0.5994322 0.5994322
v 0.1832059 0.5994322 0.6505678
v 0.2070279 0.6045503 0.6045503
v 0.2070279 0.6045503 0.6454497
v 0.2500000 0.6050000 0.6050000
v 0.2500000 0.6050000 0.6450000
v 0.1832059 0.5994322 0.6505678
v 0.1832059 0.6505678 0.6505678
v 0.2070279 0.6045503 0.6454497
v 0.2070279 0.6454497 0.6454497
v 0.2500000 0.6050000 0.6450000
v 0.2500000 0.6450000 0.6450000
v 0.1832059 0.6505678 0.5994322
v 0.1832059 0.5994322 0.5994322
v 0.2070279 0.6454497 0.6045503
v 0.2070279 0.6045503 0.6045503
v 0.2500000 0.6450000 0.6050000
v 0.2500000 0.6050000 0.6050000
v 0.0000000 0.6450000 0.6050000
v 0.0000000 0.6050000 0.6050000
v 0.0000000 0.6050000 0.6450000
v 0.0000000 0.6450000 0.6450000
v 0.0870000 0.6630000 0.5870000
v 0.0870000 0.6630000 0.6630000
v 0.0870000 0.5870000 0.6630000
v 0.0870000 0.5870000 0.5870000
v 0.0000000 0.6450000 0.6050000
v 0.0000000 0.6450000 0.6450000
v 0.0429779 0.6454503 0.6454503
v 0.0429779 0.6454503 0.6045497
v 0.0667996 0.6505697 0.6505697
v 0.0667996 0.6505697 0.5994303
v 0.0000000 0.6050000 0.6050000
v 0.0429779 0.6045497 0.6045497
v 0.0429779 0.6045497 0.6454503
v 0.0000000 0.6050000 0.6450000
v 0.0667996 0.5994303 0.5994303
v 0.0667996 0.5994303 0.6505697
v 0.0000000 0.6050000 0.6450000
v 0.0429779 0.6045497 0.6454503
v 0.0429779 0.6454503 0.6454503
v 0.0000000 0.6450000 0.6450000
v 0.0667996 0.5994303 0.6505697
v 0.0667996 0.6505697 0.6505697
v 0.0000000 0.6050000 0.6050000
v 0.0000000 0.6450000 0.6050000
v 0.0429779 0.6454503 0.6045497
v 0.0429779 0.6045497 0.6045497
v 0.0667996 0.6505697 0.5994303
v 0.0667996 0.5994303 0.5994303
v 0.0870000 0.6630000 0.5870000
v 0.0870000 0.5870000 0.5870000
v 0.0870000 0.5870000 0.6630000
v 0.0870000 0.6630000 0.6630000
v 0.1630000 0.6630000 0.5870000
v 0.1630000 0.6630000 0.6630000
v 0.1630000 0.5870000 0.6630000
v 0.1630000 0.5870000 0.5870000
v 0.0870000 0.6630000 0.5870000
v 0.0870000 0.6630000 0.6630000
v 0.1630000 0.6630000 0.6630000
v 0.1630000 0.6630000 0.5870000
v 0.0870000 0.5870000 0.5870000
v 0.1630000 0.5870000 0.5870000
v 0.1630000 0.5870000 0.6630000
v 0.0870000 0.5870000 0.6630000
v 0.0870000 0.5870000 0.6630000
v 0.1630000 0.5870000 0.6630000
v 0.1630000 0.6630000 0.6630000
v 0.0870000 0.6630000 0.6630000
v 0.0870000 0.5870000 0.5870000
v 0.0870000 0.6630000 0.5870000
v 0.1630000 0.6630000 0.5870000
v 0.1630000 0.5870000 0.5870000
v 0.4130000 0.5870000 0.6630000
v 0.3370000 0.5870000 0.6630000
v 0.3370000 0.6630000 0.6630000
v 0.4130000 0.6630000 0.6630000
v 0.3950000 0.6050000 0.7500000
v 0.3950000 0.6450000 0.7500000
v 0.3550000 0.6450000 0.7500000
v 0.3550000 0.6050000 0.7500000
v 0.4130000 0.5870000 0.6630000
v 0.4130000 0.6630000 0.6630000
v 0.4005677 0.6505678 0.6832058
v 0.4005677 0.5994322 0.6832058
v 0.3954497 0.6454497 0.7070279
v 0.3954497 0.6045503 0.7070279
v 0.3950000 0.6450000 0.7500000
v 0.3950000 0.6050000 0.7500000
v 0.3370000 0.5870000 0.6630000
v 0.3494323 0.5994322 0.6832058
v 0.3494323 0.6505678 0.6832058
v 0.3370000 0.6630000 0.6630000
v 0.3545503 0.6045503 0.7070279
v 0.3545503 0.6454497 0.7070279
v 0.3550000 0.6050000 0.7500000
v 0.3550000 0.6450000 0.7500000
v 0.3370000 0.6630000 0.6630000
v 0.3494323 0.6505678 0.6832058
v 0.4005677 0.6505678 0.6832058
v 0.4130000 0.6630000 0.6630000
v 0.3545503 0.6454497 0.7070279
v 0.3954497 0.6454497 0.7070279
v 0.3550000 0.6450000 0.7500000
v 0.3950000 0.6450000 0.7500000
v 0.3370000 0.5870000 0.6630000
v 0.4130000 0.5870000 0.6630000
v 0.4005677 0.5994322 0.6832058
v 0.3494323 0.5994322 0.6832058
v 0.3954497 0.6045503 0.7070279
v 0.3545503 0.6045503 0.7070279
v 0.3950000 0.6050000 0.7500000
v 0.3550000 0.6050000 0.7500000
v 0.3950000 0.6050000 0.5000000
v 0.3550000 0.6050000 0.5000000
v 0.3550000 0.6450000 0.5000000
v 0.3950000 0.6450000 0.5000000
v 0.4130000 0.5870000 0.5870000
v 0.4130000 0.6630000 0.5870000
v 0.3370000 0.6630000 0.5870000
v 0.3370000 0.5870000 0.5870000
v 0.3950000 0.6050000 0.5000000
v 0.3950000 0.6450000 0.5000000
v 0.3954503 0.6454503 0.5429779
v 0.3954503 0.6045497 0.5429779
v 0.4005697 0.6505697 0.5667996
v 0.4005697 0.5994303 0.5667996
v 0.4130000 0.6630000 0.5870000
v 0.4130000 0.5870000 0.5870000
v 0.3550000 0.6050000 0.5000000
v 0.3545497 0.6045497 0.5429779
v 0.3545497 0.6454503 0.5429779
v 0.3550000 0.6450000 0.5000000
v 0.3494303 0.5994303 0.5667996
v 0.3494303 0.6505697 0.5667996
v 0.3370000 0.5870000 0.5870000
v 0.3370000 0.6630000 0.5870000
v 0.3550000 0.6450000 0.5000000
v 0.3545497 0.6454503 0.5429779
v 0.3954503 0.6454503 0.5429779
v 0.3950000 0.6450000 0.5000000
v 0.3494303 0.6505697 0.5667996
v 0.4005697 0.6505697 0.5667996
v 0.3370000 0.6630000 0.5870000
v 0.4130000 0.6630000 0.5870000
v 0.3550000 0.6050000 0.5000000
v 0.3950000 0.6050000 0.5000000
v 0.3954503 0.6045497 0.5429779
v 0.3545497 0.6045497 0.5429779
v 0.4005697 0.5994303 0.5667996
v 0.3494303 0.5994303 0.5667996
v 0.4130000 0.5870000 0.5870000
v 0.3370000 0.5870000 0.5870000
v 0.3950000 0.7500000 0.6050000
v 0.3550000 0.7500000 0.6050000
v 0.3550000 0.7500000 0.6450000
v 0.3950000 0.7500000 0.6450000
v 0.4130000 0.6630000 0.5870000
v 0.4130000 0.6630000 0.6630000
v 0.3370000 0.6630000 0.6630000
v 0.3370000 0.6630000 0.5870000
v 0.3950000 0.7500000 0.6050000
v 0.3950000 0.7500000 0.6450000
v 0.3954503 0.7070221 0.6454503
v 0.3954503 0.7070221 0.6045497
v 0.4005697 0.6832004 0.6505697
v 0.4005697 0.6832004 0.5994303
v 0.4130000 0.6630000 0.6630000
v 0.4130000 0.6630000 0.5870000
v 0.3550000 0.7500000 0.6050000
v 0.3545497 0.7070221 0.6045497
v 0.3545497 0.7070221 0.6454503
v 0.3550000 0.7500000 0.6450000
v 0.3494303 0.6832004 0.5994303
v 0.3494303 0.6832004 0.6505697
v 0.3370000 0.6630000 0.5870000
v 0.3370000 0.6630000 0.6630000
v 0.3550000 0.7500000 0.6450000
v 0.3545497 0.7070221 0.6454503
v 0.3954503 0.7070221 0.6454503
v 0.3950000 0.7500000 0.6450000
v 0.3494303 0.6832004 0.6505697
v 0.4005697 0.6832004 0.6505697
v 0.3550000 0.7500000 0.6050000
v 0.3950000 0.7500000 0.6050000
v 0.3954503 0.7070221 0.6045497
v 0.3545497 0.7070221 0.6045497
v 0.4005697 0.6832004 0.5994303
v 0.3494303 0.6832004 0.5994303
v 0.4130000 0.5870000 0.5870000
v 0.3370000 0.5870000 0.5870000
v 0.3370000 0.5870000 0.6630000
v 0.4130000 0.5870000 0.6630000
v 0.3950000 0.5000000 0.6050000
v 0.3950000 0.5000000 0.6450000
v 0.3550000 0.5000000 0.6450000
v 0.3550000 0.5000000 0.6050000
v 0.4130000 0.5870000 0.5870000
v 0.4130000 0.5870000 0.6630000
v 0.4005677 0.5667942 0.6505678
v 0.4005677 0.5667942 0.5994322
v 0.3954497 0.5429721 0.6454497
v 0.3954497 0.5429721 0.6045503
v 0.3950000 0.5000000 0.6450000
v 0.3950000 0.5000000 0.6050000
v 0.3370000 0.5870000 0.5870000
v 0.3494323 0.5667942 0.5994322
v 0.3494323 0.5667942 0.6505678
v 0.3370000 0.5870000 0.6630000
v 0.3545503 0.5429721 0.6045503
v 0.3545503 0.5429721 0.6454497
v 0.3550000 0.5000000 0.6050000
v 0.3550000 0.5000000 0.6450000
v 0.3494323 0.5667942 0.6505678
v 0.4005677 0.5667942 0.6505678
v 0.3545503 0.5429721 0.6454497
v 0.3954497 0.5429721 0.6454497
v 0.3550000 0.5000000 0.6450000
v 0.3950000 0.5000000 0.6450000
v 0.4005677 0.5667942 0.5994322
v 0.3494323 0.5667942 0.5994322
v 0.3954497 0.5429721 0.6045503
v 0.3545503 0.5429721 0.6045503
v 0.3950000 0.5000000 0.6050000
v 0.3550000 0.5000000 0.6050000
v 0.4130000 0.6630000 0.5870000
v 0.4130000 0.5870000 0.5870000
v 0.4130000 0.5870000 0.6630000
v 0.4130000 0.6630000 0.6630000
v 0.5000000 0.6450000 0.6050000
v 0.5000000 0.6450000 0.6450000
v 0.5000000 0.6050000 0.6450000
v 0.5000000 0.6050000 0.6050000
v 0.4332058 0.6505678 0.6505678
v 0.4332058 0.6505678 0.5994322
v 0.4570279 0.6454497 0.6454497
v 0.4570279 0.6454497 0.6045503
v 0.5000000 0.6450000 0.6450000
v 0.5000000 0.6450000 0.6050000
v 0.4332058 0.5994322 0.5994322
v 0.4332058 0.5994322 0.6505678
v 0.4570279 0.6045503 0.6045503
v 0.4570279 0.6045503 0.6454497
v 0.5000000 0.6050000 0.6050000
v 0.5000000 0.6050000 0.6450000
v 0.4332058 0.5994322 0.6505678
v 0.4332058 0.6505678 0.6505678
v 0.4570279 0.6045503 0.6454497
v 0.4570279 0.6454497 0.6454497
v 0.5000000 0.6050000 0.6450000
v 0.5000000 0.6450000 0.6450000
v 0.4332058 0.6505678 0.5994322
v 0.4332058 0.5994322 0.5994322
v 0.4570279 0.6454497 0.6045503
v 0.4570279 0.6045503 0.6045503
v 0.5000000 0.6450000 0.6050000
v 0.5000000 0.6050000 0.6050000
v 0.2500000 0.6450000 0.6050000
v 0.2500000 0.6050000 0.6050000
v 0.2500000 0.6050000 0.6450000
v 0.2500000 0.6450000 0.6450000
v 0.3370000 0.6630000 0.5870000
v 0.3370000 0.6630000 0.6630000
v 0.3370000 0.5870000 0.6630000
v 0.3370000 0.5870000 0.5870000
v 0.2500000 0.6450000 0.6050000
v 0.2500000 0.6450000 0.6450000
v 0.2929779 0.6454503 0.6454503
v 0.2929779 0.6454503 0.6045497
v 0.3167996 0.6505697 0.6505697
v 0.3167996 0.6505697 0.5994303
v 0.2500000 0.6050000 0.6050000
v 0.2929779 0.6045497 0.6045497
v 0.2929779 0.6045497 0.6454503
v 0.2500000 0.6050000 0.6450000
v 0.3167996 0.5994303 0.5994303
v 0.3167996 0.5994303 0.6505697
v 0.2500000 0.6050000 0.6450000
v 0.2929779 0.6045497 0.6454503
v 0.2929779 0.6454503 0.6454503
v 0.2500000 0.6450000 0.6450000
v 0.3167996 0.5994303 0.6505697
v 0.3167996 0.6505697 0.6505697
v 0.2500000 0.6050000 0.6050000
v 0.2500000 0.6450000 0.6050000
v 0.2929779 0.6454503 0.6045497
v 0.2929779 0.6045497 0.6045497
v 0.3167996 0.6505697 0.5994303
v 0.3167996 0.5994303 0.5994303
v 0.3370000 0.6630000 0.5870000
v 0.3370000 0.5870000 0.5870000
v 0.3370000 0.5870000 0.6630000
v 0.3370000 0.6630000 0.6630000
v 0.4130000 0.6630000 0.5870000
v 0.4130000 0.6630000 0.6630000
v 0.4130000 0.5870000 0.6630000
v 0.4130000 0.5870000 0.5870000
v 0.3370000 0.6630000 0.5870000
v 0.3370000 0.6630000 0.6630000
v 0.4130000 0.6630000 0.6630000
v 0.4130000 0.6630000 0.5870000
v 0.3370000 0.5870000 0.5870000
v 0.4130000 0.5870000 0.5870000
v 0.4130000 0.5870000 0.6630000
v 0.3370000 0.5870000 0.6630000
v 0.3370000 0.5870000 0.6630000
v 0.4130000 0.5870000 0.6630000
v 0.4130000 0.6630000 0.6630000
v 0.3370000 0.6630000 0.6630000
v 0.3370000 0.5870000 0.5870000
v 0.3370000 0.6630000 0.5870000
v 0.4130000 0.6630000 0.5870000
v 0.4130000 0.5870000 0.5870000
v 0.6630000 0.5870000 0.6630000
v 0.5870000 0.5870000 0.6630000
v 0.5870000 0.6630000 0.6630000
v 0.6630000 0.6630000 0.6630000
v 0.6450000 0.6050000 0.7500000
v 0.6450000 0.6450000 0.7500000
v 0.6050000 0.6450000 0.7500000
v 0.6050000 0.6050000 0.7500000
v 0.6630000 0.5870000 0.6630000
v 0.6630000 0.6630000 0.6630000
v 0.6505678 0.6505678 0.6832058
v 0.6505678 0.5994322 0.6832058
v 0.6454497 0.6454497 0.7070279
v 0.6454497 0.6045503 0.7070279
v 0.6450000 0.6450000 0.7500000
v 0.6450000 0.6050000 0.7500000
v 0.5870000 0.5870000 0.6630000
v 0.5994322 0.5994322 0.6832058
v 0.5994322 0.6505678 0.6832058
v 0.5870000 0.6630000 0.6630000
v 0.6045503 0.6045503 0.7070279
v 0.6045503 0.6454497 0.7070279
v 0.6050000 0.6050000 0.7500000
v 0.6050000 0.6450000 0.7500000
v 0.5870000 0.6630000 0.6630000
v 0.5994322 0.6505678 0.6832058
v 0.6505678 0.6505678 0.6832058
v 0.6630000 0.6630000 0.6630000
v 0.6045503 0.6454497 0.7070279
v 0.6454497 0.6454497 0.7070279
v 0.6050000 0.6450000 0.7500000
v 0.6450000 0.6450000 0.7500000
v 0.5870000 0.5870000 0.6630000
v 0.6630000 0.5870000 0.6630000
v 0.6505678 0.5994322 0.6832058
v 0.5994322 0.5994322 0.6832058
v 0.6454497 0.6045503 0.7070279
v 0.6045503 0.6045503 0.7070279
v 0.6450000 0.6050000 0.7500000
v 0.6050000 0.6050000 0.7500000
v 0.6450000 0.6050000 0.5000000
v 0.6050000 0.6050000 0.5000000
v 0.6050000 0.6450000 0.5000000
v 0.6450000 0.6450000 0.5000000
v 0.6630000 0.5870000 0.5870000
v 0.6630000 0.6630000 0.5870000
v 0.5870000 0.6630000 0.5870000
v 0.5870000 0.5870000 0.5870000
v 0.6450000 0.6050000 0.5000000
v 0.6450000 0.6450000 0.5000000
v 0.6454503 0.6454503 0.5429779
v 0.6454503 0.6045497 0.5429779
v 0.6505697 0.6505697 0.5667996
v 0.6505697 0.5994303 0.5667996
v 0.6630000 0.6630000 0.5870000
v 0.6630000 0.5870000 0.5870000
v 0.6050000 0.6050000 0.5000000
v 0.6045497 0.6045497 0.5429779
v 0.6045497 0.6454503 0.5429779
v 0.6050000 0.6450000 0.5000000
v 0.5994303 0.5994303 0.5667996
v 0.5994303 0.6505697 0.5667996
v 0.5870000 0.5870000 0.5870000
v 0.5870000 0.6630000 0.5870000
v 0.6050000 0.6450000 0.5000000
v 0.6045497 0.6454503 0.5429779
v 0.6454503 0.6454503 0.5429779
v 0.6450000 0.6450000 0.5000000
v 0.5994303 0.6505697 0.5667996
v 0.6505697 0.6505697 0.5667996
v 0.5870000 0.6630000 0.5870000
v 0.6630000 0.6630000 0.5870000
v 0.6050000 0.6050000 0.5000000
v 0.6450000 0.6050000 0.5000000
v 0.6454503 0.6045497 0.5429779
v 0.6045497 0.6045497 0.5429779
v 0.6505697 0.5994303 0.5667996
v 0.5994303 0.5994303 0.5667996
v 0.6630000 0.5870000 0.5870000
v 0.5870000 0.5870000 0.5870000
v 0.6450000 0.7500000 0.6050000
v 0.6050000 0.7500000 0.6050000
v 0.6050000 0.7500000 0.6450000
v 0.6450000 0.7500000 0.6450000
v 0.6630000 0.6630000 0.5870000
v 0.6630000 0.6630000 0.6630000
v 0.5870000 0.6630000 0.6630000
v 0.5870000 0.6630000 0.5870000
v 0.6450000 0.7500000 0.6050000
v 0.6450000 0.7500000 0.6450000
v 0.6454503 0.7070221 0.6454503
v 0.6454503 0.7070221 0.6045497
v 0.6505697 0.6832004 0.6505697
v 0.6505697 0.6832004 0.5994303
v 0.6630000 0.6630000 0.6630000
v 0.6630000 0.6630000 0.5870000
v 0.6050000 0.7500000 0.6050000
v 0.6045497 0.7070221 0.6045497
v 0.6045497 0.7070221 0.6454503
v 0.6050000 0.7500000 0.6450000
v 0.5994303 0.6832004 0.5994303
v 0.5994303 0.6832004 0.6505697
v 0.5870000 0.6630000 0.5870000
v 0.5870000 0.6630000 0.6630000
v 0.6050000 0.7500000 0.6450000
v 0.6045497 0.7070221 0.6454503
v 0.6454503 0.7070221 0.6454503
v 0.6450000 0.7500000 0.6450000
v 0.5994303 0.6832004 0.6505697
v 0.6505697 0.6832004 0.6505697
v 0.6050000 0.7500000 0.6050000
v 0.6450000 0.7500000 0.6050000
v 0.6454503 0.7070221 0.6045497
v 0.6045497 0.7070221 0.6045497
v 0.6505697 0.6832004 0.5994303
v 0.5994303 0.6832004 0.5994303
v 0.6630000 0.5870000 0.5870000
v 0.5870000 0.5870000 0.5870000
v 0.5870000 0.5870000 0.6630000
v 0.6630000 0.5870000 0.6630000
v 0.6450000 0.5000000 0.6050000
v 0.6450000 0.5000000 0.6450000
v 0.6050000 0.5000000 0.6450000
v 0.6050000 0.5000000 0.6050000
v 0.6630000 0.5870000 0.5870000
v 0.6630000 0.5870000 0.6630000
v 0.6505678 0.5667942 0.6505678
v 0.6505678 0.5667942 0.5994322
v 0.6454497 0.5429721 0.6454497
v 0.6454497 0.5429721 0.6045503
v 0.6450000 0.5000000 0.6450000
v 0.6450000 0.5000000 0.6050000
v 0.5870000 0.5870000 0.5870000
v 0.5994322 0.5667942 0.5994322
v 0.5994322 0.5667942 0.6505678
v 0.5870000 0.5870000 0.6630000
v 0.6045503 0.5429721 0.6045503
v 0.6045503 0.5429721 0.6454497
v 0.6050000 0.5000000 0.6050000
v 0.6050000 0.5000000 0.6450000
v 0.5994322 0.5667942 0.6505678
v 0.6505678 0.5667942 0.6505678
v 0.6045503 0.5429721 0.6454497
v 0.6454497 0.5429721 0.6454497
v 0.6050000 0.5000000 0.6450000
v 0.6450000 0.5000000 0.6450000
v 0.6505678 0.5667942 0.5994322
v 0.5994322 0.5667942 0.5994322
v 0.6454497 0.5429721 0.6045503
v 0.6045503 0.5429721 0.6045503
v 0.6450000 0.5000000 0.6050000
v 0.6050000 0.5000000 0.6050000
v 0.6630000 0.6630000 0.5870000
v 0.6630000 0.5870000 0.5870000
v 0.6630000 0.5870000 0.6630000
v 0.6630000 0.6630000 0.6630000
v 0.7500000 0.6450000 0.6050000
v 0.7500000 0.6450000 0.6450000
v 0.7500000 0.6050000 0.6450000
v 0.7500000 0.6050000 0.6050000
v 0.6832058 0.6505678 0.6505678
v 0.6832058 0.6505678 0.5994322
v 0.7070279 0.6454497 0.6454497
v 0.7070279 0.6454497 0.6045503
v 0.7500000 0.6450000 0.6450000
v 0.7500000 0.6450000 0.6050000
v 0.6832058 0.5994322 0.5994322
v 0.6832058 0.5994322 0.6505678
v 0.7070279 0.6045503 0.6045503
v 0.7070279 0.6045503 0.6454497
v 0.7500000 0.6050000 0.6050000
v 0.7500000 0.6050000 0.6450000
v 0.6832058 0.5994322 0.6505678
v 0.6832058 0.6505678 0.6505678
v 0.7070279 0.6045503 0.6454497
v 0.7070279 0.6454497 0.6454497
v 0.7500000 0.6050000 0.6450000
v 0.7500000 0.6450000 0.6450000
v 0.6832058 0.6505678 0.5994322
v 0.6832058 0.5994322 0.5994322
v 0.7070279 0.6454497 0.6045503
v 0.7070279 0.6045503 0.6045503
v 0.7500000 0.6450000 0.6050000
v 0.7500000 0.6050000 0.6050000
v 0.5000000 0.6450000 0.6050000
v 0.5000000 0.6050000 0.6050000
v 0.5000000 0.6050000 0.6450000
v 0.5000000 0.6450000 0.6450000
v 0.5870000 0.6630000 0.5870000
v 0.5870000 0.6630000 0.6630000
v 0.5870000 0.5870000 0.6630000
v 0.5870000 0.5870000 0.5870000
v 0.5000000 0.6450000 0.6050000
v 0.5000000 0.6450000 0.6450000
v 0.5429779 0.6454503 0.6454503
v 0.5429779 0.6454503 0.6045497
v 0.5667996 0.6505697 0.6505697
v 0.5667996 0.6505697 0.5994303
v 0.5000000 0.6050000 0.6050000
v 0.5429779 0.6045497 0.6045497
v 0.5429779 0.6045497 0.6454503
v 0.5000000 0.6050000 0.6450000
v 0.5667996 0.5994303 0.5994303
v 0.5667996 0.5994303 0.6505697
v 0.5000000 0.6050000 0.6450000
v 0.5429779 0.6045497 0.6454503
v 0.5429779 0.6454503 0.6454503
v 0.5000000 0.6450000 0.6450000
v 0.5667996 0.5994303 0.6505697
v 0.5667996 0.6505697 0.6505697
v 0.5000000 0.6050000 0.6050000
v 0.5000000 0.6450000 0.6050000
v 0.5429779 0.6454503 0.6045497
v 0.5429779 0.6045497 0.6045497
v 0.5667996 0.6505697 0.5994303
v 0.5667996 0.5994303 0.5994303
v 0.5870000 0.6630000 0.5870000
v 0.5870000 0.5870000 0.5870000
v 0.5870000 0.5870000 0.6630000
v 0.5870000 0.6630000 0.6630000
v 0.6630000 0.6630000 0.5870000
v 0.6630000 0.6630000 0.6630000
v 0.6630000 0.5870000 0.6630000
v 0.6630000 0.5870000 0.5870000
v 0.5870000 0.6630000 0.5870000
v 0.5870000 0.6630000 0.6630000
v 0.6630000 0.6630000 0.6630000
v 0.6630000 0.6630000 0.5870000
v 0.5870000 0.5870000 0.5870000
v 0.6630000 0.5870000 0.5870000
v 0.6630000 0.5870000 0.6630000
v 0.5870000 0.5870000 0.6630000
v 0.5870000 0.5870000 0.6630000
v 0.6630000 0.5870000 0.6630000
v 0.6630000 0.6630000 0.6630000
v 0.5870000 0.6630000 0.6630000
v 0.5870000 0.5870000 0.5870000
v 0.5870000 0.6630000 0.5870000
v 0.6630000 0.6630000 0.5870000
v 0.6630000 0.5870000 0.5870000
v 0.9130000 0.5870000 0.6630000
v 0.8370000 0.5870000 0.6630000
v 0.8370000 0.6630000 0.6630000
v 0.9130000 0.6630000 0.6630000
v 0.8950000 0.6050000 0.7500000
v 0.8950000 0.6450000 0.7500000
v 0.8550000 0.6450000 0.7500000
v 0.8550000 0.6050000 0.7500000
v 0.9130000 0.5870000 0.6630000
v 0.9130000 0.6630000 0.6630000
v 0.9005678 0.6505678 0.6832058
v 0.9005678 0.5994322 0.6832058
v 0.8954497 0.6454497 0.7070279
v 0.8954497 0.6045503 0.7070279
v 0.8950000 0.6450000 0.7500000
v 0.8950000 0.6050000 0.7500000
v 0.8370000 0.5870000 0.6630000
v 0.8494322 0.5994322 0.6832058
v 0.8494322 0.6505678 0.6832058
v 0.8370000 0.6630000 0.6630000
v 0.8545503 0.6045503 0.7070279
v 0.8545503 0.6454497 0.7070279
v 0.8550000 0.6050000 0.7500000
v 0.8550000 0.6450000 0.7500000
v 0.8370000 0.6630000 0.6630000
v 0.8494322 0.6505678 0.6832058
v 0.9005678 0.6505678 0.6832058
v 0.9130000 0.6630000 0.6630000
v 0.8545503 0.6454497 0.7070279
v 0.8954497 0.6454497 0.7070279
v 0.8550000 0.6450000 0.7500000
v 0.8950000 0.6450000 0.7500000
v 0.8370000 0.5870000 0.6630000
v 0.9130000 0.5870000 0.6630000
v 0.9005678 0.5994322 0.6832058
v 0.8494322 0.5994322 0.6832058
v 0.8954497 0.6045503 0.7070279
v 0.8545503 0.6045503 0.7070279
v 0.8950000 0.6050000 0.7500000
v 0.8550000 0.6050000 0.7500000
v 0.8950000 0.6050000 0.5000000
v 0.8550000 0.6050000 0.5000000
v 0.8550000 0.6450000 0.5000000
v 0.8950000 0.6450000 0.5000000
v 0.9130000 0.5870000 0.5870000
v 0.9130000 0.6630000 0.5870000
v 0.8370000 0.6630000 0.5870000
v 0.8370000 0.5870000 0.5870000
v 0.8950000 0.6050000 0.5000000
v 0.8950000 0.6450000 0.5000000
v 0.8954503 0.6454503 0.5429779
v 0.8954503 0.6045497 0.5429779
v 0.9005697 0.6505697 0.5667996
v 0.9005697 0.5994303 0.5667996
v 0.9130000 0.6630000 0.5870000
v 0.9130000 0.5870000 0.5870000
v 0.8550000 0.6050000 0.5000000
v 0.8545497 0.6045497 0.5429779
v 0.8545497 0.6454503 0.5429779
v 0.8550000 0.6450000 0.5000000
v 0.8494303 0.5994303 0.5667996
v 0.8494303 0.6505697 0.5667996
v 0.8370000 0.5870000 0.5870000
v 0.8370000 0.6630000 0.5870000
v 0.8550000 0.6450000 0.5000000
v 0.8545497 0.6454503 0.5429779
v 0.8954503 0.6454503 0.5429779
v 0.8950000 0.6450000 0.5000000
v 0.8494303 0.6505697 0.5667996
v 0.9005697 0.6505697 0.5667996
v 0.8370000 0.6630000 0.5870000
v 0.9130000 0.6630000 0.5870000
v 0.8550000 0.6050000 0.5000000
v 0.8950000 0.6050000 0.5000000
v 0.8954503 0.6045497 0.5429779
v 0.8545497 0.6045497 0.5429779
v 0.9005697 0.5994303 0.5667996
v 0.8494303 0.5994303 0.5667996
v 0.9130000 0.5870000 0.5870000
v 0.8370000 0.5870000 0.5870000
v 0.8950000 0.7500000 0.6050000
v 0.8550000 0.7500000 0.6050000
v 0.8550000 0.7500000 0.6450000
v 0.8950000 0.7500000 0.6450000
v 0.9130000 0.6630000 0.5870000
v 0.9130000 0.6630000 0.6630000
v 0.8370000 0.6630000 0.6630000
v 0.8370000 0.6630000 0.5870000
v 0.8950000 0.7500000 0.6050000
v 0.8950000 0.7500000 0.6450000
v 0.8954503 0.7070221 0.6454503
v 0.8954503 0.7070221 0.6045497
v 0.9005697 0.6832004 0.6505697
v 0.9005697 0.6832004 0.5994303
v 0.9130000 0.6630000 0.6630000
v 0.9130000 0.6630000 0.5870000
v 0.8550000 0.7500000 0.6050000
v 0.8545497 0.7070221 0.6045497
v 0.8545497 0.7070221 0.6454503
v 0.8550000 0.7500000 0.6450000
v 0.8494303 0.6832004 0.5994303
v 0.8494303 0.6832004 0.6505697
v 0.8370000 0.6630000 0.5870000
v 0.8370000 0.6630000 0.6630000
v 0.8550000 0.7500000 0.6450000
v 0.8545497 0.7070221 0.6454503
v 0.8954503 0.7070221 0.6454503
v 0.8950000 0.7500000 0.6450000
v 0.8494303 0.6832004 0.6505697
v 0.9005697 0.6832004 0.6505697
v 0.8550000 0.7500000 0.6050000
v 0.8950000 0.7500000 0.6050000
v 0.8954503 0.7070221 0.6045497
v 0.8545497 0.7070221 0.6045497
v 0.9005697 0.6832004 0.5994303
v 0.8494303 0.6832004 0.5994303
v 0.9130000 0.5870000 0.5870000
v 0.8370000 0.5870000 0.5870000
v 0.8370000 0.5870000 0.6630000
v 0.9130000 0.5870000 0.6630000
v 0.8950000 0.5000000 0.6050000
v 0.8950000 0.5000000 0.6450000
v 0.8550000 0.5000000 0.6450000
v 0.8550000 0.5000000 0.6050000
v 0.9130000 0.5870000 0.5870000
v 0.9130000 0.5870000 0.6630000
v 0.9005678 0.5667942 0.6505678
v 0.9005678 0.5667942 0.5994322
v 0.8954497 0.5429721 0.6454497
v 0.8954497 0.5429721 0.6045503
v 0.8950000 0.5000000 0.6450000
v 0.8950000 0.5000000 0.6050000
v 0.8370000 0.5870000 0.5870000
v 0.8494322 0.5667942 0.5994322
v 0.8494322 0.5667942 0.6505678
v 0.8370000 0.5870000 0.6630000
v 0.8545503 0.5429721 0.6045503
v 0.8545503 0.5429721 0.6454497
v 0.8550000 0.5000000 0.6050000
v 0.8550000 0.5000000 0.6450000
v 0.8494322 0.5667942 0.6505678
v 0.9005678 0.5667942 0.6505678
v 0.8545503 0.5429721 0.6454497
v 0.8954497 0.5429721 0.6454497
v 0.8550000 0.5000000 0.6450000
v 0.8950000 0.5000000 0.6450000
v 0.9005678 0.5667942 0.5994322
v 0.8494322 0.5667942 0.5994322
v 0.8954497 0.5429721 0.6045503
v 0.8545503 0.5429721 0.6045503
v 0.8950000 0.5000000 0.6050000
v 0.8550000 0.5000000 0.6050000
v 0.9130000 0.6630000 0.5870000
v 0.9130000 0.5870000 0.5870000
v 0.9130000 0.5870000 0.6630000
v 0.9130000 0.6630000 0.6630000
v 1.0000000 0.6450000 0.6050000
v 1.0000000 0.6450000 0.6450000
v 1.0000000 0.6050000 0.6450000
v 1.0000000 0.6050000 0.6050000
v 0.9332058 0.6505678 0.6505678
v 0.9332058 0.6505678 0.5994322
v 0.9570279 0.6454497 0.6454497
v 0.9570279 0.6454497 0.6045503
v 1.0000000 0.6450000 0.6450000
v 1.0000000 0.6450000 0.6050000
v 0.9332058 0.5994322 0.5994322
v 0.9332058 0.5994322 0.6505678
v 0.9570279 0.6045503 0.6045503
v 0.9570279 0.6045503 0.6454497
v 1.0000000 0.6050000 0.6050000
v 1.0000000 0.6050000 0.6450000
v 0.9332058 0.5994322 0.6505678
v 0.9332058 0.6505678 0.6505678
v 0.9570279 0.6045503 0.6454497
v 0.9570279 0.6454497 0.6454497
v 1.0000000 0.6050000 0.6450000
v 1.0000000 0.6450000 0.6450000
v 0.9332058 0.6505678 0.5994322
v 0.9332058 0.5994322 0.5994322
v 0.9570279 0.6454497 0.6045503
v 0.9570279 0.6045503 0.6045503
v 1.0000000 0.6450000 0.6050000
v 1.0000000 0.6050000 0.6050000
v 0.7500000 0.6450000 0.6050000
v 0.7500000 0.6050000 0.6050000
v 0.7500000 0.6050000 0.6450000
v 0.7500000 0.6450000 0.6450000
v 0.8370000 0.6630000 0.5870000
v 0.8370000 0.6630000 0.6630000
v 0.8370000 0.5870000 0.6630000
v 0.8370000 0.5870000 0.5870000
v 0.7500000 0.6450000 0.6050000
v 0.7500000 0.6450000 0.6450000
v 0.7929779 0.6454503 0.6454503
v 0.7929779 0.6454503 0.6045497
v 0.8167996 0.6505697 0.6505697
v 0.8167996 0.6505697 0.5994303
v 0.7500000 0.6050000 0.6050000
v 0.7929779 0.6045497 0.6045497
v 0.7929779 0.6045497 0.6454503
v 0.7500000 0.6050000 0.6450000
v 0.8167996 0.5994303 0.5994303
v 0.8167996 0.5994303 0.6505697
v 0.7500000 0.6050000 0.6450000
v 0.7929779 0.6045497 0.6454503
v 0.7929779 0.6454503 0.6454503
v 0.7500000 0.6450000 0.6450000
v 0.8167996 0.5994303 0.6505697
v 0.8167996 0.6505697 0.6505697
v 0.7500000 0.6050000 0.6050000
v 0.7500000 0.6450000 0.6050000
v 0.7929779 0.6454503 0.6045497
v 0.7929779 0.6045497 0.6045497
v 0.8167996 0.6505697 0.5994303
v 0.8167996 0.5994303 0.5994303
v 0.8370000 0.6630000 0.5870000
v 0.8370000 0.5870000 0.5870000
v 0.8370000 0.5870000 0.6630000
v 0.8370000 0.6630000 0.6630000
v 0.9130000 0.6630000 0.5870000
v 0.9130000 0.6630000 0.6630000
v 0.9130000 0.5870000 0.6630000
v 0.9130000 0.5870000 0.5870000
v 0.8370000 0.6630000 0.5870000
v 0.8370000 0.6630000 0.6630000
v 0.9130000 0.6630000 0.6630000
v 0.9130000 0.6630000 0.5870000
v 0.8370000 0.5870000 0.5870000
v 0.9130000 0.5870000 0.5870000
v 0.9130000 0.5870000 0.6630000
v 0.8370000 0.5870000 0.6630000
v 0.8370000 0.5870000 0.6630000
v 0.9130000 0.5870000 0.6630000
v 0.9130000 0.6630000 0.6630000
v 0.8370000 0.6630000 0.6630000
v 0.8370000 0.5870000 0.5870000
v 0.8370000 0.6630000 0.5870000
v 0.9130000 0.6630000 0.5870000
v 0.9130000 0.5870000 0.5870000
v 0.1630000 0.8370000 0.6630000
v 0.0870000 0.8370000 0.6630000
v 0.0870000 0.9130000 0.6630000
v 0.1630000 0.9130000 0.6630000
v 0.1450000 0.8550000 0.7500000
v 0.1450000 0.8950000 0.7500000
v 0.1050000 0.8950000 0.7500000
v 0.1050000 0.8550000 0.7500000
v 0.1630000 0.8370000 0.6630000
v 0.1630000 0.9130000 0.6630000
v 0.1505678 0.9005678 0.6832058
v 0.1505678 0.8494322 0.6832058
v 0.1454497 0.8954497 0.7070279
v 0.1454497 0.8545503 0.7070279
v 0.1450000 0.8950000 0.7500000
v 0.1450000 0.8550000 0.7500000
v 0.0870000 0.8370000 0.6630000
v 0.0994322 0.8494322 0.6832058
v 0.0994322 0.9005678 0.6832058
v 0.0870000 0.9130000 0.6630000
v 0.1045503 0.8545503 0.7070279
v 0.1045503 0.8954497 0.7070279
v 0.1050000 0.8550000 0.7500000
v 0.1050000 0.8950000 0.7500000
v 0.0870000 0.9130000 0.6630000
v 0.0994322 0.9005678 0.6832058
v 0.1505678 0.9005678 0.6832058
v 0.1630000 0.9130000 0.6630000
v 0.1045503 0.8954497 0.7070279
v 0.1454497 0.8954497 0.7070279
v 0.1050000 0.8950000 0.7500000
v 0.1450000 0.8950000 0.7500000
v 0.0870000 0.8370000 0.6630000
v 0.1630000 0.8370000 0.6630000
v 0.1505678 0.8494322 0.6832058
v 0.0994322 0.8494322 0.6832058
v 0.1454497 0.8545503 0.7070279
v 0.1045503 0.8545503 0.7070279
v 0.1450000 0.8550000 0.7500000
v 0.1050000 0.8550000 0.7500000
v 0.1450000 0.8550000 0.5000000
v 0.1050000 0.8550000 0.5000000
v 0.1050000 0.8950000 0.5000000
v 0.1450000 0.8950000 0.5000000
v 0.1630000 0.8370000 0.5870000
v 0.1630000 0.9130000 0.5870000
v 0.0870000 0.9130000 0.5870000
v 0.0870000 0.8370000 0.5870000
v 0.1450000 0.8550000 0.5000000
v 0.1450000 0.8950000 0.5000000
v 0.1454503 0.8954503 0.5429779
v 0.1454503 0.8545497 0.5429779
v 0.1505698 0.9005697 0.5667996
v 0.1505698 0.8494303 0.5667996
v 0.1630000 0.9130000 0.5870000
v 0.1630000 0.8370000 0.5870000
v 0.1050000 0.8550000 0.5000000
v 0.1045497 0.8545497 0.5429779
v 0.1045497 0.8954503 0.5429779
v 0.1050000 0.8950000 0.5000000
v 0.0994303 0.8494303 0.5667996
v 0.0994303 0.9005697 0.5667996
v 0.0870000 0.8370000 0.5870000
v 0.0870000 0.9130000 0.5870000
v 0.1050000 0.8950000 0.5000000
v 0.1045497 0.8954503 0.5429779
v 0.1454503 0.8954503 0.5429779
v 0.1450000 0.8950000 0.5000000
v 0.0994303 0.9005697 0.5667996
v 0.1505698 0.9005697 0.5667996
v 0.0870000 0.9130000 0.5870000
v 0.1630000 0.9130000 0.5870000
v 0.1050000 0.8550000 0.5000000
v 0.1450000 0.8550000 0.5000000
v 0.1454503 0.8545497 0.5429779
v 0.1045497 0.8545497 0.5429779
v 0.1505698 0.8494303 0.5667996
v 0.0994303 0.8494303 0.5667996
v 0.1630000 0.8370000 0.5870000
v 0.0870000 0.8370000 0.5870000
v 0.1450000 1.0000000 0.6050000
v 0.1050000 1.0000000 0.6050000
v 0.1050000 1.0000000 0.6450000
v 0.1450000 1.0000000 0.6450000
v 0.1630000 0.9130000 0.5870000
v 0.1630000 0.9130000 0.6630000
v 0.0870000 0.9130000 0.6630000
v 0.0870000 0.9130000 0.5870000
v 0.1450000 1.0000000 0.6050000
v 0.1450000 1.0000000 0.6450000
v 0.1454503 0.9570221 0.6454503
v 0.1454503 0.9570221 0.6045497
v 0.1505698 0.9332004 0.6505697
v 0.1505698 0.9332004 0.5994303
v 0.1630000 0.9130000 0.6630000
v 0.1630000 0.9130000 0.5870000
v 0.1050000 1.0000000 0.6050000
v 0.1045497 0.9570221 0.6045497
v 0.1045497 0.9570221 0.6454503
v 0.1050000 1.0000000 0.6450000
v 0.0994303 0.9332004 0.5994303
v 0.0994303 0.9332004 0.6505697
v 0.0870000 0.9130000 0.5870000
v 0.0870000 0.9130000 0.6630000
v 0.1050000 1.0000000 0.6450000
v 0.1045497 0.9570221 0.6454503
v 0.1454503 0.9570221 0.6454503
v 0.1450000 1.0000000 0.6450000
v 0.0994303 0.9332004 0.6505697
v 0.1505698 0.9332004 0.6505697
v 0.1050000 1.0000000 0.6050000
v 0.1450000 1.0000000 0.6050000
v 0.1454503 0.9570221 0.6045497
v 0.1045497 0.9570221 0.6045497
v 0.1505698 0.9332004 0.5994303
v 0.0994303 0.9332004 0.5994303
v 0.1630000 0.8370000 0.5870000
v 0.0870000 0.8370000 0.5870000
v 0.0870000 0.8370000 0.6630000
v 0.1630000 0.8370000 0.6630000
v 0.1450000 0.7500000 0.6050000
v 0.1450000 0.7500000 0.6450000
v 0.1050000 0.7500000 0.6450000
v 0.1050000 0.7500000 0.6050000
v 0.1630000 0.8370000 0.5870000
v 0.1630000 0.8370000 0.6630000
v 0.1505678 0.8167942 0.6505678
v 0.1505678 0.8167942 0.5994322
v 0.1454497 0.7929721 0.6454497
v 0.1454497 0.7929721 0.6045503
v 0.1450000 0.7500000 0.6450000
v 0.1450000 0.7500000 0.6050000
v 0.0870000 0.8370000 0.5870000
v 0.0994322 0.8167942 0.5994322
v 0.0994322 0.8167942 0.6505678
v 0.0870000 0.8370000 0.6630000
v 0.1045503 0.7929721 0.6045503
v 0.1045503 0.7929721 0.6454497
v 0.1050000 0.7500000 0.6050000
v 0.1050000 0.7500000 0.6450000
v 0.0994322 0.8167942 0.6505678
v 0.1505678 0.8167942 0.6505678
v 0.1045503 0.7929721 0.6454497
v 0.1454497 0.7929721 0.6454497
v 0.1050000 0.7500000 0.6450000
v 0.1450000 0.7500000 0.6450000
v 0.1505678 0.8167942 0.5994322
v 0.0994322 0.8167942 0.5994322
v 0.1454497 0.7929721 0.6045503
v 0.1045503 0.7929721 0.6045503
v 0.1450000 0.7500000 0.6050000
v 0.1050000 0.7500000 0.6050000
v 0.1630000 0.9130000 0.5870000
v 0.1630000 0.8370000 0.5870000
v 0.1630000 0.8370000 0.6630000
v 0.1630000 0.9130000 0.6630000
v 0.2500000 0.8950000 0.6050000
v 0.2500000 0.8950000 0.6450000
v 0.2500000 0.8550000 0.6450000
v 0.2500000 0.8550000 0.6050000
v 0.1832059 0.9005678 0.6505678
v 0.1832059 0.9005678 0.5994322
v 0.2070279 0.8954497 0.6454497
v 0.2070279 0.8954497 0.6045503
v 0.2500000 0.8950000 0.6450000
v 0.2500000 0.8950000 0.6050000
v 0.1832059 0.8494322 0.5994322
v 0.1832059 0.8494322 0.6505678
v 0.2070279 0.8545503 0.6045503
v 0.2070279 0.8545503 0.6454497
v 0.2500000 0.8550000 0.6050000
v 0.2500000 0.8550000 0.6450000
v 0.1832059 0.8494322 0.6505678
v 0.1832059 0.9005678 0.6505678
v 0.2070279 0.8545503 0.6454497
v 0.2070279 0.8954497 0.6454497
v 0.2500000 0.8550000 0.6450000
v 0.2500000 0.8950000 0.6450000
v 0.1832059 0.9005678 0.5994322
v 0.1832059 0.8494322 0.5994322
v 0.2070279 0.8954497 0.6045503
v 0.2070279 0.8545503 0.6045503
v 0.2500000 0.8950000 0.6050000
v 0.2500000 0.8550000 0.6050000
v 0.0000000 0.8950000 0.6050000
v 0.0000000 0.8550000 0.6050000
v 0.0000000 0.8550000 0.6450000
v 0.0000000 0.8950000 0.6450000
v 0.0870000 0.9130000 0.5870000
v 0.0870000 0.9130000 0.6630000
v 0.0870000 0.8370000 0.6630000
v 0.0870000 0.8370000 0.5870000
v 0.0000000 0.8950000 0.6050000
v 0.0000000 0.8950000 0.6450000
v 0.0429779 0.8954503 0.6454503
v 0.0429779 0.8954503 0.6045497
v 0.0667996 0.9005697 0.6505697
v 0.0667996 0.9005697 0.5994303
v 0.0000000 0.8550000 0.6050000
v 0.0429779 0.8545497 0.6045497
v 0.0429779 0.8545497 0.6454503
v 0.0000000 0.8550000 0.6450000
v 0.0667996 0.8494303 0.5994303
v 0.0667996 0.8494303 0.6505697
v 0.0000000 0.8550000 0.6450000
v 0.0429779 0.8545497 0.6454503
v 0.0429779 0.8954503 0.6454503
v 0.0000000 0.8950000 0.6450000
v 0.0667996 0.8494303 0.6505697
v 0.0667996 0.9005697 0.6505697
v 0.0000000 0.8550000 0.6050000
v 0.0000000 0.8950000 0.6050000
v 0.0429779 0.8954503 0.6045497
v 0.0429779 0.8545497 0.6045497
v 0.0667996 0.9005697 0.5994303
v 0.0667996 0.8494303 0.5994303
v 0.0870000 0.9130000 0.5870000
v 0.0870000 0.8370000 0.5870000
v 0.0870000 0.8370000 0.6630000
v 0.0870000 0.9130000 0.6630000
v 0.1630000 0.9130000 0.5870000
v 0.1630000 0.9130000 0.6630000
v 0.1630000 0.8370000 0.6630000
v 0.1630000 0.8370000 0.5870000
v 0.0870000 0.9130000 0.5870000
v 0.0870000 0.9130000 0.6630000
v 0.1630000 0.9130000 0.6630000
v 0.1630000 0.9130000 0.5870000
v 0.0870000 0.8370000 0.5870000
v 0.1630000 0.8370000 0.5870000
v 0.1630000 0.8370000 0.6630000
v 0.0870000 0.8370000 0.6630000
v 0.0870000 0.8370000 0.6630000
v 0.1630000 0.8370000 0.6630000
v 0.1630000 0.9130000 0.6630000
v 0.0870000 0.9130000 0.6630000
v 0.0870000 0.8370000 0.5870000
v 0.0870000 0.9130000 0.5870000
v 0.1630000 0.9130000 0.5870000
v 0.1630000 0.8370000 0.5870000
v 0.4130000 0.8370000 0.6630000
v 0.3370000 0.8370000 0.6630000
v 0.3370000 0.9130000 0.6630000
v 0.4130000 0.9130000 0.6630000
v 0.3950000 0.8550000 0.7500000
v 0.3950000 0.8950000 0.7500000
v 0.3550000 0.8950000 0.7500000
v 0.3550000 0.8550000 0.7500000
v 0.4130000 0.8370000 0.6630000
v 0.4130000 0.9130000 0.6630000
v 0.4005677 0.9005678 0.6832058
v 0.4005677 0.8494322 0.6832058
v 0.3954497 0.8954497 0.7070279
v 0.3954497 0.8545503 0.7070279
v 0.3950000 0.8950000 0.7500000
v 0.3950000 0.8550000 0.7500000
v 0.3370000 0.8370000 0.6630000
v 0.3494323 0.8494322 0.6832058
v 0.3494323 0.9005678 0.6832058
v 0.3370000 0.9130000 0.6630000
v 0.3545503 0.8545503 0.7070279
v 0.3545503 0.8954497 0.7070279
v 0.3550000 0.8550000 0.7500000
v 0.3550000 0.8950000 0.7500000
v 0.3370000 0.9130000 0.6630000
v 0.3494323 0.9005678 0.6832058
v 0.4005677 0.9005678 0.6832058
v 0.4130000 0.9130000 0.6630000
v 0.3545503 0.8954497 0.7070279
v 0.3954497 0.8954497 0.7070279
v 0.3550000 0.8950000 0.7500000
v 0.3950000 0.8950000 0.7500000
v 0.3370000 0.8370000 0.6630000
v 0.4130000 0.8370000 0.6630000
v 0.4005677 0.8494322 0.6832058
v 0.3494323 0.8494322 0.6832058
v 0.3954497 0.8545503 0.7070279
v 0.3545503 0.8545503 0.7070279
v 0.3950000 0.8550000 0.7500000
v 0.3550000 0.8550000 0.7500000
v 0.3950000 0.8550000 0.5000000
v 0.3550000 0.8550000 0.5000000
v 0.3550000 0.8950000 0.5000000
v 0.3950000 0.8950000 0.5000000
v 0.4130000 0.8370000 0.5870000
v 0.4130000 0.9130000 0.5870000
v 0.3370000 0.9130000 0.5870000
v 0.3370000 0.8370000 0.5870000
v 0.3950000 0.8550000 0.5000000
v 0.3950000 0.8950000 0.5000000
v 0.3954503 0.8954503 0.5429779
v 0.3954503 0.8545497 0.5429779
v 0.4005697 0.9005697 0.5667996
v 0.4005697 0.8494303 0.5667996
v 0.4130000 0.9130000 0.5870000
v 0.4130000 0.8370000 0.5870000
v 0.3550000 0.8550000 0.5000000
v 0.3545497 0.8545497 0.5429779
v 0.3545497 0.8954503 0.5429779
v 0.3550000 0.8950000 0.5000000
v 0.3494303 0.8494303 0.5667996
v 0.3494303 0.9005697 0.5667996
v 0.3370000 0.8370000 0.5870000
v 0.3370000 0.9130000 0.5870000
v 0.3550000 0.8950000 0.5000000
v 0.3545497 0.8954503 0.5429779
v 0.3954503 0.8954503 0.5429779
v 0.3950000 0.8950000 0.5000000
v 0.3494303 0.9005697 0.5667996
v 0.4005697 0.9005697 0.5667996
v 0.3370000 0.9130000 0.5870000
v 0.4130000 0.9130000 0.5870000
v 0.3550000 0.8550000 0.5000000
v 0.3950000 0.8550000 0.5000000
v 0.3954503 0.8545497 0.5429779
v 0.3545497 0.8545497 0.5429779
v 0.4005697 0.8494303 0.5667996
v 0.3494303 0.8494303 0.5667996
v 0.4130000 0.8370000 0.5870000
v 0.3370000 0.8370000 0.5870000
v 0.3950000 1.0000000 0.6050000
v 0.3550000 1.0000000 0.6050000
v 0.3550000 1.0000000 0.6450000
v 0.3950000 1.0000000 0.6450000
v 0.4130000 0.9130000 0.5870000
v 0.4130000 0.9130000 0.6630000
v 0.3370000 0.9130000 0.6630000
v 0.3370000 0.9130000 0.5870000
v 0.3950000 1.0000000 0.6050000
v 0.3950000 1.0000000 0.6450000
v 0.3954503 0.9570221 0.6454503
v 0.3954503 0.9570221 0.6045497
v 0.4005697 0.9332004 0.6505697
v 0.4005697 0.9332004 0.5994303
v 0.4130000 0.9130000 0.6630000
v 0.4130000 0.9130000 0.5870000
v 0.3550000 1.0000000 0.6050000
v 0.3545497 0.9570221 0.6045497
v 0.3545497 0.9570221 0.6454503
v 0.3550000 1.0000000 0.6450000
v 0.3494303 0.9332004 0.5994303
v 0.3494303 0.9332004 0.6505697
v 0.3370000 0.9130000 0.5870000
v 0.3370000 0.9130000 0.6630000
v 0.3550000 1.0000000 0.6450000
v 0.3545497 0.9570221 0.6454503
v 0.3954503 0.9570221 0.6454503
v 0.3950000 1.0000000 0.6450000
v 0.3494303 0.9332004 0.6505697
v 0.4005697 0.9332004 0.6505697
v 0.3550000 1.0000000 0.6050000
v 0.3950000 1.0000000 0.6050000
v 0.3954503 0.9570221 0.6045497
v 0.3545497 0.9570221 0.6045497
v 0.4005697 0.9332004 0.5994303
v 0.3494303 0.9332004 0.5994303
v 0.4130000 0.8370000 0.5870000
v 0.3370000 0.8370000 0.5870000
v 0.3370000 0.8370000 0.6630000
v 0.4130000 0.8370000 0.6630000
v 0.3950000 0.7500000 0.6050000
v 0.3950000 0.7500000 0.6450000
v 0.3550000 0.7500000 0.6450000
v 0.3550000 0.7500000 0.6050000
v 0.4130000 0.8370000 0.5870000
v 0.4130000 0.8370000 0.6630000
v 0.4005677 0.8167942 0.6505678
v 0.4005677 0.8167942 0.5994322
v 0.3954497 0.7929721 0.6454497
v 0.3954497 0.7929721 0.6045503
v 0.3950000 0.7500000 0.6450000
v 0.3950000 0.7500000 0.6050000
v 0.3370000 0.8370000 0.5870000
v 0.3494323 0.8167942 0.5994322
v 0.3494323 0.8167942 0.6505678
v 0.3370000 0.8370000 0.6630000
v 0.3545503 0.7929721 0.6045503
v 0.3545503 0.7929721 0.6454497
v 0.3550000 0.7500000 0.6050000
v 0.3550000 0.7500000 0.6450000
v 0.3494323 0.8167942 0.6505678
v 0.4005677 0.8167942 0.6505678
v 0.3545503 0.7929721 0.6454497
v 0.3954497 0.7929721 0.6454497
v 0.3550000 0.7500000 0.6450000
v 0.3950000 0.7500000 0.6450000
v 0.4005677 0.8167942 0.5994322
v 0.3494323 0.8167942 0.5994322
v 0.3954497 0.7929721 0.6045503
v 0.3545503 0.7929721 0.6045503
v 0.3950000 0.7500000 0.6050000
v 0.3550000 0.7500000 0.6050000
v 0.4130000 0.9130000 0.5870000
v 0.4130000 0.8370000 0.5870000
v 0.4130000 0.8370000 0.6630000
v 0.4130000 0.9130000 0.6630000
v 0.5000000 0.8950000 0.6050000
v 0.5000000 0.8950000 0.6450000
v 0.5000000 0.8550000 0.6450000
v 0.5000000 0.8550000 0.6050000
v 0.4332058 0.9005678 0.6505678
v 0.4332058 0.9005678 0.5994322
v 0.4570279 0.8954497 0.6454497
v 0.4570279 0.8954497 0.6045503
v 0.5000000 0.8950000 0.6450000
v 0.5000000 0.8950000 0.6050000
v 0.4332058 0.8494322 0.5994322
v 0.4332058 0.8494322 0.6505678
v 0.4570279 0.8545503 0.6045503
v 0.4570279 0.8545503 0.6454497
v 0.5000000 0.8550000 0.6050000
v 0.5000000 0.8550000 0.6450000
v 0.4332058 0.8494322 0.6505678
v 0.4332058 0.9005678 0.6505678
v 0.4570279 0.8545503 0.6454497
v 0.4570279 0.8954497 0.6454497
v 0.5000000 0.8550000 0.6450000
v 0.5000000 0.8950000 0.6450000
v 0.4332058 0.9005678 0.5994322
v 0.4332058 0.8494322 0.5994322
v 0.4570279 0.8954497 0.6045503
v 0.4570279 0.8545503 0.6045503
v 0.5000000 0.8950000 0.6050000
v 0.5000000 0.8550000 0.6050000
v 0.2500000 0.8950000 0.6050000
v 0.2500000 0.8550000 0.6050000
v 0.2500000 0.8550000 0.6450000
v 0.2500000 0.8950000 0.6450000
v 0.3370000 0.9130000 0.5870000
v 0.3370000 0.9130000 0.6630000
v 0.3370000 0.8370000 0.6630000
v 0.3370000 0.8370000 0.5870000
v 0.2500000 0.8950000 0.6050000
v 0.2500000 0.8950000 0.6450000
v 0.2929779 0.8954503 0.6454503
v 0.2929779 0.8954503 0.6045497
v 0.3167996 0.9005697 0.6505697
v 0.3167996 0.9005697 0.5994303
v 0.2500000 0.8550000 0.6050000
v 0.2929779 0.8545497 0.6045497
v 0.2929779 0.8545497 0.6454503
v 0.2500000 0.8550000 0.6450000
v 0.3167996 0.8494303 0.5994303
v 0.3167996 0.8494303 0.6505697
v 0.2500000 0.8550000 0.6450000
v 0.2929779 0.8545497 0.6454503
v 0.2929779 0.8954503 0.6454503
v 0.2500000 0.8950000 0.6450000
v 0.3167996 0.8494303 0.6505697
v 0.3167996 0.9005697 0.6505697
v 0.2500000 0.8550000 0.6050000
v 0.2500000 0.8950000 0.6050000
v 0.2929779 0.8954503 0.6045497
v 0.2929779 0.8545497 0.6045497
v 0.3167996 0.9005697 0.5994303
v 0.3167996 0.8494303 0.5994303
v 0.3370000 0.9130000 0.5870000
v 0.3370000 0.8370000 0.5870000
v 0.3370000 0.8370000 0.6630000
v 0.3370000 0.9130000 0.6630000
v 0.4130000 0.9130000 0.5870000
v 0.4130000 0.9130000 0.6630000
v 0.4130000 0.8370000 0.6630000
v 0.4130000 0.8370000 0.5870000
v 0.3370000 0.9130000 0.5870000
v 0.3370000 0.9130000 0.6630000
v 0.4130000 0.9130000 0.6630000
v 0.4130000 0.9130000 0.5870000
v 0.3370000 0.8370000 0.5870000
v 0.4130000 0.8370000 0.5870000
v 0.4130000 0.8370000 0.6630000
v 0.3370000 0.8370000 0.6630000
v 0.3370000 0.8370000 0.6630000
v 0.4130000 0.8370000 0.6630000
v 0.4130000 0.9130000 0.6630000
v 0.3370000 0.9130000 0.6630000
v 0.3370000 0.8370000 0.5870000
v 0.3370000 0.9130000 0.5870000
v 0.4130000 0.9130000 0.5870000
v 0.4130000 0.8370000 0.5870000
v 0.6630000 0.8370000 0.6630000
v 0.5870000 0.8370000 0.6630000
v 0.5870000 0.9130000 0.6630000
v 0.6630000 0.9130000 0.6630000
v 0.6450000 0.8550000 0.7500000
v 0.6450000 0.8950000 0.7500000
v 0.6050000 0.8950000 0.7500000
v 0.6050000 0.8550000 0.7500000
v 0.6630000 0.8370000 0.6630000
v 0.6630000 0.9130000 0.6630000
v 0.6505678 0.9005678 0.6832058
v 0.6505678 0.8494322 0.6832058
v 0.6454497 0.8954497 0.7070279
v 0.6454497 0.8545503 0.7070279
v 0.6450000 0.8950000 0.7500000
v 0.6450000 0.8550000 0.7500000
v 0.5870000 0.8370000 0.6630000
v 0.5994322 0.8494322 0.6832058
v 0.5994322 0.9005678 0.6832058
v 0.5870000 0.9130000 0.6630000
v 0.6045503 0.8545503 0.7070279
v 0.6045503 0.8954497 0.7070279
v 0.6050000 0.8550000 0.7500000
v 0.6050000 0.8950000 0.7500000
v 0.5870000 0.9130000 0.6630000
v 0.5994322 0.9005678 0.6832058
v 0.6505678 0.9005678 0.6832058
v 0.6630000 0.9130000 0.6630000
v 0.6045503 0.8954497 0.7070279
v 0.6454497 0.8954497 0.7070279
v 0.6050000 0.8950000 0.7500000
v 0.6450000 0.8950000 0.7500000
v 0.5870000 0.8370000 0.6630000
v 0.6630000 0.8370000 0.6630000
v 0.6505678 0.8494322 0.6832058
v 0.5994322 0.8494322 0.6832058
v 0.6454497 0.8545503 0.7070279
v 0.6045503 0.8545503 0.7070279
v 0.6450000 0.8550000 0.7500000
v 0.6050000 0.8550000 0.7500000
v 0.6450000 0.8550000 0.5000000
v 0.6050000 0.8550000 0.5000000
v 0.6050000 0.8950000 0.5000000
v 0.6450000 0.8950000 0.5000000
v 0.6630000 0.8370000 0.5870000
v 0.6630000 0.9130000 0.5870000
v 0.5870000 0.9130000 0.5870000
v 0.5870000 0.8370000 0.5870000
v 0.6450000 0.8550000 0.5000000
v 0.6450000 0.8950000 0.5000000
v 0.6454503 0.8954503 0.5429779
v 0.6454503 0.8545497 0.5429779
v 0.6505697 0.9005697 0.5667996
v 0.6505697 0.8494303 0.5667996
v 0.6630000 0.9130000 0.5870000
v 0.6630000 0.8370000 0.5870000
v 0.6050000 0.8550000 0.5000000
v 0.6045497 0.8545497 0.5429779
v 0.6045497 0.8954503 0.5429779
v 0.6050000 0.8950000 0.5000000
v 0.5994303 0.8494303 0.5667996
v 0.5994303 0.9005697 0.5667996
v 0.5870000 0.8370000 0.5870000
v 0.5870000 0.9130000 0.5870000
v 0.6050000 0.8950000 0.5000000
v 0.6045497 0.8954503 0.5429779
v 0.6454503 0.8954503 0.5429779
v 0.6450000 0.8950000 0.5000000
v 0.5994303 0.9005697 0.5667996
v 0.6505697 0.9005697 0.5667996
v 0.5870000 0.9130000 0.5870000
v 0.6630000 0.9130000 0.5870000
v 0.6050000 0.8550000 0.5000000
v 0.6450000 0.8550000 0.5000000
v 0.6454503 0.8545497 0.5429779
v 0.6045497 0.8545497 0.5429779
v 0.6505697 0.8494303 0.5667996
v 0.5994303 0.8494303 0.5667996
v 0.6630000 0.8370000 0.5870000
v 0.5870000 0.8370000 0.5870000
v 0.6450000 1.0000000 0.6050000
v 0.6050000 1.0000000 0.6050000
v 0.6050000 1.0000000 0.6450000
v 0.6450000 1.0000000 0.6450000
v 0.6630000 0.9130000 0.5870000
v 0.6630000 0.9130000 0.6630000
v 0.5870000 0.9130000 0.6630000
v 0.5870000 0.9130000 0.5870000
v 0.6450000 1.0000000 0.6050000
v 0.6450000 1.0000000 0.6450000
v 0.6454503 0.9570221 0.6454503
v 0.6454503 0.9570221 0.6045497
v 0.6505697 0.9332004 0.6505697
v 0.6505697 0.9332004 0.5994303
v 0.6630000 0.9130000 0.6630000
v 0.6630000 0.9130000 0.5870000
v 0.6050000 1.0000000 0.6050000
v 0.6045497 0.9570221 0.6045497
v 0.6045497 0.9570221 0.6454503
v 0.6050000 1.0000000 0.6450000
v 0.5994303 0.9332004 0.5994303
v 0.5994303 0.9332004 0.6505697
v 0.5870000 0.9130000 0.5870000
v 0.5870000 0.9130000 0.6630000
v 0.6050000 1.0000000 0.6450000
v 0.6045497 0.9570221 0.6454503
v 0.6454503 0.9570221 0.6454503
v 0.6450000 1.0000000 0.6450000
v 0.5994303 0.9332004 0.6505697
v 0.6505697 0.9332004 0.6505697
v 0.6050000 1.0000000 0.6050000
v 0.6450000 1.0000000 0.6050000
v 0.6454503 0.9570221 0.6045497
v 0.6045497 0.9570221 0.6045497
v 0.6505697 0.9332004 0.5994303
v 0.5994303 0.9332004 0.5994303
v 0.6630000 0.8370000 0.5870000
v 0.5870000 0.8370000 0.5870000
v 0.5870000 0.8370000 0.6630000
v 0.6630000 0.8370000 0.6630000
v 0.6450000 0.7500000 0.6050000
v 0.6450000 0.7500000 0.6450000
v 0.6050000 0.7500000 0.6450000
v 0.6050000 0.7500000 0.6050000
v 0.6630000 0.8370000 0.5870000
v 0.6630000 0.8370000 0.6630000
v 0.6505678 0.8167942 0.6505678
v 0.6505678 0.8167942 0.5994322
v 0.6454497 0.7929721 0.6454497
v 0.6454497 0.7929721 0.6045503
v 0.6450000 0.7500000 0.6450000
v 0.6450000 0.7500000 0.6050000
v 0.5870000 0.8370000 0.5870000
v 0.5994322 0.8167942 0.5994322
v 0.5994322 0.8167942 0.6505678
v 0.5870000 0.8370000 0.6630000
v 0.6045503 0.7929721 0.6045503
v 0.6045503 0.7929721 0.6454497
v 0.6050000 0.7500000 0.6050000
v 0.6050000 0.7500000 0.6450000
v 0.5994322 0.8167942 0.6505678
v 0.6505678 0.8167942 0.6505678
v 0.6045503 0.7929721 0.6454497
v 0.6454497 0.7929721 0.6454497
v 0.6050000 0.7500000 0.6450000
v 0.6450000 0.7500000 0.6450000
v 0.6505678 0.8167942 0.5994322
v 0.5994322 0.8167942 0.5994322
v 0.6454497 0.7929721 0.6045503
v 0.6045503 0.7929721 0.6045503
v 0.6450000 0.7500000 0.6050000
v 0.6050000 0.7500000 0.6050000
v 0.6630000 0.9130000 0.5870000
v 0.6630000 0.8370000 0.5870000
v 0.6630000 0.8370000 0.6630000
v 0.6630000 0.9130000 0.6630000
v 0.7500000 0.8950000 0.6050000
v 0.7500000 0.8950000 0.6450000
v 0.7500000 0.8550000 0.6450000
v 0.7500000 0.8550000 0.6050000
v 0.6832058 0.9005678 0.6505678
v 0.6832058 0.9005678 0.5994322
v 0.7070279 0.8954497 0.6454497
v 0.7070279 0.8954497 0.6045503
v 0.7500000 0.8950000 0.6450000
v 0.7500000 0.8950000 0.6050000
v 0.6832058 0.8494322 0.5994322
v 0.6832058 0.8494322 0.6505678
v 0.7070279 0.8545503 0.6045503
v 0.7070279 0.8545503 0.6454497
v 0.7500000 0.8550000 0.6050000
v 0.7500000 0.8550000 0.6450000
v 0.6832058 0.8494322 0.6505678
v 0.6832058 0.9005678 0.6505678
v 0.7070279 0.8545503 0.6454497
v 0.7070279 0.8954497 0.6454497
v 0.7500000 0.8550000 0.6450000
v 0.7500000 0.8950000 0.6450000
v 0.6832058 0.9005678 0.5994322
v 0.6832058 0.8494322 0.5994322
v 0.7070279 0.8954497 0.6045503
v 0.7070279 0.8545503 0.6045503
v 0.7500000 0.8950000 0.6050000
v 0.7500000 0.8550000 0.6050000
v 0.5000000 0.8950000 0.6050000
v 0.5000000 0.8550000 0.6050000
v 0.5000000 0.8550000 0.6450000
v 0.5000000 0.8950000 0.6450000
v 0.5870000 0.9130000 0.5870000
v 0.5870000 0.9130000 0.6630000
v 0.5870000 0.8370000 0.6630000
v 0.5870000 0.8370000 0.5870000
v 0.5000000 0.8950000 0.6050000
v 0.5000000 0.8950000 0.6450000
v 0.5429779 0.8954503 0.6454503
v 0.5429779 0.8954503 0.6045497
v 0.5667996 0.9005697 0.6505697
v 0.5667996 0.9005697 0.5994303
v 0.5000000 0.8550000 0.6050000
v 0.5429779 0.8545497 0.6045497
v 0.5429779 0.8545497 0.6454503
v 0.5000000 0.8550000 0.6450000
v 0.5667996 0.8494303 0.5994303
v 0.5667996 0.8494303 0.6505697
v 0.5000000 0.8550000 0.6450000
v 0.5429779 0.8545497 0.6454503
v 0.5429779 0.8954503 0.6454503
v 0.5000000 0.8950000 0.6450000
v 0.5667996 0.8494303 0.6505697
v 0.5667996 0.9005697 0.6505697
v 0.5000000 0.8550000 0.6050000
v 0.5000000 0.8950000 0.6050000
v 0.5429779 0.8954503 0.6045497
v 0.5429779 0.8545497 0.6045497
v 0.5667996 0.9005697 0.5994303
v 0.5667996 0.8494303 0.5994303
v 0.5870000 0.9130000 0.5870000
v 0.5870000 0.8370000 0.5870000
v 0.5870000 0.8370000 0.6630000
v 0.5870000 0.9130000 0.6630000
v 0.6630000 0.9130000 0.5870000
v 0.6630000 0.9130000 0.6630000
v 0.6630000 0.8370000 0.6630000
v 0.6630000 0.8370000 0.5870000
v 0.5870000 0.9130000 0.5870000
v 0.5870000 0.9130000 0.6630000
v 0.6630000 0.9130000 0.6630000
v 0.6630000 0.9130000 0.5870000
v 0.5870000 0.8370000 0.5870000
v 0.6630000 0.8370000 0.5870000
v 0.6630000 0.8370000 0.6630000
v 0.5870000 0.8370000 0.6630000
v 0.5870000 0.8370000 0.6630000
v 0.6630000 0.8370000 0.6630000
v 0.6630000 0.9130000 0.6630000
v 0.5870000 0.9130000 0.6630000
v 0.5870000 0.8370000 0.5870000
v 0.5870000 0.9130000 0.5870000
v 0.6630000 0.9130000 0.5870000
v 0.6630000 0.8370000 0.5870000
v 0.9130000 0.8370000 0.6630000
v 0.8370000 0.8370000 0.6630000
v 0.8370000 0.9130000 0.6630000
v 0.9130000 0.9130000 0.6630000
v 0.8950000 0.8550000 0.7500000
v 0.8950000 0.8950000 0.7500000
v 0.8550000 0.8950000 0.7500000
v 0.8550000 0.8550000 0.7500000
v 0.9130000 0.8370000 0.6630000
v 0.9130000 0.9130000 0.6630000
v 0.9005678 0.9005678 0.6832058
v 0.9005678 0.8494322 0.6832058
v 0.8954497 0.8954497 0.7070279
v 0.8954497 0.8545503 0.7070279
v 0.8950000 0.8950000 0.7500000
v 0.8950000 0.8550000 0.7500000
v 0.8370000 0.8370000 0.6630000
v 0.8494322 0.8494322 0.6832058
v 0.8494322 0.9005678 0.6832058
v 0.8370000 0.9130000 0.6630000
v 0.8545503 0.8545503 0.7070279
v 0.8545503 0.8954497 0.7070279
v 0.8550000 0.8550000 0.7500000
v 0.8550000 0.8950000 0.7500000
v 0.8370000 0.9130000 0.6630000
v 0.8494322 0.9005678 0.6832058
v 0.9005678 0.9005678 0.6832058
v 0.9130000 0.9130000 0.6630000
v 0.8545503 0.8954497 0.7070279
v 0.8954497 0.8954497 0.7070279
v 0.8550000 0.8950000 0.7500000
v 0.8950000 0.8950000 0.7500000
v 0.8370000 0.8370000 0.6630000
v 0.9130000 0.8370000 0.6630000
v 0.9005678 0.8494322 0.6832058
v 0.8494322 0.8494322 0.6832058
v 0.8954497 0.8545503 0.7070279
v 0.8545503 0.8545503 0.7070279
v 0.8950000 0.8550000 0.7500000
v 0.8550000 0.8550000 0.7500000
v 0.8950000 0.8550000 0.5000000
v 0.8550000 0.8550000 0.5000000
v 0.8550000 0.8950000 0.5000000
v 0.8950000 0.8950000 0.5000000
v 0.9130000 0.8370000 0.5870000
v 0.9130000 0.9130000 0.5870000
v 0.8370000 0.9130000 0.5870000
v 0.8370000 0.8370000 0.5870000
v 0.8950000 0.8550000 0.5000000
v 0.8950000 0.8950000 0.5000000
v 0.8954503 0.8954503 0.5429779
v 0.8954503 0.8545497 0.5429779
v 0.9005697 0.9005697 0.5667996
v 0.9005697 0.8494303 0.5667996
v 0.9130000 0.9130000 0.5870000
v 0.9130000 0.8370000 0.5870000
v 0.8550000 0.8550000 0.5000000
v 0.8545497 0.8545497 0.5429779
v 0.8545497 0.8954503 0.5429779
v 0.8550000 0.8950000 0.5000000
v 0.8494303 0.8494303 0.5667996
v 0.8494303 0.9005697 0.5667996
v 0.8370000 0.8370000 0.5870000
v 0.8370000 0.9130000 0.5870000
v 0.8550000 0.8950000 0.5000000
v 0.8545497 0.8954503 0.5429779
v 0.8954503 0.8954503 0.5429779
v 0.8950000 0.8950000 0.5000000
v 0.8494303 0.9005697 0.5667996
v 0.9005697 0.9005697 0.5667996
v 0.8370000 0.9130000 0.5870000
v 0.9130000 0.9130000 0.5870000
v 0.8550000 0.8550000 0.5000000
v 0.8950000 0.8550000 0.5000000
v 0.8954503 0.8545497 0.5429779
v 0.8545497 0.8545497 0.5429779
v 0.9005697 0.8494303 0.5667996
v 0.8494303 0.8494303 0.5667996
v 0.9130000 0.8370000 0.5870000
v 0.8370000 0.8370000 0.5870000
v 0.8950000 1.0000000 0.6050000
v 0.8550000 1.0000000 0.6050000
v 0.8550000 1.0000000 0.6450000
v 0.8950000 1.0000000 0.6450000
v 0.9130000 0.9130000 0.5870000
v 0.9130000 0.9130000 0.6630000
v 0.8370000 0.9130000 0.6630000
v 0.8370000 0.9130000 0.5870000
v 0.8950000 1.0000000 0.6050000
v 0.8950000 1.0000000 0.6450000
v 0.8954503 0.9570221 0.6454503
v 0.8954503 0.9570221 0.6045497
v 0.9005697 0.9332004 0.6505697
v 0.9005697 0.9332004 0.5994303
v 0.9130000 0.9130000 0.6630000
v 0.9130000 0.9130000 0.5870000
v 0.8550000 1.0000000 0.6050000
v 0.8545497 0.9570221 0.6045497
v 0.8545497 0.9570221 0.6454503
v 0.8550000 1.0000000 0.6450000
v 0.8494303 0.9332004 0.5994303
v 0.8494303 0.9332004 0.6505697
v 0.8370000 0.9130000 0.5870000
v 0.8370000 0.9130000 0.6630000
v 0.8550000 1.0000000 0.6450000
v 0.8545497 0.9570221 0.6454503
v 0.8954503 0.9570221 0.6454503
v 0.8950000 1.0000000 0.6450000
v 0.8494303 0.9332004 0.6505697
v 0.9005697 0.9332004 0.6505697
v 0.8550000 1.0000000 0.6050000
v 0.8950000 1.0000000 0.6050000
v 0.8954503 0.9570221 0.6045497
v 0.8545497 0.9570221 0.6045497
v 0.9005697 0.9332004 0.5994303
v 0.8494303 0.9332004 0.5994303
v 0.9130000 0.8370000 0.5870000
v 0.8370000 0.8370000 0.5870000
v 0.8370000 0.8370000 0.6630000
v 0.9130000 0.8370000 0.6630000
v 0.8950000 0.7500000 0.6050000
v 0.8950000 0.7500000 0.6450000
v 0.8550000 0.7500000 0.6450000
v 0.8550000 0.7500000 0.6050000
v 0.9130000 0.8370000 0.5870000
v 0.9130000 0.8370000 0.6630000
v 0.9005678 0.8167942 0.6505678
v 0.9005678 0.8167942 0.5994322
v 0.8954497 0.7929721 0.6454497
v 0.8954497 0.7929721 0.6045503
v 0.8950000 0.7500000 0.6450000
v 0.8950000 0.7500000 0.6050000
v 0.8370000 0.8370000 0.5870000
v 0.8494322 0.8167942 0.5994322
v 0.8494322 0.8167942 0.6505678
v 0.8370000 0.8370000 0.6630000
v 0.8545503 0.7929721 0.6045503
v 0.8545503 0.7929721 0.6454497
v 0.8550000 0.7500000 0.6050000
v 0.8550000 0.7500000 0.6450000
v 0.8494322 0.8167942 0.6505678
v 0.9005678 0.8167942 0.6505678
v 0.8545503 0.7929721 0.6454497
v 0.8954497 0.7929721 0.6454497
v 0.8550000 0.7500000 0.6450000
v 0.8950000 0.7500000 0.6450000
v 0.9005678 0.8167942 0.5994322
v 0.8494322 0.8167942 0.5994322
v 0.8954497 0.7929721 0.6045503
v 0.8545503 0.7929721 0.6045503
v 0.8950000 0.7500000 0.6050000
v 0.8550000 0.7500000 0.6050000
v 0.9130000 0.9130000 0.5870000
v 0.9130000 0.8370000 0.5870000
v 0.9130000 0.8370000 0.6630000
v 0.9130000 0.9130000 0.6630000
v 1.0000000 0.8950000 0.6050000
v 1.0000000 0.8950000 0.6450000
v 1.0000000 0.8550000 0.6450000
v 1.0000000 0.8550000 0.6050000
v 0.9332058 0.9005678 0.6505678
v 0.9332058 0.9005678 0.5994322
v 0.9570279 0.8954497 0.6454497
v 0.9570279 0.8954497 0.6045503
v 1.0000000 0.8950000 0.6450000
v 1.0000000 0.8950000 0.6050000
v 0.9332058 0.8494322 0.5994322
v 0.9332058 0.8494322 0.6505678
v 0.9570279 0.8545503 0.6045503
v 0.9570279 0.8545503 0.6454497
v 1.0000000 0.8550000 0.6050000
v 1.0000000 0.8550000 0.6450000
v 0.9332058 0.8494322 0.6505678
v 0.9332058 0.9005678 0.6505678
v 0.9570279 0.8545503 0.6454497
v 0.9570279 0.8954497 0.6454497
v 1.0000000 0.8550000 0.6450000
v 1.0000000 0.8950000 0.6450000
v 0.9332058 0.9005678 0.5994322
v 0.9332058 0.8494322 0.5994322
v 0.9570279 0.8954497 0.6045503
v 0.9570279 0.8545503 0.6045503
v 1.0000000 0.8950000 0.6050000
v 1.0000000 0.8550000 0.6050000
v 0.7500000 0.8950000 0.6050000
v 0.7500000 0.8550000 0.6050000
v 0.7500000 0.8550000 0.6450000
v 0.7500000 0.8950000 0.6450000
v 0.8370000 0.9130000 0.5870000
v 0.8370000 0.9130000 0.6630000
v 0.8370000 0.8370000 0.6630000
v 0.8370000 0.8370000 0.5870000
v 0.7500000 0.8950000 0.6050000
v 0.7500000 0.8950000 0.6450000
v 0.7929779 0.8954503 0.6454503
v 0.7929779 0.8954503 0.6045497
v 0.8167996 0.9005697 0.6505697
v 0.8167996 0.9005697 0.5994303
v 0.7500000 0.8550000 0.6050000
v 0.7929779 0.8545497 0.6045497
v 0.7929779 0.8545497 0.6454503
v 0.7500000 0.8550000 0.6450000
v 0.8167996 0.8494303 0.5994303
v 0.8167996 0.8494303 0.6505697
v 0.7500000 0.8550000 0.6450000
v 0.7929779 0.8545497 0.6454503
v 0.7929779 0.8954503 0.6454503
v 0.7500000 0.8950000 0.6450000
v 0.8167996 0.8494303 0.6505697
v 0.8167996 0.9005697 0.6505697
v 0.7500000 0.8550000 0.6050000
v 0.7500000 0.8950000 0.6050000
v 0.7929779 0.8954503 0.6045497
v 0.7929779 0.8545497 0.6045497
v 0.8167996 0.9005697 0.5994303
v 0.8167996 0.8494303 0.5994303
v 0.8370000 0.9130000 0.5870000
v 0.8370000 0.8370000 0.5870000
v 0.8370000 0.8370000 0.6630000
v 0.8370000 0.9130000 0.6630000
v 0.9130000 0.9130000 0.5870000
v 0.9130000 0.9130000 0.6630000
v 0.9130000 0.8370000 0.6630000
v 0.9130000 0.8370000 0.5870000
v 0.8370000 0.9130000 0.5870000
v 0.8370000 0.9130000 0.6630000
v 0.9130000 0.9130000 0.6630000
v 0.9130000 0.9130000 0.5870000
v 0.8370000 0.8370000 0.5870000
v 0.9130000 0.8370000 0.5870000
v 0.9130000 0.8370000 0.6630000
v 0.8370000 0.8370000 0.6630000
v 0.8370000 0.8370000 0.6630000
v 0.9130000 0.8370000 0.6630000
v 0.9130000 0.9130000 0.6630000
v 0.8370000 0.9130000 0.6630000
v 0.8370000 0.8370000 0.5870000
v 0.8370000 0.9130000 0.5870000
v 0.9130000 0.9130000 0.5870000
v 0.9130000 0.8370000 0.5870000
v 0.1630000 0.0870000 0.9130000
v 0.0870000 0.0870000 0.9130000
v 0.0870000 0.1630000 0.9130000
v 0.1630000 0.1630000 0.9130000
v 0.1450000 0.1050000 1.0000000
v 0.1450000 0.1450000 1.0000000
v 0.1050000 0.1450000 1.0000000
v 0.1050000 0.1050000 1.0000000
v 0.1630000 0.0870000 0.9130000
v 0.1630000 0.1630000 0.9130000
v 0.1505678 0.1505678 0.9332058
v 0.1505678 0.0994322 0.9332058
v 0.1454497 0.1454497 0.9570279
v 0.1454497 0.1045503 0.9570279
v 0.1450000 0.1450000 1.0000000
v 0.1450000 0.1050000 1.0000000
v 0.0870000 0.0870000 0.9130000
v 0.0994322 0.0994322 0.9332058
v 0.0994322 0.1505678 0.9332058
v 0.0870000 0.1630000 0.9130000
v 0.1045503 0.1045503 0.9570279
v 0.1045503 0.1454497 0.9570279
v 0.1050000 0.1050000 1.0000000
v 0.1050000 0.1450000 1.0000000
v 0.0870000 0.1630000 0.9130000
v 0.0994322 0.1505678 0.9332058
v 0.1505678 0.1505678 0.9332058
v 0.1630000 0.1630000 0.9130000
v 0.1045503 0.1454497 0.9570279
v 0.1454497 0.1454497 0.9570279
v 0.1050000 0.1450000 1.0000000
v 0.1450000 0.1450000 1.0000000
v 0.0870000 0.0870000 0.9130000
v 0.1630000 0.0870000 0.9130000
v 0.1505678 0.0994322 0.9332058
v 0.0994322 0.0994322 0.9332058
v 0.1454497 0.1045503 0.9570279
v 0.1045503 0.1045503 0.9570279
v 0.1450000 0.1050000 1.0000000
v 0.1050000 0.1050000 1.0000000
v 0.1450000 0.1050000 0.7500000
v 0.1050000 0.1050000 0.7500000
v 0.1050000 0.1450000 0.7500000
v 0.1450000 0.1450000 0.7500000
v 0.1630000 0.0870000 0.8370000
v 0.1630000 0.1630000 0.8370000
v 0.0870000 0.1630000 0.8370000
v 0.0870000 0.0870000 0.8370000
v 0.1450000 0.1050000 0.7500000
v 0.1450000 0.1450000 0.7500000
v 0.1454503 0.1454503 0.7929779
v 0.1454503 0.1045497 0.7929779
v 0.1505698 0.1505698 0.8167996
v 0.1505698 0.0994303 0.8167996
v 0.1630000 0.1630000 0.8370000
v 0.1630000 0.0870000 0.8370000
v 0.1050000 0.1050000 0.7500000
v 0.1045497 0.1045497 0.7929779
v 0.1045497 0.1454503 0.7929779
v 0.1050000 0.1450000 0.7500000
v 0.0994303 0.0994303 0.8167996
v 0.0994303 0.1505698 0.8167996
v 0.0870000 0.0870000 0.8370000
v 0.0870000 0.1630000 0.8370000
v 0.1050000 0.1450000 0.7500000
v 0.1045497 0.1454503 0.7929779
v 0.1454503 0.1454503 0.7929779
v 0.1450000 0.1450000 0.7500000
v 0.0994303 0.1505698 0.8167996
v 0.1505698 0.1505698 0.8167996
v 0.0870000 0.1630000 0.8370000
v 0.1630000 0.1630000 0.8370000
v 0.1050000 0.1050000 0.7500000
v 0.1450000 0.1050000 0.7500000
v 0.1454503 0.1045497 0.7929779
v 0.1045497 0.1045497 0.7929779
v 0.1505698 0.0994303 0.8167996
v 0.0994303 0.0994303 0.8167996
v 0.1630000 0.0870000 0.8370000
v 0.0870000 0.0870000 0.8370000
v 0.1450000 0.2500000 0.8550000
v 0.1050000 0.2500000 0.8550000
v 0.1050000 0.2500000 0.8950000
v 0.1450000 0.2500000 0.8950000
v 0.1630000 0.1630000 0.8370000
v 0.1630000 0.1630000 0.9130000
v 0.0870000 0.1630000 0.9130000
v 0.0870000 0.1630000 0.8370000
v 0.1450000 0.2500000 0.8550000
v 0.1450000 0.2500000 0.8950000
v 0.1454503 0.2070221 0.8954503
v 0.1454503 0.2070221 0.8545497
v 0.1505698 0.1832004 0.9005697
v 0.1505698 0.1832004 0.8494303
v 0.1630000 0.1630000 0.9130000
v 0.1630000 0.1630000 0.8370000
v 0.1050000 0.2500000 0.8550000
v 0.1045497 0.2070221 0.8545497
v 0.1045497 0.2070221 0.8954503
v 0.1050000 0.2500000 0.8950000
v 0.0994303 0.1832004 0.8494303
v 0.0994303 0.1832004 0.9005697
v 0.0870000 0.1630000 0.8370000
v 0.0870000 0.1630000 0.9130000
v 0.1050000 0.2500000 0.8950000
v 0.1045497 0.2070221 0.8954503
v 0.1454503 0.2070221 0.8954503
v 0.1450000 0.2500000 0.8950000
v 0.0994303 0.1832004 0.9005697
v 0.1505698 0.1832004 0.9005697
v 0.1050000 0.2500000 0.8550000
v 0.1450000 0.2500000 0.8550000
v 0.1454503 0.2070221 0.8545497
v 0.1045497 0.2070221 0.8545497
v 0.1505698 0.1832004 0.8494303
v 0.0994303 0.1832004 0.8494303
v 0.1630000 0.0870000 0.8370000
v 0.0870000 0.0870000 0.8370000
v 0.0870000 0.0870000 0.9130000
v 0.1630000 0.0870000 0.9130000
v 0.1450000 0.0000000 0.8550000
v 0.1450000 0.0000000 0.8950000
v 0.1050000 0.0000000 0.8950000
v 0.1050000 0.0000000 0.8550000
v 0.1630000 0.0870000 0.8370000
v 0.1630000 0.0870000 0.9130000
v 0.1505678 0.0667941 0.9005678
v 0.1505678 0.0667941 0.8494322
v 0.1454497 0.0429721 0.8954497
v 0.1454497 0.0429721 0.8545503
v 0.1450000 0.0000000 0.8950000
v 0.1450000 0.0000000 0.8550000
v 0.0870000 0.0870000 0.8370000
v 0.0994322 0.0667941 0.8494322
v 0.0994322 0.0667941 0.9005678
v 0.0870000 0.0870000 0.9130000
v 0.1045503 0.0429721 0.8545503
v 0.1045503 0.0429721 0.8954497
v 0.1050000 0.0000000 0.8550000
v 0.1050000 0.0000000 0.8950000
v 0.0994322 0.0667941 0.9005678
v 0.1505678 0.0667941 0.9005678
v 0.1045503 0.0429721 0.8954497
v 0.1454497 0.0429721 0.8954497
v 0.1050000 0.0000000 0.8950000
v 0.1450000 0.0000000 0.8950000
v 0.1505678 0.0667941 0.8494322
v 0.0994322 0.0667941 0.8494322
v 0.1454497 0.0429721 0.8545503
v 0.1045503 0.0429721 0.8545503
v 0.1450000 0.0000000 0.8550000
v 0.1050000 0.0000000 0.8550000
v 0.1630000 0.1630000 0.8370000
v 0.1630000 0.0870000 0.8370000
v 0.1630000 0.0870000 0.9130000
v 0.1630000 0.1630000 0.9130000
v 0.2500000 0.1450000 0.8550000
v 0.2500000 0.1450000 0.8950000
v 0.2500000 0.1050000 0.8950000
v 0.2500000 0.1050000 0.8550000
v 0.1832059 0.1505678 0.9005678
v 0.1832059 0.1505678 0.8494322
v 0.2070279 0.1454497 0.8954497
v 0.2070279 0.1454497 0.8545503
v 0.2500000 0.1450000 0.8950000
v 0.2500000 0.1450000 0.8550000
v 0.1832059 0.0994322 0.8494322
v 0.1832059 0.0994322 0.9005678
v 0.2070279 0.1045503 0.8545503
v 0.2070279 0.1045503 0.8954497
v 0.2500000 0.1050000 0.8550000
v 0.2500000 0.1050000 0.8950000
v 0.1832059 0.0994322 0.9005678
v 0.1832059 0.1505678 0.9005678
v 0.2070279 0.1045503 0.8954497
v 0.2070279 0.1454497 0.8954497
v 0.2500000 0.1050000 0.8950000
v 0.2500000 0.1450000 0.8950000
v 0.1832059 0.1505678 0.8494322
v 0.1832059 0.0994322 0.8494322
v 0.2070279 0.1454497 0.8545503
v 0.2070279 0.1045503 0.8545503
v 0.2500000 0.1450000 0.8550000
v 0.2500000 0.1050000 0.8550000
v 0.0000000 0.1450000 0.8550000
v 0.0000000 0.1050000 0.8550000
v 0.0000000 0.1050000 0.8950000
v 0.0000000 0.1450000 0.8950000
v 0.0870000 0.1630000 0.8370000
v 0.0870000 0.1630000 0.9130000
v 0.0870000 0.0870000 0.9130000
v 0.0870000 0.0870000 0.8370000
v 0.0000000 0.1450000 0.8550000
v 0.0000000 0.1450000 0.8950000
v 0.0429779 0.1454503 0.8954503
v 0.0429779 0.1454503 0.8545497
v 0.0667996 0.1505698 0.9005697
v 0.0667996 0.1505698 0.8494303
v 0.0000000 0.1050000 0.8550000
v 0.0429779 0.1045497 0.8545497
v 0.0429779 0.1045497 0.8954503
v 0.0000000 0.1050000 0.8950000
v 0.0667996 0.0994303 0.8494303
v 0.0667996 0.0994303 0.9005697
v 0.0000000 0.1050000 0.8950000
v 0.0429779 0.1045497 0.8954503
v 0.0429779 0.1454503 0.8954503
v 0.0000000 0.1450000 0.8950000
v 0.0667996 0.0994303 0.9005697
v 0.0667996 0.1505698 0.9005697
v 0.0000000 0.1050000 0.8550000
v 0.0000000 0.1450000 0.8550000
v 0.0429779 0.1454503 0.8545497
v 0.0429779 0.1045497 0.8545497
v 0.0667996 0.1505698 0.8494303
v 0.0667996 0.0994303 0.8494303
v 0.0870000 0.1630000 0.8370000
v 0.0870000 0.0870000 0.8370000
v 0.0870000 0.0870000 0.9130000
v 0.0870000 0.1630000 0.9130000
v 0.1630000 0.1630000 0.8370000
v 0.1630000 0.1630000 0.9130000
v 0.1630000 0.0870000 0.9130000
v 0.1630000 0.0870000 0.8370000
v 0.0870000 0.1630000 0.8370000
v 0.0870000 0.1630000 0.9130000
v 0.1630000 0.1630000 0.9130000
v 0.1630000 0.1630000 0.8370000
v 0.0870000 0.0870000 0.8370000
v 0.1630000 0.0870000 0.8370000
v 0.1630000 0.0870000 0.9130000
v 0.0870000 0.0870000 0.9130000
v 0.0870000 0.0870000 0.9130000
v 0.1630000 0.0870000 0.9130000
v 0.1630000 0.1630000 0.9130000
v 0.0870000 0.1630000 0.9130000
v 0.0870000 0.0870000 0.8370000
v 0.0870000 0.1630000 0.8370000
v 0.1630000 0.1630000 0.8370000
v 0.1630000 0.0870000 0.8370000
v 0.4130000 0.0870000 0.9130000
v 0.3370000 0.0870000 0.9130000
v 0.3370000 0.1630000 0.9130000
v 0.4130000 0.1630000 0.9130000
v 0.3950000 0.1050000 1.0000000
v 0.3950000 0.1450000 1.0000000
v 0.3550000 0.1450000 1.0000000
v 0.3550000 0.1050000 1.0000000
v 0.4130000 0.0870000 0.9130000
v 0.4130000 0.1630000 0.9130000
v 0.4005677 0.1505678 0.9332058
v 0.4005677 0.0994322 0.9332058
v 0.3954497 0.1454497 0.9570279
v 0.3954497 0.1045503 0.9570279
v 0.3950000 0.1450000 1.0000000
v 0.3950000 0.1050000 1.0000000
v 0.3370000 0.0870000 0.9130000
v 0.3494323 0.0994322 0.9332058
v 0.3494323 0.1505678 0.9332058
v 0.3370000 0.1630000 0.9130000
v 0.3545503 0.1045503 0.9570279
v 0.3545503 0.1454497 0.9570279
v 0.3550000 0.1050000 1.0000000
v 0.3550000 0.1450000 1.0000000
v 0.3370000 0.1630000 0.9130000
v 0.3494323 0.1505678 0.9332058
v 0.4005677 0.1505678 0.9332058
v 0.4130000 0.1630000 0.9130000
v 0.3545503 0.1454497 0.9570279
v 0.3954497 0.1454497 0.9570279
v 0.3550000 0.1450000 1.0000000
v 0.3950000 0.1450000 1.0000000
v 0.3370000 0.0870000 0.9130000
v 0.4130000 0.0870000 0.9130000
v 0.4005677 0.0994322 0.9332058
v 0.3494323 0.0994322 0.9332058
v 0.3954497 0.1045503 0.9570279
v 0.3545503 0.1045503 0.9570279
v 0.3950000 0.1050000 1.0000000
v 0.3550000 0.1050000 1.0000000
v 0.3950000 0.1050000 0.7500000
v 0.3550000 0.1050000 0.7500000
v 0.3550000 0.1450000 0.7500000
v 0.3950000 0.1450000 0.7500000
v 0.4130000 0.0870000 0.8370000
v 0.4130000 0.1630000 0.8370000
v 0.3370000 0.1630000 0.8370000
v 0.3370000 0.0870000 0.8370000
v 0.3950000 0.1050000 0.7500000
v 0.3950000 0.1450000 0.7500000
v 0.3954503 0.1454503 0.7929779
v 0.3954503 0.1045497 0.7929779
v 0.4005697 0.1505698 0.8167996
v 0.4005697 0.0994303 0.8167996
v 0.4130000 0.1630000 0.8370000
v 0.4130000 0.0870000 0.8370000
v 0.3550000 0.1050000 0.7500000
v 0.3545497 0.1045497 0.7929779
v 0.3545497 0.1454503 0.7929779
v 0.3550000 0.1450000 0.7500000
v 0.3494303 0.0994303 0.8167996
v 0.3494303 0.1505698 0.8167996
v 0.3370000 0.0870000 0.8370000
v 0.3370000 0.1630000 0.8370000
v 0.3550000 0.1450000 0.7500000
v 0.3545497 0.1454503 0.7929779
v 0.3954503 0.1454503 0.7929779
v 0.3950000 0.1450000 0.7500000
v 0.3494303 0.1505698 0.8167996
v 0.4005697 0.1505698 0.8167996
v 0.3370000 0.1630000 0.8370000
v 0.4130000 0.1630000 0.8370000
v 0.3550000 0.1050000 0.7500000
v 0.3950000 0.1050000 0.7500000
v 0.3954503 0.1045497 0.7929779
v 0.3545497 0.1045497 0.7929779
v 0.4005697 0.0994303 0.8167996
v 0.3494303 0.0994303 0.8167996
v 0.4130000 0.0870000 0.8370000
v 0.3370000 0.0870000 0.8370000
v 0.3950000 0.2500000 0.8550000
v 0.3550000 0.2500000 0.8550000
v 0.3550000 0.2500000 0.8950000
v 0.3950000 0.2500000 0.8950000
v 0.4130000 0.1630000 0.8370000
v 0.4130000 0.1630000 0.9130000
v 0.3370000 0.1630000 0.9130000
v 0.3370000 0.1630000 0.8370000
v 0.3950000 0.2500000 0.8550000
v 0.3950000 0.2500000 0.8950000
v 0.3954503 0.2070221 0.8954503
v 0.3954503 0.2070221 0.8545497
v 0.4005697 0.1832004 0.9005697
v 0.4005697 0.1832004 0.8494303
v 0.4130000 0.1630000 0.9130000
v 0.4130000 0.1630000 0.8370000
v 0.3550000 0.2500000 0.8550000
v 0.3545497 0.2070221 0.8545497
v 0.3545497 0.2070221 0.8954503
v 0.3550000 0.2500000 0.8950000
v 0.3494303 0.1832004 0.8494303
v 0.3494303 0.1832004 0.9005697
v 0.3370000 0.1630000 0.8370000
v 0.3370000 0.1630000 0.9130000
v 0.3550000 0.2500000 0.8950000
v 0.3545497 0.2070221 0.8954503
v 0.3954503 0.2070221 0.8954503
v 0.3950000 0.2500000 0.8950000
v 0.3494303 0.1832004 0.9005697
v 0.4005697 0.1832004 0.9005697
v 0.3550000 0.2500000 0.8550000
v 0.3950000 0.2500000 0.8550000
v 0.3954503 0.2070221 0.8545497
v 0.3545497 0.2070221 0.8545497
v 0.4005697 0.1832004 0.8494303
v 0.3494303 0.1832004 0.8494303
v 0.4130000 0.0870000 0.8370000
v 0.3370000 0.0870000 0.8370000
v 0.3370000 0.0870000 0.9130000
v 0.4130000 0.0870000 0.9130000
v 0.3950000 0.0000000 0.8550000
v 0.3950000 0.0000000 0.8950000
v 0.3550000 0.0000000 0.8950000
v 0.3550000 0.0000000 0.8550000
v 0.4130000 0.0870000 0.8370000
v 0.4130000 0.0870000 0.9130000
v 0.4005677 0.0667941 0.9005678
v 0.4005677 0.0667941 0.8494322
v 0.3954497 0.0429721 0.8954497
v 0.3954497 0.0429721 0.8545503
v 0.3950000 0.0000000 0.8950000
v 0.3950000 0.0000000 0.8550000
v 0.3370000 0.0870000 0.8370000
v 0.3494323 0.0667941 0.8494322
v 0.3494323 0.0667941 0.9005678
v 0.3370000 0.0870000 0.9130000
v 0.3545503 0.0429721 0.8545503
v 0.3545503 0.0429721 0.8954497
v 0.3550000 0.0000000 0.8550000
v 0.3550000 0.0000000 0.8950000
v 0.3494323 0.0667941 0.9005678
v 0.4005677 0.0667941 0.9005678
v 0.3545503 0.0429721 0.8954497
v 0.3954497 0.0429721 0.8954497
v 0.3550000 0.0000000 0.8950000
v 0.3950000 0.0000000 0.8950000
v 0.4005677 0.0667941 0.8494322
v 0.3494323 0.0667941 0.8494322
v 0.3954497 0.0429721 0.8545503
v 0.3545503 0.0429721 0.8545503
v 0.3950000 0.0000000 0.8550000
v 0.3550000 0.0000000 0.8550000
v 0.4130000 0.1630000 0.8370000
v 0.4130000 0.0870000 0.8370000
v 0.4130000 0.0870000 0.9130000
v 0.4130000 0.1630000 0.9130000
v 0.5000000 0.1450000 0.8550000
v 0.5000000 0.1450000 0.8950000
v 0.5000000 0.1050000 0.8950000
v 0.5000000 0.1050000 0.8550000
v 0.4332058 0.1505678 0.9005678
v 0.4332058 0.1505678 0.8494322
v 0.4570279 0.1454497 0.8954497
v 0.4570279 0.1454497 0.8545503
v 0.5000000 0.1450000 0.8950000
v 0.5000000 0.1450000 0.8550000
v 0.4332058 0.0994322 0.8494322
v 0.4332058 0.0994322 0.9005678
v 0.4570279 0.1045503 0.8545503
v 0.4570279 0.1045503 0.8954497
v 0.5000000 0.1050000 0.8550000
v 0.5000000 0.1050000 0.8950000
v 0.4332058 0.0994322 0.9005678
v 0.4332058 0.1505678 0.9005678
v 0.4570279 0.1045503 0.8954497
v 0.4570279 0.1454497 0.8954497
v 0.5000000 0.1050000 0.8950000
v 0.5000000 0.1450000 0.8950000
v 0.4332058 0.1505678 0.8494322
v 0.4332058 0.0994322 0.8494322
v 0.4570279 0.1454497 0.8545503
v 0.4570279 0.1045503 0.8545503
v 0.5000000 0.1450000 0.8550000
v 0.5000000 0.1050000 0.8550000
v 0.2500000 0.1450000 0.8550000
v 0.2500000 0.1050000 0.8550000
v 0.2500000 0.1050000 0.8950000
v 0.2500000 0.1450000 0.8950000
v 0.3370000 0.1630000 0.8370000
v 0.3370000 0.1630000 0.9130000
v 0.3370000 0.0870000 0.9130000
v 0.3370000 0.0870000 0.8370000
v 0.2500000 0.1450000 0.8550000
v 0.2500000 0.1450000 0.8950000
v 0.2929779 0.1454503 0.8954503
v 0.2929779 0.1454503 0.8545497
v 0.3167996 0.1505698 0.9005697
v 0.3167996 0.1505698 0.8494303
v 0.2500000 0.1050000 0.8550000
v 0.2929779 0.1045497 0.8545497
v 0.2929779 0.1045497 0.8954503
v 0.2500000 0.1050000 0.8950000
v 0.3167996 0.0994303 0.8494303
v 0.3167996 0.0994303 0.9005697
v 0.2500000 0.1050000 0.8950000
v 0.2929779 0.1045497 0.8954503
v 0.2929779 0.1454503 0.8954503
v 0.2500000 0.1450000 0.8950000
v 0.3167996 0.0994303 0.9005697
v 0.3167996 0.1505698 0.9005697
v 0.2500000 0.1050000 0.8550000
v 0.2500000 0.1450000 0.8550000
v 0.2929779 0.1454503 0.8545497
v 0.2929779 0.1045497 0.8545497
v 0.3167996 0.1505698 0.8494303
v 0.3167996 0.0994303 0.8494303
v 0.3370000 0.1630000 0.8370000
v 0.3370000 0.0870000 0.8370000
v 0.3370000 0.0870000 0.9130000
v 0.3370000 0.1630000 0.9130000
v 0.4130000 0.1630000 0.8370000
v 0.4130000 0.1630000 0.9130000
v 0.4130000 0.0870000 0.9130000
v 0.4130000 0.0870000 0.8370000
v 0.3370000 0.1630000 0.8370000
v 0.3370000 0.1630000 0.9130000
v 0.4130000 0.1630000 0.9130000
v 0.4130000 0.1630000 0.8370000
v 0.3370000 0.0870000 0.8370000
v 0.4130000 0.0870000 0.8370000
v 0.4130000 0.0870000 0.9130000
v 0.3370000 0.0870000 0.9130000
v 0.3370000 0.0870000 0.9130000
v 0.4130000 0.0870000 0.9130000
v 0.4130000 0.1630000 0.9130000
v 0.3370000 0.1630000 0.9130000
v 0.3370000 0.0870000 0.8370000
v 0.3370000 0.1630000 0.8370000
v 0.4130000 0.1630000 0.8370000
v 0.4130000 0.0870000 0.8370000
v 0.6630000 0.0870000 0.9130000
v 0.5870000 0.0870000 0.9130000
v 0.5870000 0.1630000 0.9130000
v 0.6630000 0.1630000 0.9130000
v 0.6450000 0.1050000 1.0000000
v 0.6450000 0.1450000 1.0000000
v 0.6050000 0.1450000 1.0000000
v 0.6050000 0.1050000 1.0000000
v 0.6630000 0.0870000 0.9130000
v 0.6630000 0.1630000 0.9130000
v 0.6505678 0.1505678 0.9332058
v 0.6505678 0.0994322 0.9332058
v 0.6454497 0.1454497 0.9570279
v 0.6454497 0.1045503 0.9570279
v 0.6450000 0.1450000 1.0000000
v 0.6450000 0.1050000 1.0000000
v 0.5870000 0.0870000 0.9130000
v 0.5994322 0.0994322 0.9332058
v 0.5994322 0.1505678 0.9332058
v 0.5870000 0.1630000 0.9130000
v 0.6045503 0.1045503 0.9570279
v 0.6045503 0.1454497 0.9570279
v 0.6050000 0.1050000 1.0000000
v 0.6050000 0.1450000 1.0000000
v 0.5870000 0.1630000 0.9130000
v 0.5994322 0.1505678 0.9332058
v 0.6505678 0.1505678 0.9332058
v 0.6630000 0.1630000 0.9130000
v 0.6045503 0.1454497 0.9570279
v 0.6454497 0.1454497 0.9570279
v 0.6050000 0.1450000 1.0000000
v 0.6450000 0.1450000 1.0000000
v 0.5870000 0.0870000 0.9130000
v 0.6630000 0.0870000 0.9130000
v 0.6505678 0.0994322 0.9332058
v 0.5994322 0.0994322 0.9332058
v 0.6454497 0.1045503 0.9570279
v 0.6045503 0.1045503 0.9570279
v 0.6450000 0.1050000 1.0000000
v 0.6050000 0.1050000 1.0000000
v 0.6450000 0.1050000 0.7500000
v 0.6050000 0.1050000 0.7500000
v 0.6050000 0.1450000 0.7500000
v 0.6450000 0.1450000 0.7500000
v 0.6630000 0.0870000 0.8370000
v 0.6630000 0.1630000 0.8370000
v 0.5870000 0.1630000 0.8370000
v 0.5870000 0.0870000 0.8370000
v 0.6450000 0.1050000 0.7500000
v 0.6450000 0.1450000 0.7500000
v 0.6454503 0.1454503 0.7929779
v 0.6454503 0.1045497 0.7929779
v 0.6505697 0.1505698 0.8167996
v 0.6505697 0.0994303 0.8167996
v 0.6630000 0.1630000 0.8370000
v 0.6630000 0.0870000 0.8370000
v 0.6050000 0.1050000 0.7500000
v 0.6045497 0.1045497 0.7929779
v 0.6045497 0.1454503 0.7929779
v 0.6050000 0.1450000 0.7500000
v 0.5994303 0.0994303 0.8167996
v 0.5994303 0.1505698 0.8167996
v 0.5870000 0.0870000 0.8370000
v 0.5870000 0.1630000 0.8370000
v 0.6050000 0.1450000 0.7500000
v 0.6045497 0.1454503 0.7929779
v 0.6454503 0.1454503 0.7929779
v 0.6450000 0.1450000 0.7500000
v 0.5994303 0.1505698 0.8167996
v 0.6505697 0.1505698 0.8167996
v 0.5870000 0.1630000 0.8370000
v 0.6630000 0.1630000 0.8370000
v 0.6050000 0.1050000 0.7500000
v 0.6450000 0.1050000 0.7500000
v 0.6454503 0.1045497 0.7929779
v 0.6045497 0.1045497 0.7929779
v 0.6505697 0.0994303 0.8167996
v 0.5994303 0.0994303 0.8167996
v 0.6630000 0.0870000 0.8370000
v 0.5870000 0.0870000 0.8370000
v 0.6450000 0.2500000 0.8550000
v 0.6050000 0.2500000 0.8550000
v 0.6050000 0.2500000 0.8950000
v 0.6450000 0.2500000 0.8950000
v 0.6630000 0.1630000 0.8370000
v 0.6630000 0.1630000 0.9130000
v 0.5870000 0.1630000 0.9130000
v 0.5870000 0.1630000 0.8370000
v 0.6450000 0.2500000 0.8550000
v 0.6450000 0.2500000 0.8950000
v 0.6454503 0.2070221 0.8954503
v 0.6454503 0.2070221 0.8545497
v 0.6505697 0.1832004 0.9005697
v 0.6505697 0.1832004 0.8494303
v 0.6630000 0.1630000 0.9130000
v 0.6630000 0.1630000 0.8370000
v 0.6050000 0.2500000 0.8550000
v 0.6045497 0.2070221 0.8545497
v 0.6045497 0.2070221 0.8954503
v 0.6050000 0.2500000 0.8950000
v 0.5994303 0.1832004 0.8494303
v 0.5994303 0.1832004 0.9005697
v 0.5870000 0.1630000 0.8370000
v 0.5870000 0.1630000 0.9130000
v 0.6050000 0.2500000 0.8950000
v 0.6045497 0.2070221 0.8954503
v 0.6454503 0.2070221 0.8954503
v 0.6450000 0.2500000 0.8950000
v 0.5994303 0.1832004 0.9005697
v 0.6505697 0.1832004 0.9005697
v 0.6050000 0.2500000 0.8550000
v 0.6450000 0.2500000 0.8550000
v 0.6454503 0.2070221 0.8545497
v 0.6045497 0.2070221 0.8545497
v 0.6505697 0.1832004 0.8494303
v 0.5994303 0.1832004 0.8494303
v 0.6630000 0.0870000 0.8370000
v 0.5870000 0.0870000 0.8370000
v 0.5870000 0.0870000 0.9130000
v 0.6630000 0.0870000 0.9130000
v 0.6450000 0.0000000 0.8550000
v 0.6450000 0.0000000 0.8950000
v 0.6050000 0.0000000 0.8950000
v 0.6050000 0.0000000 0.8550000
v 0.6630000 0.0870000 0.8370000
v 0.6630000 0.0870000 0.9130000
v 0.6505678 0.0667941 0.9005678
v 0.6505678 0.0667941 0.8494322
v 0.6454497 0.0429721 0.8954497
v 0.6454497 0.0429721 0.8545503
v 0.6450000 0.0000000 0.8950000
v 0.6450000 0.0000000 0.8550000
v 0.5870000 0.0870000 0.8370000
v 0.5994322 0.0667941 0.8494322
v 0.5994322 0.0667941 0.9005678
v 0.5870000 0.0870000 0.9130000
v 0.6045503 0.0429721 0.8545503
v 0.6045503 0.0429721 0.8954497
v 0.6050000 0.0000000 0.8550000
v 0.6050000 0.0000000 0.8950000
v 0.5994322 0.0667941 0.9005678
v 0.6505678 0.0667941 0.9005678
v 0.6045503 0.0429721 0.8954497
v 0.6454497 0.0429721 0.8954497
v 0.6050000 0.0000000 0.8950000
v 0.6450000 0.0000000 0.8950000
v 0.6505678 0.0667941 0.8494322
v 0.5994322 0.0667941 0.8494322
v 0.6454497 0.0429721 0.8545503
v 0.6045503 0.0429721 0.8545503
v 0.6450000 0.0000000 0.8550000
v 0.6050000 0.0000000 0.8550000
v 0.6630000 0.1630000 0.8370000
v 0.6630000 0.0870000 0.8370000
v 0.6630000 0.0870000 0.9130000
v 0.6630000 0.1630000 0.9130000
v 0.7500000 0.1450000 0.8550000
v 0.7500000 0.1450000 0.8950000
v 0.7500000 0.1050000 0.8950000
v 0.7500000 0.1050000 0.8550000
v 0.6832058 0.1505678 0.9005678
v 0.6832058 0.1505678 0.8494322
v 0.7070279 0.1454497 0.8954497
v 0.7070279 0.1454497 0.8545503
v 0.7500000 0.1450000 0.8950000
v 0.7500000 0.1450000 0.8550000
v 0.6832058 0.0994322 0.8494322
v 0.6832058 0.0994322 0.9005678
v 0.7070279 0.1045503 0.8545503
v 0.7070279 0.1045503 0.8954497
v 0.7500000 0.1050000 0.8550000
v 0.7500000 0.1050000 0.8950000
v 0.6832058 0.0994322 0.9005678
v 0.6832058 0.1505678 0.9005678
v 0.7070279 0.1045503 0.8954497
v 0.7070279 0.1454497 0.8954497
v 0.7500000 0.1050000 0.8950000
v 0.7500000 0.1450000 0.8950000
v 0.6832058 0.1505678 0.8494322
v 0.6832058 0.0994322 0.8494322
v 0.7070279 0.1454497 0.8545503
v 0.7070279 0.1045503 0.8545503
v 0.7500000 0.1450000 0.8550000
v 0.7500000 0.1050000 0.8550000
v 0.5000000 0.1450000 0.8550000
v 0.5000000 0.1050000 0.8550000
v 0.5000000 0.1050000 0.8950000
v 0.5000000 0.1450000 0.8950000
v 0.5870000 0.1630000 0.8370000
v 0.5870000 0.1630000 0.9130000
v 0.5870000 0.0870000 0.9130000
v 0.5870000 0.0870000 0.8370000
v 0.5000000 0.1450000 0.8550000
v 0.5000000 0.1450000 0.8950000
v 0.5429779 0.1454503 0.8954503
v 0.5429779 0.1454503 0.8545497
v 0.5667996 0.1505698 0.9005697
v 0.5667996 0.1505698 0.8494303
v 0.5000000 0.1050000 0.8550000
v 0.5429779 0.1045497 0.8545497
v 0.5429779 0.1045497 0.8954503
v 0.5000000 0.1050000 0.8950000
v 0.5667996 0.0994303 0.8494303
v 0.5667996 0.0994303 0.9005697
v 0.5000000 0.1050000 0.8950000
v 0.5429779 0.1045497 0.8954503
v 0.5429779 0.1454503 0.8954503
v 0.5000000 0.1450000 0.8950000
v 0.5667996 0.0994303 0.9005697
v 0.5667996 0.1505698 0.9005697
v 0.5000000 0.1050000 0.8550000
v 0.5000000 0.1450000 0.8550000
v 0.5429779 0.1454503 0.8545497
v 0.5429779 0.1045497 0.8545497
v 0.5667996 0.1505698 0.8494303
v 0.5667996 0.0994303 0.8494303
v 0.5870000 0.1630000 0.8370000
v 0.5870000 0.0870000 0.8370000
v 0.5870000 0.0870000 0.9130000
v 0.5870000 0.1630000 0.9130000
v 0.6630000 0.1630000 0.8370000
v 0.6630000 0.1630000 0.9130000
v 0.6630000 0.0870000 0.9130000
v 0.6630000 0.0870000 0.8370000
v 0.5870000 0.1630000 0.8370000
v 0.5870000 0.1630000 0.9130000
v 0.6630000 0.1630000 0.9130000
v 0.6630000 0.1630000 0.8370000
v 0.5870000 0.0870000 0.8370000
v 0.6630000 0.0870000 0.8370000
v 0.6630000 0.0870000 0.9130000
v 0.5870000 0.0870000 0.9130000
v 0.5870000 0.0870000 0.9130000
v 0.6630000 0.0870000 0.9130000
v 0.6630000 0.1630000 0.9130000
v 0.5870000 0.1630000 0.9130000
v 0.5870000 0.0870000 0.8370000
v 0.5870000 0.1630000 0.8370000
v 0.6630000 0.1630000 0.8370000
v 0.6630000 0.0870000 0.8370000
v 0.9130000 0.0870000 0.9130000
v 0.8370000 0.0870000 0.9130000
v 0.8370000 0.1630000 0.9130000
v 0.9130000 0.1630000 0.9130000
v 0.8950000 0.1050000 1.0000000
v 0.8950000 0.1450000 1.0000000
v 0.8550000 0.1450000 1.0000000
v 0.8550000 0.1050000 1.0000000
v 0.9130000 0.0870000 0.9130000
v 0.9130000 0.1630000 0.9130000
v 0.9005678 0.1505678 0.9332058
v 0.9005678 0.0994322 0.9332058
v 0.8954497 0.1454497 0.9570279
v 0.8954497 0.1045503 0.9570279
v 0.8950000 0.1450000 1.0000000
v 0.8950000 0.1050000 1.0000000
v 0.8370000 0.0870000 0.9130000
v 0.8494322 0.0994322 0.9332058
v 0.8494322 0.1505678 0.9332058
v 0.8370000 0.1630000 0.9130000
v 0.8545503 0.1045503 0.9570279
v 0.8545503 0.1454497 0.9570279
v 0.8550000 0.1050000 1.0000000
v 0.8550000 0.1450000 1.0000000
v 0.8370000 0.1630000 0.9130000
v 0.8494322 0.1505678 0.9332058
v 0.9005678 0.1505678 0.9332058
v 0.9130000 0.1630000 0.9130000
v 0.8545503 0.1454497 0.9570279
v 0.8954497 0.1454497 0.9570279
v 0.8550000 0.1450000 1.0000000
v 0.8950000 0.1450000 1.0000000
v 0.8370000 0.0870000 0.9130000
v 0.9130000 0.0870000 0.9130000
v 0.9005678 0.0994322 0.9332058
v 0.8494322 0.0994322 0.9332058
v 0.8954497 0.1045503 0.9570279
v 0.8545503 0.1045503 0.9570279
v 0.8950000 0.1050000 1.0000000
v 0.8550000 0.1050000 1.0000000
v 0.8950000 0.1050000 0.7500000
v 0.8550000 0.1050000 0.7500000
v 0.8550000 0.1450000 0.7500000
v 0.8950000 0.1450000 0.7500000
v 0.9130000 0.0870000 0.8370000
v 0.9130000 0.1630000 0.8370000
v 0.8370000 0.1630000 0.8370000
v 0.8370000 0.0870000 0.8370000
v 0.8950000 0.1050000 0.7500000
v 0.8950000 0.1450000 0.7500000
v 0.8954503 0.1454503 0.7929779
v 0.8954503 0.1045497 0.7929779
v 0.9005697 0.1505698 0.8167996
v 0.9005697 0.0994303 0.8167996
v 0.9130000 0.1630000 0.8370000
v 0.9130000 0.0870000 0.8370000
v 0.8550000 0.1050000 0.7500000
v 0.8545497 0.1045497 0.7929779
v 0.8545497 0.1454503 0.7929779
v 0.8550000 0.1450000 0.7500000
v 0.8494303 0.0994303 0.8167996
v 0.8494303 0.1505698 0.8167996
v 0.8370000 0.0870000 0.8370000
v 0.8370000 0.1630000 0.8370000
v 0.8550000 0.1450000 0.7500000
v 0.8545497 0.1454503 0.7929779
v 0.8954503 0.1454503 0.7929779
v 0.8950000 0.1450000 0.7500000
v 0.8494303 0.1505698 0.8167996
v 0.9005697 0.1505698 0.8167996
v 0.8370000 0.1630000 0.8370000
v 0.9130000 0.1630000 0.8370000
v 0.8550000 0.1050000 0.7500000
v 0.8950000 0.1050000 0.7500000
v 0.8954503 0.1045497 0.7929779
v 0.8545497 0.1045497 0.7929779
v 0.9005697 0.0994303 0.8167996
v 0.8494303 0.0994303 0.8167996
v 0.9130000 0.0870000 0.8370000
v 0.8370000 0.0870000 0.8370000
v 0.8950000 0.2500000 0.8550000
v 0.8550000 0.2500000 0.8550000
v 0.8550000 0.2500000 0.8950000
v 0.8950000 0.2500000 0.8950000
v 0.9130000 0.1630000 0.8370000
v 0.9130000 0.1630000 0.9130000
v 0.8370000 0.1630000 0.9130000
v 0.8370000 0.1630000 0.8370000
v 0.8950000 0.2500000 0.8550000
v 0.8950000 0.2500000 0.8950000
v 0.8954503 0.2070221 0.8954503
v 0.8954503 0.2070221 0.8545497
v 0.9005697 0.1832004 0.9005697
v 0.9005697 0.1832004 0.8494303
v 0.9130000 0.1630000 0.9130000
v 0.9130000 0.1630000 0.8370000
v 0.8550000 0.2500000 0.8550000
v 0.8545497 0.2070221 0.8545497
v 0.8545497 0.2070221 0.8954503
v 0.8550000 0.2500000 0.8950000
v 0.8494303 0.1832004 0.8494303
v 0.8494303 0.1832004 0.9005697
v 0.8370000 0.1630000 0.8370000
v 0.8370000 0.1630000 0.9130000
v 0.8550000 0.2500000 0.8950000
v 0.8545497 0.2070221 0.8954503
v 0.8954503 0.2070221 0.8954503
v 0.8950000 0.2500000 0.8950000
v 0.8494303 0.1832004 0.9005697
v 0.9005697 0.1832004 0.9005697
v 0.8550000 0.2500000 0.8550000
v 0.8950000 0.2500000 0.8550000
v 0.8954503 0.2070221 0.8545497
v 0.8545497 0.2070221 0.8545497
v 0.9005697 0.1832004 0.8494303
v 0.8494303 0.1832004 0.8494303
v 0.9130000 0.0870000 0.8370000
v 0.8370000 0.0870000 0.8370000
v 0.8370000 0.0870000 0.9130000
v 0.9130000 0.0870000 0.9130000
v 0.8950000 0.0000000 0.8550000
v 0.8950000 0.0000000 0.8950000
v 0.8550000 0.0000000 0.8950000
v 0.8550000 0.0000000 0.8550000
v 0.9130000 0.0870000 0.8370000
v 0.9130000 0.0870000 0.9130000
v 0.9005678 0.0667941 0.9005678
v 0.9005678 0.0667941 0.8494322
v 0.8954497 0.0429721 0.8954497
v 0.8954497 0.0429721 0.8545503
v 0.8950000 0.0000000 0.8950000
v 0.8950000 0.0000000 0.8550000
v 0.8370000 0.0870000 0.8370000
v 0.8494322 0.0667941 0.8494322
v 0.8494322 0.0667941 0.9005678
v 0.8370000 0.0870000 0.9130000
v 0.8545503 0.0429721 0.8545503
v 0.8545503 0.0429721 0.8954497
v 0.8550000 0.0000000 0.8550000
v 0.8550000 0.0000000 0.8950000
v 0.8494322 0.0667941 0.9005678
v 0.9005678 0.0667941 0.9005678
v 0.8545503 0.0429721 0.8954497
v 0.8954497 0.0429721 0.8954497
v 0.8550000 0.0000000 0.8950000
v 0.8950000 0.0000000 0.8950000
v 0.9005678 0.0667941 0.8494322
v 0.8494322 0.0667941 0.8494322
v 0.8954497 0.0429721 0.8545503
v 0.8545503 0.0429721 0.8545503
v 0.8950000 0.0000000 0.8550000
v 0.8550000 0.0000000 0.8550000
v 0.9130000 0.1630000 0.8370000
v 0.9130000 0.0870000 0.8370000
v 0.9130000 0.0870000 0.9130000
v 0.9130000 0.1630000 0.9130000
v 1.0000000 0.1450000 0.8550000
v 1.0000000 0.1450000 0.8950000
v 1.0000000 0.1050000 0.8950000
v 1.0000000 0.1050000 0.8550000
v 0.9332058 0.1505678 0.9005678
v 0.9332058 0.1505678 0.8494322
v 0.9570279 0.1454497 0.8954497
v 0.9570279 0.1454497 0.8545503
v 1.0000000 0.1450000 0.8950000
v 1.0000000 0.1450000 0.8550000
v 0.9332058 0.0994322 0.8494322
v 0.9332058 0.0994322 0.9005678
v 0.9570279 0.1045503 0.8545503
v 0.9570279 0.1045503 0.8954497
v 1.0000000 0.1050000 0.8550000
v 1.0000000 0.1050000 0.8950000
v 0.9332058 0.0994322 0.9005678
v 0.9332058 0.1505678 0.9005678
v 0.9570279 0.1045503 0.8954497
v 0.9570279 0.1454497 0.8954497
v 1.0000000 0.1050000 0.8950000
v 1.0000000 0.1450000 0.8950000
v 0.9332058 0.1505678 0.8494322
v 0.9332058 0.0994322 0.8494322
v 0.9570279 0.1454497 0.8545503
v 0.9570279 0.1045503 0.8545503
v 1.0000000 0.1450000 0.8550000
v 1.0000000 0.1050000 0.8550000
v 0.7500000 0.1450000 0.8550000
v 0.7500000 0.1050000 0.8550000
v 0.7500000 0.1050000 0.8950000
v 0.7500000 0.1450000 0.8950000
v 0.8370000 0.1630000 0.8370000
v 0.8370000 0.1630000 0.9130000
v 0.8370000 0.0870000 0.9130000
v 0.8370000 0.0870000 0.8370000
v 0.7500000 0.1450000 0.8550000
v 0.7500000 0.1450000 0.8950000
v 0.7929779 0.1454503 0.8954503
v 0.7929779 0.1454503 0.8545497
v 0.8167996 0.1505698 0.9005697
v 0.8167996 0.1505698 0.8494303
v 0.7500000 0.1050000 0.8550000
v 0.7929779 0.1045497 0.8545497
v 0.7929779 0.1045497 0.8954503
v 0.7500000 0.1050000 0.8950000
v 0.8167996 0.0994303 0.8494303
v 0.8167996 0.0994303 0.9005697
v 0.7500000 0.1050000 0.8950000
v 0.7929779 0.1045497 0.8954503
v 0.7929779 0.1454503 0.8954503
v 0.7500000 0.1450000 0.8950000
v 0.8167996 0.0994303 0.9005697
v 0.8167996 0.1505698 0.9005697
v 0.7500000 0.1050000 0.8550000
v 0.7500000 0.1450000 0.8550000
v 0.7929779 0.1454503 0.8545497
v 0.7929779 0.1045497 0.8545497
v 0.8167996 0.1505698 0.8494303
v 0.8167996 0.0994303 0.8494303
v 0.8370000 0.1630000 0.8370000
v 0.8370000 0.0870000 0.8370000
v 0.8370000 0.0870000 0.9130000
v 0.8370000 0.1630000 0.9130000
v 0.9130000 0.1630000 0.8370000
v 0.9130000 0.1630000 0.9130000
v 0.9130000 0.0870000 0.9130000
v 0.9130000 0.0870000 0.8370000
v 0.8370000 0.1630000 0.8370000
v 0.8370000 0.1630000 0.9130000
v 0.9130000 0.1630000 0.9130000
v 0.9130000 0.1630000 0.8370000
v 0.8370000 0.0870000 0.8370000
v 0.9130000 0.0870000 0.8370000
v 0.9130000 0.0870000 0.9130000
v 0.8370000 0.0870000 0.9130000
v 0.8370000 0.0870000 0.9130000
v 0.9130000 0.0870000 0.9130000
v 0.9130000 0.1630000 0.9130000
v 0.8370000 0.1630000 0.9130000
v 0.8370000 0.0870000 0.8370000
v 0.8370000 0.1630000 0.8370000
v 0.9130000 0.1630000 0.8370000
v 0.9130000 0.0870000 0.8370000
v 0.1630000 0.3370000 0.9130000
v 0.0870000 0.3370000 0.9130000
v 0.0870000 0.4130000 0.9130000
v 0.1630000 0.4130000 0.9130000
v 0.1450000 0.3550000 1.0000000
v 0.1450000 0.3950000 1.0000000
v 0.1050000 0.3950000 1.0000000
v 0.1050000 0.3550000 1.0000000
v 0.1630000 0.3370000 0.9130000
v 0.1630000 0.4130000 0.9130000
v 0.1505678 0.4005677 0.9332058
v 0.1505678 0.3494323 0.9332058
v 0.1454497 0.3954497 0.9570279
v 0.1454497 0.3545503 0.9570279
v 0.1450000 0.3950000 1.0000000
v 0.1450000 0.3550000 1.0000000
v 0.0870000 0.3370000 0.9130000
v 0.0994322 0.3494323 0.9332058
v 0.0994322 0.4005677 0.9332058
v 0.0870000 0.4130000 0.9130000
v 0.1045503 0.3545503 0.9570279
v 0.1045503 0.3954497 0.9570279
v 0.1050000 0.3550000 1.0000000
v 0.1050000 0.3950000 1.0000000
v 0.0870000 0.4130000 0.9130000
v 0.0994322 0.4005677 0.9332058
v 0.1505678 0.4005677 0.9332058
v 0.1630000 0.4130000 0.9130000
v 0.1045503 0.3954497 0.9570279
v 0.1454497 0.3954497 0.9570279
v 0.1050000 0.3950000 1.0000000
v 0.1450000 0.3950000 1.0000000
v 0.0870000 0.3370000 0.9130000
v 0.1630000 0.3370000 0.9130000
v 0.1505678 0.3494323 0.9332058
v 0.0994322 0.3494323 0.9332058
v 0.1454497 0.3545503 0.9570279
v 0.1045503 0.3545503 0.9570279
v 0.1450000 0.3550000 1.0000000
v 0.1050000 0.3550000 1.0000000
v 0.1450000 0.3550000 0.7500000
v 0.1050000 0.3550000 0.7500000
v 0.1050000 0.3950000 0.7500000
v 0.1450000 0.3950000 0.7500000
v 0.1630000 0.3370000 0.8370000
v 0.1630000 0.4130000 0.8370000
v 0.0870000 0.4130000 0.8370000
v 0.0870000 0.3370000 0.8370000
v 0.1450000 0.3550000 0.7500000
v 0.1450000 0.3950000 0.7500000
v 0.1454503 0.3954503 0.7929779
v 0.1454503 0.3545497 0.7929779
v 0.1505698 0.4005697 0.8167996
v 0.1505698 0.3494303 0.8167996
v 0.1630000 0.4130000 0.8370000
v 0.1630000 0.3370000 0.8370000
v 0.1050000 0.3550000 0.7500000
v 0.1045497 0.3545497 0.7929779
v 0.1045497 0.3954503 0.7929779
v 0.1050000 0.3950000 0.7500000
v 0.0994303 0.3494303 0.8167996
v 0.0994303 0.4005697 0.8167996
v 0.0870000 0.3370000 0.8370000
v 0.0870000 0.4130000 0.8370000
v 0.1050000 0.3950000 0.7500000
v 0.1045497 0.3954503 0.7929779
v 0.1454503 0.3954503 0.7929779
v 0.1450000 0.3950000 0.7500000
v 0.0994303 0.4005697 0.8167996
v 0.1505698 0.4005697 0.8167996
v 0.0870000 0.4130000 0.8370000
v 0.1630000 0.4130000 0.8370000
v 0.1050000 0.3550000 0.7500000
v 0.1450000 0.3550000 0.7500000
v 0.1454503 0.3545497 0.7929779
v 0.1045497 0.3545497 0.7929779
v 0.1505698 0.3494303 0.8167996
v 0.0994303 0.3494303 0.8167996
v 0.1630000 0.3370000 0.8370000
v 0.0870000 0.3370000 0.8370000
v 0.1450000 0.5000000 0.8550000
v 0.1050000 0.5000000 0.8550000
v 0.1050000 0.5000000 0.8950000
v 0.1450000 0.5000000 0.8950000
v 0.1630000 0.4130000 0.8370000
v 0.1630000 0.4130000 0.9130000
v 0.0870000 0.4130000 0.9130000
v 0.0870000 0.4130000 0.8370000
v 0.1450000 0.5000000 0.8550000
v 0.1450000 0.5000000 0.8950000
v 0.1454503 0.4570221 0.8954503
v 0.1454503 0.4570221 0.8545497
v 0.1505698 0.4332004 0.9005697
v 0.1505698 0.4332004 0.8494303
v 0.1630000 0.4130000 0.9130000
v 0.1630000 0.4130000 0.8370000
v 0.1050000 0.5000000 0.8550000
v 0.1045497 0.4570221 0.8545497
v 0.1045497 0.4570221 0.8954503
v 0.1050000 0.5000000 0.8950000
v 0.0994303 0.4332004 0.8494303
v 0.0994303 0.4332004 0.9005697
v 0.0870000 0.4130000 0.8370000
v 0.0870000 0.4130000 0.9130000
v 0.1050000 0.5000000 0.8950000
v 0.1045497 0.4570221 0.8954503
v 0.1454503 0.4570221 0.8954503
v 0.1450000 0.5000000 0.8950000
v 0.0994303 0.4332004 0.9005697
v 0.1505698 0.4332004 0.9005697
v 0.1050000 0.5000000 0.8550000
v 0.1450000 0.5000000 0.8550000
v 0.1454503 0.4570221 0.8545497
v 0.1045497 0.4570221 0.8545497
v 0.1505698 0.4332004 0.8494303
v 0.0994303 0.4332004 0.8494303
v 0.1630000 0.3370000 0.8370000
v 0.0870000 0.3370000 0.8370000
v 0.0870000 0.3370000 0.9130000
v 0.1630000 0.3370000 0.9130000
v 0.1450000 0.2500000 0.8550000
v 0.1450000 0.2500000 0.8950000
v 0.1050000 0.2500000 0.8950000
v 0.1050000 0.2500000 0.8550000
v 0.1630000 0.3370000 0.8370000
v 0.1630000 0.3370000 0.9130000
v 0.1505678 0.3167942 0.9005678
v 0.1505678 0.3167942 0.8494322
v 0.1454497 0.2929721 0.8954497
v 0.1454497 0.2929721 0.8545503
v 0.1450000 0.2500000 0.8950000
v 0.1450000 0.2500000 0.8550000
v 0.0870000 0.3370000 0.8370000
v 0.0994322 0.3167942 0.8494322
v 0.0994322 0.3167942 0.9005678
v 0.0870000 0.3370000 0.9130000
v 0.1045503 0.2929721 0.8545503
v 0.1045503 0.2929721 0.8954497
v 0.1050000 0.2500000 0.8550000
v 0.1050000 0.2500000 0.8950000
v 0.0994322 0.3167942 0.9005678
v 0.1505678 0.3167942 0.9005678
v 0.1045503 0.2929721 0.8954497
v 0.1454497 0.2929721 0.8954497
v 0.1050000 0.2500000 0.8950000
v 0.1450000 0.2500000 0.8950000
v 0.1505678 0.3167942 0.8494322
v 0.0994322 0.3167942 0.8494322
v 0.1454497 0.2929721 0.8545503
v 0.1045503 0.2929721 0.8545503
v 0.1450000 0.2500000 0.8550000
v 0.1050000 0.2500000 0.8550000
v 0.1630000 0.4130000 0.8370000
v 0.1630000 0.3370000 0.8370000
v 0.1630000 0.3370000 0.9130000
v 0.1630000 0.4130000 0.9130000
v 0.2500000 0.3950000 0.8550000
v 0.2500000 0.3950000 0.8950000
v 0.2500000 0.3550000 0.8950000
v 0.2500000 0.3550000 0.8550000
v 0.1832059 0.4005677 0.9005678
v 0.1832059 0.4005677 0.8494322
v 0.2070279 0.3954497 0.8954497
v 0.2070279 0.3954497 0.8545503
v 0.2500000 0.3950000 0.8950000
v 0.2500000 0.3950000 0.8550000
v 0.1832059 0.3494323 0.8494322
v 0.1832059 0.3494323 0.9005678
v 0.2070279 0.3545503 0.8545503
v 0.2070279 0.3545503 0.8954497
v 0.2500000 0.3550000 0.8550000
v 0.2500000 0.3550000 0.8950000
v 0.1832059 0.3494323 0.9005678
v 0.1832059 0.4005677 0.9005678
v 0.2070279 0.3545503 0.8954497
v 0.2070279 0.3954497 0.8954497
v 0.2500000 0.3550000 0.8950000
v 0.2500000 0.3950000 0.8950000
v 0.1832059 0.4005677 0.8494322
v 0.1832059 0.3494323 0.8494322
v 0.2070279 0.3954497 0.8545503
v 0.2070279 0.3545503 0.8545503
v 0.2500000 0.3950000 0.8550000
v 0.2500000 0.3550000 0.8550000
v 0.0000000 0.3950000 0.8550000
v 0.0000000 0.3550000 0.8550000
v 0.0000000 0.3550000 0.8950000
v 0.0000000 0.3950000 0.8950000
v 0.0870000 0.4130000 0.8370000
v 0.0870000 0.4130000 0.9130000
v 0.0870000 0.3370000 0.9130000
v 0.0870000 0.3370000 0.8370000
v 0.0000000 0.3950000 0.8550000
v 0.0000000 0.3950000 0.8950000
v 0.0429779 0.3954503 0.8954503
v 0.0429779 0.3954503 0.8545497
v 0.0667996 0.4005697 0.9005697
v 0.0667996 0.4005697 0.8494303
v 0.0000000 0.3550000 0.8550000
v 0.0429779 0.3545497 0.8545497
v 0.0429779 0.3545497 0.8954503
v 0.0000000 0.3550000 0.8950000
v 0.0667996 0.3494303 0.8494303
v 0.0667996 0.3494303 0.9005697
v 0.0000000 0.3550000 0.8950000
v 0.0429779 0.3545497 0.8954503
v 0.0429779 0.3954503 0.8954503
v 0.0000000 0.3950000 0.8950000
v 0.0667996 0.3494303 0.9005697
v 0.0667996 0.4005697 0.9005697
v 0.0000000 0.3550000 0.8550000
v 0.0000000 0.3950000 0.8550000
v 0.0429779 0.3954503 0.8545497
v 0.0429779 0.3545497 0.8545497
v 0.0667996 0.4005697 0.8494303
v 0.0667996 0.3494303 0.8494303
v 0.0870000 0.4130000 0.8370000
v 0.0870000 0.3370000 0.8370000
v 0.0870000 0.3370000 0.9130000
v 0.0870000 0.4130000 0.9130000
v 0.1630000 0.4130000 0.8370000
v 0.1630000 0.4130000 0.9130000
v 0.1630000 0.3370000 0.9130000
v 0.1630000 0.3370000 0.8370000
v 0.0870000 0.4130000 0.8370000
v 0.0870000 0.4130000 0.9130000
v 0.1630000 0.4130000 0.9130000
v 0.1630000 0.4130000 0.8370000
v 0.0870000 0.3370000 0.8370000
v 0.1630000 0.3370000 0.8370000
v 0.1630000 0.3370000 0.9130000
v 0.0870000 0.3370000 0.9130000
v 0.0870000 0.3370000 0.9130000
v 0.1630000 0.3370000 0.9130000
v 0.1630000 0.4130000 0.9130000
v 0.0870000 0.4130000 0.9130000
v 0.0870000 0.3370000 0.8370000
v 0.0870000 0.4130000 0.8370000
v 0.1630000 0.4130000 0.8370000
v 0.1630000 0.3370000 0.8370000
v 0.4130000 0.3370000 0.9130000
v 0.3370000 0.3370000 0.9130000
v 0.3370000 0.4130000 0.9130000
v 0.4130000 0.4130000 0.9130000
v 0.3950000 0.3550000 1.0000000
v 0.3950000 0.3950000 1.0000000
v 0.3550000 0.3950000 1.0000000
v 0.3550000 0.3550000 1.0000000
v 0.4130000 0.3370000 0.9130000
v 0.4130000 0.4130000 0.9130000
v 0.4005677 0.4005677 0.9332058
v 0.4005677 0.3494323 0.9332058
v 0.3954497 0.3954497 0.9570279
v 0.3954497 0.3545503 0.9570279
v 0.3950000 0.3950000 1.0000000
v 0.3950000 0.3550000 1.0000000
v 0.3370000 0.3370000 0.9130000
v 0.3494323 0.3494323 0.9332058
v 0.3494323 0.4005677 0.9332058
v 0.3370000 0.4130000 0.9130000
v 0.3545503 0.3545503 0.9570279
v 0.3545503 0.3954497 0.9570279
v 0.3550000 0.3550000 1.0000000
v 0.3550000 0.3950000 1.0000000
v 0.3370000 0.4130000 0.9130000
v 0.3494323 0.4005677 0.9332058
v 0.4005677 0.4005677 0.9332058
v 0.4130000 0.4130000 0.9130000
v 0.3545503 0.3954497 0.9570279
v 0.3954497 0.3954497 0.9570279
v 0.3550000 0.3950000 1.0000000
v 0.3950000 0.3950000 1.0000000
v 0.3370000 0.3370000 0.9130000
v 0.4130000 0.3370000 0.9130000
v 0.4005677 0.3494323 0.9332058
v 0.3494323 0.3494323 0.9332058
v 0.3954497 0.3545503 0.9570279
v 0.3545503 0.3545503 0.9570279
v 0.3950000 0.3550000 1.0000000
v 0.3550000 0.3550000 1.0000000
v 0.3950000 0.3550000 0.7500000
v 0.3550000 0.3550000 0.7500000
v 0.3550000 0.3950000 0.7500000
v 0.3950000 0.3950000 0.7500000
v 0.4130000 0.3370000 0.8370000
v 0.4130000 0.4130000 0.8370000
v 0.3370000 0.4130000 0.8370000
v 0.3370000 0.3370000 0.8370000
v 0.3950000 0.3550000 0.7500000
v 0.3950000 0.3950000 0.7500000
v 0.3954503 0.3954503 0.7929779
v 0.3954503 0.3545497 0.7929779
v 0.4005697 0.4005697 0.8167996
v 0.4005697 0.3494303 0.8167996
v 0.4130000 0.4130000 0.8370000
v 0.4130000 0.3370000 0.8370000
v 0.3550000 0.3550000 0.7500000
v 0.3545497 0.3545497 0.7929779
v 0.3545497 0.3954503 0.7929779
v 0.3550000 0.3950000 0.7500000
v 0.3494303 0.3494303 0.8167996
v 0.3494303 0.4005697 0.8167996
v 0.3370000 0.3370000 0.8370000
v 0.3370000 0.4130000 0.8370000
v 0.3550000 0.3950000 0.7500000
v 0.3545497 0.3954503 0.7929779
v 0.3954503 0.3954503 0.7929779
v 0.3950000 0.3950000 0.7500000
v 0.3494303 0.4005697 0.8167996
v 0.4005697 0.4005697 0.8167996
v 0.3370000 0.4130000 0.8370000
v 0.4130000 0.4130000 0.8370000
v 0.3550000 0.3550000 0.7500000
v 0.3950000 0.3550000 0.7500000
v 0.3954503 0.3545497 0.7929779
v 0.3545497 0.3545497 0.7929779
v 0.4005697 0.3494303 0.8167996
v 0.3494303 0.3494303 0.8167996
v 0.4130000 0.3370000 0.8370000
v 0.3370000 0.3370000 0.8370000
v 0.3950000 0.5000000 0.8550000
v 0.3550000 0.5000000 0.8550000
v 0.3550000 0.5000000 0.8950000
v 0.3950000 0.5000000 0.8950000
v 0.4130000 0.4130000 0.8370000
v 0.4130000 0.4130000 0.9130000
v 0.3370000 0.4130000 0.9130000
v 0.3370000 0.4130000 0.8370000
v 0.3950000 0.5000000 0.8550000
v 0.3950000 0.5000000 0.8950000
v 0.3954503 0.4570221 0.8954503
v 0.3954503 0.4570221 0.8545497
v 0.4005697 0.4332004 0.9005697
v 0.4005697 0.4332004 0.8494303
v 0.4130000 0.4130000 0.9130000
v 0.4130000 0.4130000 0.8370000
v 0.3550000 0.5000000 0.8550000
v 0.3545497 0.4570221 0.8545497
v 0.3545497 0.4570221 0.8954503
v 0.3550000 0.5000000 0.8950000
v 0.3494303 0.4332004 0.8494303
v 0.3494303 0.4332004 0.9005697
v 0.3370000 0.4130000 0.8370000
v 0.3370000 0.4130000 0.9130000
v 0.3550000 0.5000000 0.8950000
v 0.3545497 0.4570221 0.8954503
v 0.3954503 0.4570221 0.8954503
v 0.3950000 0.5000000 0.8950000
v 0.3494303 0.4332004 0.9005697
v 0.4005697 0.4332004 0.9005697
v 0.3550000 0.5000000 0.8550000
v 0.3950000 0.5000000 0.8550000
v 0.3954503 0.4570221 0.8545497
v 0.3545497 0.4570221 0.8545497
v 0.4005697 0.4332004 0.8494303
v 0.3494303 0.4332004 0.8494303
v 0.4130000 0.3370000 0.8370000
v 0.3370000 0.3370000 0.8370000
v 0.3370000 0.3370000 0.9130000
v 0.4130000 0.3370000 0.9130000
v 0.3950000 0.2500000 0.8550000
v 0.3950000 0.2500000 0.8950000
v 0.3550000 0.2500000 0.8950000
v 0.3550000 0.2500000 0.8550000
v 0.4130000 0.3370000 0.8370000
v 0.4130000 0.3370000 0.9130000
v 0.4005677 0.3167942 0.9005678
v 0.4005677 0.3167942 0.8494322
v 0.3954497 0.2929721 0.8954497
v 0.3954497 0.2929721 0.8545503
v 0.3950000 0.2500000 0.8950000
v 0.3950000 0.2500000 0.8550000
v 0.3370000 0.3370000 0.8370000
v 0.3494323 0.3167942 0.8494322
v 0.3494323 0.3167942 0.9005678
v 0.3370000 0.3370000 0.9130000
v 0.3545503 0.2929721 0.8545503
v 0.3545503 0.2929721 0.8954497
v 0.3550000 0.2500000 0.8550000
v 0.3550000 0.2500000 0.8950000
v 0.3494323 0.3167942 0.9005678
v 0.4005677 0.3167942 0.9005678
v 0.3545503 0.2929721 0.8954497
v 0.3954497 0.2929721 0.8954497
v 0.3550000 0.2500000 0.8950000
v 0.3950000 0.2500000 0.8950000
v 0.4005677 0.3167942 0.8494322
v 0.3494323 0.3167942 0.8494322
v 0.3954497 0.2929721 0.8545503
v 0.3545503 0.2929721 0.8545503
v 0.3950000 0.2500000 0.8550000
v 0.3550000 0.2500000 0.8550000
v 0.4130000 0.4130000 0.8370000
v 0.4130000 0.3370000 0.8370000
v 0.4130000 0.3370000 0.9130000
v 0.4130000 0.4130000 0.9130000
v 0.5000000 0.3950000 0.8550000
v 0.5000000 0.3950000 0.8950000
v 0.5000000 0.3550000 0.8950000
v 0.5000000 0.3550000 0.8550000
v 0.4332058 0.4005677 0.9005678
v 0.4332058 0.4005677 0.8494322
v 0.4570279 0.3954497 0.8954497
v 0.4570279 0.3954497 0.8545503
v 0.5000000 0.3950000 0.8950000
v 0.5000000 0.3950000 0.8550000
v 0.4332058 0.3494323 0.8494322
v 0.4332058 0.3494323 0.9005678
v 0.4570279 0.3545503 0.8545503
v 0.4570279 0.3545503 0.8954497
v 0.5000000 0.3550000 0.8550000
v 0.5000000 0.3550000 0.8950000
v 0.4332058 0.3494323 0.9005678
v 0.4332058 0.4005677 0.9005678
v 0.4570279 0.3545503 0.8954497
v 0.4570279 0.3954497 0.8954497
v 0.5000000 0.3550000 0.8950000
v 0.5000000 0.3950000 0.8950000
v 0.4332058 0.4005677 0.8494322
v 0.4332058 0.3494323 0.8494322
v 0.4570279 0.3954497 0.8545503
v 0.4570279 0.3545503 0.8545503
v 0.5000000 0.3950000 0.8550000
v 0.5000000 0.3550000 0.8550000
v 0.2500000 0.3950000 0.8550000
v 0.2500000 0.3550000 0.8550000
v 0.2500000 0.3550000 0.8950000
v 0.2500000 0.3950000 0.8950000
v 0.3370000 0.4130000 0.8370000
v 0.3370000 0.4130000 0.9130000
v 0.3370000 0.3370000 0.9130000
v 0.3370000 0.3370000 0.8370000
v 0.2500000 0.3950000 0.8550000
v 0.2500000 0.3950000 0.8950000
v 0.2929779 0.3954503 0.8954503
v 0.2929779 0.3954503 0.8545497
v 0.3167996 0.4005697 0.9005697
v 0.3167996 0.4005697 0.8494303
v 0.2500000 0.3550000 0.8550000
v 0.2929779 0.3545497 0.8545497
v 0.2929779 0.3545497 0.8954503
v 0.2500000 0.3550000 0.8950000
v 0.3167996 0.3494303 0.8494303
v 0.3167996 0.3494303 0.9005697
v 0.2500000 0.3550000 0.8950000
v 0.2929779 0.3545497 0.8954503
v 0.2929779 0.3954503 0.8954503
v 0.2500000 0.3950000 0.8950000
v 0.3167996 0.3494303 0.9005697
v 0.3167996 0.4005697 0.9005697
v 0.2500000 0.3550000 0.8550000
v 0.2500000 0.3950000 0.8550000
v 0.2929779 0.3954503 0.8545497
v 0.2929779 0.3545497 0.8545497
v 0.3167996 0.4005697 0.8494303
v 0.3167996 0.3494303 0.8494303
v 0.3370000 0.4130000 0.8370000
v 0.3370000 0.3370000 0.8370000
v 0.3370000 0.3370000 0.9130000
v 0.3370000 0.4130000 0.9130000
v 0.4130000 0.4130000 0.8370000
v 0.4130000 0.4130000 0.9130000
v 0.4130000 0.3370000 0.9130000
v 0.4130000 0.3370000 0.8370000
v 0.3370000 0.4130000 0.8370000
v 0.3370000 0.4130000 0.9130000
v 0.4130000 0.4130000 0.9130000
v 0.4130000 0.4130000 0.8370000
v 0.3370000 0.3370000 0.8370000
v 0.4130000 0.3370000 0.8370000
v 0.4130000 0.3370000 0.9130000
v 0.3370000 0.3370000 0.9130000
v 0.3370000 0.3370000 0.9130000
v 0.4130000 0.3370000 0.9130000
v 0.4130000 0.4130000 0.9130000
v 0.3370000 0.4130000 0.9130000
v 0.3370000 0.3370000 0.8370000
v 0.3370000 0.4130000 0.8370000
v 0.4130000 0.4130000 0.8370000
v 0.4130000 0.3370000 0.8370000
v 0.6630000 0.3370000 0.9130000
v 0.5870000 0.3370000 0.9130000
v 0.5870000 0.4130000 0.9130000
v 0.6630000 0.4130000 0.9130000
v 0.6450000 0.3550000 1.0000000
v 0.6450000 0.3950000 1.0000000
v 0.6050000 0.3950000 1.0000000
v 0.6050000 0.3550000 1.0000000
v 0.6630000 0.3370000 0.9130000
v 0.6630000 0.4130000 0.9130000
v 0.6505678 0.4005677 0.9332058
v 0.6505678 0.3494323 0.9332058
v 0.6454497 0.3954497 0.9570279
v 0.6454497 0.3545503 0.9570279
v 0.6450000 0.3950000 1.0000000
v 0.6450000 0.3550000 1.0000000
v 0.5870000 0.3370000 0.9130000
v 0.5994322 0.3494323 0.9332058
v 0.5994322 0.4005677 0.9332058
v 0.5870000 0.4130000 0.9130000
v 0.6045503 0.3545503 0.9570279
v 0.6045503 0.3954497 0.9570279
v 0.6050000 0.3550000 1.0000000
v 0.6050000 0.3950000 1.0000000
v 0.5870000 0.4130000 0.9130000
v 0.5994322 0.4005677 0.9332058
v 0.6505678 0.4005677 0.9332058
v 0.6630000 0.4130000 0.9130000
v 0.6045503 0.3954497 0.9570279
v 0.6454497 0.3954497 0.9570279
v 0.6050000 0.3950000 1.0000000
v 0.6450000 0.3950000 1.0000000
v 0.5870000 0.3370000 0.9130000
v 0.6630000 0.3370000 0.9130000
v 0.6505678 0.3494323 0.9332058
v 0.5994322 0.3494323 0.9332058
v 0.6454497 0.3545503 0.9570279
v 0.6045503 0.3545503 0.9570279
v 0.6450000 0.3550000 1.0000000
v 0.6050000 0.3550000 1.0000000
v 0.6450000 0.3550000 0.7500000
v 0.6050000 0.3550000 0.7500000
v 0.6050000 0.3950000 0.7500000
v 0.6450000 0.3950000 0.7500000
v 0.6630000 0.3370000 0.8370000
v 0.6630000 0.4130000 0.8370000
v 0.5870000 0.4130000 0.8370000
v 0.5870000 0.3370000 0.8370000
v 0.6450000 0.3550000 0.7500000
v 0.6450000 0.3950000 0.7500000
v 0.6454503 0.3954503 0.7929779
v 0.6454503 0.3545497 0.7929779
v 0.6505697 0.4005697 0.8167996
v 0.6505697 0.3494303 0.8167996
v 0.6630000 0.4130000 0.8370000
v 0.6630000 0.3370000 0.8370000
v 0.6050000 0.3550000 0.7500000
v 0.6045497 0.3545497 0.7929779
v 0.6045497 0.3954503 0.7929779
v 0.6050000 0.3950000 0.7500000
v 0.5994303 0.3494303 0.8167996
v 0.5994303 0.4005697 0.8167996
v 0.5870000 0.3370000 0.8370000
v 0.5870000 0.4130000 0.8370000
v 0.6050000 0.3950000 0.7500000
v 0.6045497 0.3954503 0.7929779
v 0.6454503 0.3954503 0.7929779
v 0.6450000 0.3950000 0.7500000
v 0.5994303 0.4005697 0.8167996
v 0.6505697 0.4005697 0.8167996
v 0.5870000 0.4130000 0.8370000
v 0.6630000 0.4130000 0.8370000
v 0.6050000 0.3550000 0.7500000
v 0.6450000 0.3550000 0.7500000
v 0.6454503 0.3545497 0.7929779
v 0.6045497 0.3545497 0.7929779
v 0.6505697 0.3494303 0.8167996
v 0.5994303 0.3494303 0.8167996
v 0.6630000 0.3370000 0.8370000
v 0.5870000 0.3370000 0.8370000
v 0.6450000 0.5000000 0.8550000
v 0.6050000 0.5000000 0.8550000
v 0.6050000 0.5000000 0.8950000
v 0.6450000 0.5000000 0.8950000
v 0.6630000 0.4130000 0.8370000
v 0.6630000 0.4130000 0.9130000
v 0.5870000 0.4130000 0.9130000
v 0.5870000 0.4130000 0.8370000
v 0.6450000 0.5000000 0.8550000
v 0.6450000 0.5000000 0.8950000
v 0.6454503 0.4570221 0.8954503
v 0.6454503 0.4570221 0.8545497
v 0.6505697 0.4332004 0.9005697
v 0.6505697 0.4332004 0.8494303
v 0.6630000 0.4130000 0.9130000
v 0.6630000 0.4130000 0.8370000
v 0.6050000 0.5000000 0.8550000
v 0.6045497 0.4570221 0.8545497
v 0.6045497 0.4570221 0.8954503
v 0.6050000 0.5000000 0.8950000
v 0.5994303 0.4332004 0.8494303
v 0.5994303 0.4332004 0.9005697
v 0.5870000 0.4130000 0.8370000
v 0.5870000 0.4130000 0.9130000
v 0.6050000 0.5000000 0.8950000
v 0.6045497 0.4570221 0.8954503
v 0.6454503 0.4570221 0.8954503
v 0.6450000 0.5000000 0.8950000
v 0.5994303 0.4332004 0.9005697
v 0.6505697 0.4332004 0.9005697
v 0.6050000 0.5000000 0.8550000
v 0.6450000 0.5000000 0.8550000
v 0.6454503 0.4570221 0.8545497
v 0.6045497 0.4570221 0.8545497
v 0.6505697 0.4332004 0.8494303
v 0.5994303 0.4332004 0.8494303
v 0.6630000 0.3370000 0.8370000
v 0.5870000 0.3370000 0.8370000
v 0.5870000 0.3370000 0.9130000
v 0.6630000 0.3370000 0.9130000
v 0.6450000 0.2500000 0.8550000
v 0.6450000 0.2500000 0.8950000
v 0.6050000 0.2500000 0.8950000
v 0.6050000 0.2500000 0.8550000
v 0.6630000 0.3370000 0.8370000
v 0.6630000 0.3370000 0.9130000
v 0.6505678 0.3167942 0.9005678
v 0.6505678 0.3167942 0.8494322
v 0.6454497 0.2929721 0.8954497
v 0.6454497 0.2929721 0.8545503
v 0.6450000 0.2500000 0.8950000
v 0.6450000 0.2500000 0.8550000
v 0.5870000 0.3370000 0.8370000
v 0.5994322 0.3167942 0.8494322
v 0.5994322 0.3167942 0.9005678
v 0.5870000 0.3370000 0.9130000
v 0.6045503 0.2929721 0.8545503
v 0.6045503 0.2929721 0.8954497
v 0.6050000 0.2500000 0.8550000
v 0.6050000 0.2500000 0.8950000
v 0.5994322 0.3167942 0.9005678
v 0.6505678 0.3167942 0.9005678
v 0.6045503 0.2929721 0.8954497
v 0.6454497 0.2929721 0.8954497
v 0.6050000 0.2500000 0.8950000
v 0.6450000 0.2500000 0.8950000
v 0.6505678 0.3167942 0.8494322
v 0.5994322 0.3167942 0.8494322
v 0.6454497 0.2929721 0.8545503
v 0.6045503 0.2929721 0.8545503
v 0.6450000 0.2500000 0.8550000
v 0.6050000 0.2500000 0.8550000
v 0.6630000 0.4130000 0.8370000
v 0.6630000 0.3370000 0.8370000
v 0.6630000 0.3370000 0.9130000
v 0.6630000 0.4130000 0.9130000
v 0.7500000 0.3950000 0.8550000
v 0.7500000 0.3950000 0.8950000
v 0.7500000 0.3550000 0.8950000
v 0.7500000 0.3550000 0.8550000
v 0.6832058 0.4005677 0.9005678
v 0.6832058 0.4005677 0.8494322
v 0.7070279 0.3954497 0.8954497
v 0.7070279 0.3954497 0.8545503
v 0.7500000 0.3950000 0.8950000
v 0.7500000 0.3950000 0.8550000
v 0.6832058 0.3494323 0.8494322
v 0.6832058 0.3494323 0.9005678
v 0.7070279 0.3545503 0.8545503
v 0.7070279 0.3545503 0.8954497
v 0.7500000 0.3550000 0.8550000
v 0.7500000 0.3550000 0.8950000
v 0.6832058 0.3494323 0.9005678
v 0.6832058 0.4005677 0.9005678
v 0.7070279 0.3545503 0.8954497
v 0.7070279 0.3954497 0.8954497
v 0.7500000 0.3550000 0.8950000
v 0.7500000 0.3950000 0.8950000
v 0.6832058 0.4005677 0.8494322
v 0.6832058 0.3494323 0.8494322
v 0.7070279 0.3954497 0.8545503
v 0.7070279 0.3545503 0.8545503
v 0.7500000 0.3950000 0.8550000
v 0.7500000 0.3550000 0.8550000
v 0.5000000 0.3950000 0.8550000
v 0.5000000 0.3550000 0.8550000
v 0.5000000 0.3550000 0.8950000
v 0.5000000 0.3950000 0.8950000
v 0.5870000 0.4130000 0.8370000
v 0.5870000 0.4130000 0.9130000
v 0.5870000 0.3370000 0.9130000
v 0.5870000 0.3370000 0.8370000
v 0.5000000 0.3950000 0.8550000
v 0.5000000 0.3950000 0.8950000
v 0.5429779 0.3954503 0.8954503
v 0.5429779 0.3954503 0.8545497
v 0.5667996 0.4005697 0.9005697
v 0.5667996 0.4005697 0.8494303
v 0.5000000 0.3550000 0.8550000
v 0.5429779 0.3545497 0.8545497
v 0.5429779 0.3545497 0.8954503
v 0.5000000 0.3550000 0.8950000
v 0.5667996 0.3494303 0.8494303
v 0.5667996 0.3494303 0.9005697
v 0.5000000 0.3550000 0.8950000
v 0.5429779 0.3545497 0.8954503
v 0.5429779 0.3954503 0.8954503
v 0.5000000 0.3950000 0.8950000
v 0.5667996 0.3494303 0.9005697
v 0.5667996 0.4005697 0.9005697
v 0.5000000 0.3550000 0.8550000
v 0.5000000 0.3950000 0.8550000
v 0.5429779 0.3954503 0.8545497
v 0.5429779 0.3545497 0.8545497
v 0.5667996 0.4005697 0.8494303
v 0.5667996 0.3494303 0.8494303
v 0.5870000 0.4130000 0.8370000
v 0.5870000 0.3370000 0.8370000
v 0.5870000 0.3370000 0.9130000
v 0.5870000 0.4130000 0.9130000
v 0.6630000 0.4130000 0.8370000
v 0.6630000 0.4130000 0.9130000
v 0.6630000 0.3370000 0.9130000
v 0.6630000 0.3370000 0.8370000
v 0.5870000 0.4130000 0.8370000
v 0.5870000 0.4130000 0.9130000
v 0.6630000 0.4130000 0.9130000
v 0.6630000 0.4130000 0.8370000
v 0.5870000 0.3370000 0.8370000
v 0.6630000 0.3370000 0.8370000
v 0.6630000 0.3370000 0.9130000
v 0.5870000 0.3370000 0.9130000
v 0.5870000 0.3370000 0.9130000
v 0.6630000 0.3370000 0.9130000
v 0.6630000 0.4130000 0.9130000
v 0.5870000 0.4130000 0.9130000
v 0.5870000 0.3370000 0.8370000
v 0.5870000 0.4130000 0.8370000
v 0.6630000 0.4130000 0.8370000
v 0.6630000 0.3370000 0.8370000
v 0.9130000 0.3370000 0.9130000
v 0.8370000 0.3370000 0.9130000
v 0.8370000 0.4130000 0.9130000
v 0.9130000 0.4130000 0.9130000
v 0.8950000 0.3550000 1.0000000
v 0.8950000 0.3950000 1.0000000
v 0.8550000 0.3950000 1.0000000
v 0.8550000 0.3550000 1.0000000
v 0.9130000 0.3370000 0.9130000
v 0.9130000 0.4130000 0.9130000
v 0.9005678 0.4005677 0.9332058
v 0.9005678 0.3494323 0.9332058
v 0.8954497 0.3954497 0.9570279
v 0.8954497 0.3545503 0.9570279
v 0.8950000 0.3950000 1.0000000
v 0.8950000 0.3550000 1.0000000
v 0.8370000 0.3370000 0.9130000
v 0.8494322 0.3494323 0.9332058
v 0.8494322 0.4005677 0.9332058
v 0.8370000 0.4130000 0.9130000
v 0.8545503 0.3545503 0.9570279
v 0.8545503 0.3954497 0.9570279
v 0.8550000 0.3550000 1.0000000
v 0.8550000 0.3950000 1.0000000
v 0.8370000 0.4130000 0.9130000
v 0.8494322 0.4005677 0.9332058
v 0.9005678 0.4005677 0.9332058
v 0.9130000 0.4130000 0.9130000
v 0.8545503 0.3954497 0.9570279
v 0.8954497 0.3954497 0.9570279
v 0.8550000 0.3950000 1.0000000
v 0.8950000 0.3950000 1.0000000
v 0.8370000 0.3370000 0.9130000
v 0.9130000 0.3370000 0.9130000
v 0.9005678 0.3494323 0.9332058
v 0.8494322 0.3494323 0.9332058
v 0.8954497 0.3545503 0.9570279
v 0.8545503 0.3545503 0.9570279
v 0.8950000 0.3550000 1.0000000
v 0.8550000 0.3550000 1.0000000
v 0.8950000 0.3550000 0.7500000
v 0.8550000 0.3550000 0.7500000
v 0.8550000 0.3950000 0.7500000
v 0.8950000 0.3950000 0.7500000
v 0.9130000 0.3370000 0.8370000
v 0.9130000 0.4130000 0.8370000
v 0.8370000 0.4130000 0.8370000
v 0.8370000 0.3370000 0.8370000
v 0.8950000 0.3550000 0.7500000
v 0.8950000 0.3950000 0.7500000
v 0.8954503 0.3954503 0.7929779
v 0.8954503 0.3545497 0.7929779
v 0.9005697 0.4005697 0.8167996
v 0.9005697 0.3494303 0.8167996
v 0.9130000 0.4130000 0.8370000
v 0.9130000 0.3370000 0.8370000
v 0.8550000 0.3550000 0.7500000
v 0.8545497 0.3545497 0.7929779
v 0.8545497 0.3954503 0.7929779
v 0.8550000 0.3950000 0.7500000
v 0.8494303 0.3494303 0.8167996
v 0.8494303 0.4005697 0.8167996
v 0.8370000 0.3370000 0.8370000
v 0.8370000 0.4130000 0.8370000
v 0.8550000 0.3950000 0.7500000
v 0.8545497 0.3954503 0.7929779
v 0.8954503 0.3954503 0.7929779
v 0.8950000 0.3950000 0.7500000
v 0.8494303 0.4005697 0.8167996
v 0.9005697 0.4005697 0.8167996
v 0.8370000 0.4130000 0.8370000
v 0.9130000 0.4130000 0.8370000
v 0.8550000 0.3550000 0.7500000
v 0.8950000 0.3550000 0.7500000
v 0.8954503 0.3545497 0.7929779
v 0.8545497 0.3545497 0.7929779
v 0.9005697 0.3494303 0.8167996
v 0.8494303 0.3494303 0.8167996
v 0.9130000 0.3370000 0.8370000
v 0.8370000 0.3370000 0.8370000
v 0.8950000 0.5000000 0.8550000
v 0.8550000 0.5000000 0.8550000
v 0.8550000 0.5000000 0.8950000
v 0.8950000 0.5000000 0.8950000
v 0.9130000 0.4130000 0.8370000
v 0.9130000 0.4130000 0.9130000
v 0.8370000 0.4130000 0.9130000
v 0.8370000 0.4130000 0.8370000
v 0.8950000 0.5000000 0.8550000
v 0.8950000 0.5000000 0.8950000
v 0.8954503 0.4570221 0.8954503
v 0.8954503 0.4570221 0.8545497
v 0.9005697 0.4332004 0.9005697
v 0.9005697 0.4332004 0.8494303
v 0.9130000 0.4130000 0.9130000
v 0.9130000 0.4130000 0.8370000
v 0.8550000 0.5000000 0.8550000
v 0.8545497 0.4570221 0.8545497
v 0.8545497 0.4570221 0.8954503
v 0.8550000 0.5000000 0.8950000
v 0.8494303 0.4332004 0.8494303
v 0.8494303 0.4332004 0.9005697
v 0.8370000 0.4130000 0.8370000
v 0.8370000 0.4130000 0.9130000
v 0.8550000 0.5000000 0.8950000
v 0.8545497 0.4570221 0.8954503
v 0.8954503 0.4570221 0.8954503
v 0.8950000 0.5000000 0.8950000
v 0.8494303 0.4332004 0.9005697
v 0.9005697 0.4332004 0.9005697
v 0.8550000 0.5000000 0.8550000
v 0.8950000 0.5000000 0.8550000
v 0.8954503 0.4570221 0.8545497
v 0.8545497 0.4570221 0.8545497
v 0.9005697 0.4332004 0.8494303
v 0.8494303 0.4332004 0.8494303
v 0.9130000 0.3370000 0.8370000
v 0.8370000 0.3370000 0.8370000
v 0.8370000 0.3370000 0.9130000
v 0.9130000 0.3370000 0.9130000
v 0.8950000 0.2500000 0.8550000
v 0.8950000 0.2500000 0.8950000
v 0.8550000 0.2500000 0.8950000
v 0.8550000 0.2500000 0.8550000
v 0.9130000 0.3370000 0.8370000
v 0.9130000 0.3370000 0.9130000
v 0.9005678 0.3167942 0.9005678
v 0.9005678 0.3167942 0.8494322
v 0.8954497 0.2929721 0.8954497
v 0.8954497 0.2929721 0.8545503
v 0.8950000 0.2500000 0.8950000
v 0.8950000 0.2500000 0.8550000
v 0.8370000 0.3370000 0.8370000
v 0.8494322 0.3167942 0.8494322
v 0.8494322 0.3167942 0.9005678
v 0.8370000 0.3370000 0.9130000
v 0.8545503 0.2929721 0.8545503
v 0.8545503 0.2929721 0.8954497
v 0.8550000 0.2500000 0.8550000
v 0.8550000 0.2500000 0.8950000
v 0.8494322 0.3167942 0.9005678
v 0.9005678 0.3167942 0.9005678
v 0.8545503 0.2929721 0.8954497
v 0.8954497 0.2929721 0.8954497
v 0.8550000 0.2500000 0.8950000
v 0.8950000 0.2500000 0.8950000
v 0.9005678 0.3167942 0.8494322
v 0.8494322 0.3167942 0.8494322
v 0.8954497 0.2929721 0.8545503
v 0.8545503 0.2929721 0.8545503
v 0.8950000 0.2500000 0.8550000
v 0.8550000 0.2500000 0.8550000
v 0.9130000 0.4130000 0.8370000
v 0.9130000 0.3370000 0.8370000
v 0.9130000 0.3370000 0.9130000
v 0.9130000 0.4130000 0.9130000
v 1.0000000 0.3950000 0.8550000
v 1.0000000 0.3950000 0.8950000
v 1.0000000 0.3550000 0.8950000
v 1.0000000 0.3550000 0.8550000
v 0.9332058 0.4005677 0.9005678
v 0.9332058 0.4005677 0.8494322
v 0.9570279 0.3954497 0.8954497
v 0.9570279 0.3954497 0.8545503
v 1.0000000 0.3950000 0.8950000
v 1.0000000 0.3950000 0.8550000
v 0.9332058 0.3494323 0.8494322
v 0.9332058 0.3494323 0.9005678
v 0.9570279 0.3545503 0.8545503
v 0.9570279 0.3545503 0.8954497
v 1.0000000 0.3550000 0.8550000
v 1.0000000 0.3550000 0.8950000
v 0.9332058 0.3494323 0.9005678
v 0.9332058 0.4005677 0.9005678
v 0.9570279 0.3545503 0.8954497
v 0.9570279 0.3954497 0.8954497
v 1.0000000 0.3550000 0.8950000
v 1.0000000 0.3950000 0.8950000
v 0.9332058 0.4005677 0.8494322
v 0.9332058 0.3494323 0.8494322
v 0.9570279 0.3954497 0.8545503
v 0.9570279 0.3545503 0.8545503
v 1.0000000 0.3950000 0.8550000
v 1.0000000 0.3550000 0.8550000
v 0.7500000 0.3950000 0.8550000
v 0.7500000 0.3550000 0.8550000
v 0.7500000 0.3550000 0.8950000
v 0.7500000 0.3950000 0.8950000
v 0.8370000 0.4130000 0.8370000
v 0.8370000 0.4130000 0.9130000
v 0.8370000 0.3370000 0.9130000
v 0.8370000 0.3370000 0.8370000
v 0.7500000 0.3950000 0.8550000
v 0.7500000 0.3950000 0.8950000
v 0.7929779 0.3954503 0.8954503
v 0.7929779 0.3954503 0.8545497
v 0.8167996 0.4005697 0.9005697
v 0.8167996 0.4005697 0.8494303
v 0.7500000 0.3550000 0.8550000
v 0.7929779 0.3545497 0.8545497
v 0.7929779 0.3545497 0.8954503
v 0.7500000 0.3550000 0.8950000
v 0.8167996 0.3494303 0.8494303
v 0.8167996 0.3494303 0.9005697
v 0.7500000 0.3550000 0.8950000
v 0.7929779 0.3545497 0.8954503
v 0.7929779 0.3954503 0.8954503
v 0.7500000 0.3950000 0.8950000
v 0.8167996 0.3494303 0.9005697
v 0.8167996 0.4005697 0.9005697
v 0.7500000 0.3550000 0.8550000
v 0.7500000 0.3950000 0.8550000
v 0.7929779 0.3954503 0.8545497
v 0.7929779 0.3545497 0.8545497
v 0.8167996 0.4005697 0.8494303
v 0.8167996 0.3494303 0.8494303
v 0.8370000 0.4130000 0.8370000
v 0.8370000 0.3370000 0.8370000
v 0.8370000 0.3370000 0.9130000
v 0.8370000 0.4130000 0.9130000
v 0.9130000 0.4130000 0.8370000
v 0.9130000 0.4130000 0.9130000
v 0.9130000 0.3370000 0.9130000
v 0.9130000 0.3370000 0.8370000
v 0.8370000 0.4130000 0.8370000
v 0.8370000 0.4130000 0.9130000
v 0.9130000 0.4130000 0.9130000
v 0.9130000 0.4130000 0.8370000
v 0.8370000 0.3370000 0.8370000
v 0.9130000 0.3370000 0.8370000
v 0.9130000 0.3370000 0.9130000
v 0.8370000 0.3370000 0.9130000
v 0.8370000 0.3370000 0.9130000
v 0.9130000 0.3370000 0.9130000
v 0.9130000 0.4130000 0.9130000
v 0.8370000 0.4130000 0.9130000
v 0.8370000 0.3370000 0.8370000
v 0.8370000 0.4130000 0.8370000
v 0.9130000 0.4130000 0.8370000
v 0.9130000 0.3370000 0.8370000
v 0.1630000 0.5870000 0.9130000
v 0.0870000 0.5870000 0.9130000
v 0.0870000 0.6630000 0.9130000
v 0.1630000 0.6630000 0.9130000
v 0.1450000 0.6050000 1.0000000
v 0.1450000 0.6450000 1.0000000
v 0.1050000 0.6450000 1.0000000
v 0.1050000 0.6050000 1.0000000
v 0.1630000 0.5870000 0.9130000
v 0.1630000 0.6630000 0.9130000
v 0.1505678 0.6505678 0.9332058
v 0.1505678 0.5994322 0.9332058
v 0.1454497 0.6454497 0.9570279
v 0.1454497 0.6045503 0.9570279
v 0.1450000 0.6450000 1.0000000
v 0.1450000 0.6050000 1.0000000
v 0.0870000 0.5870000 0.9130000
v 0.0994322 0.5994322 0.9332058
v 0.0994322 0.6505678 0.9332058
v 0.0870000 0.6630000 0.9130000
v 0.1045503 0.6045503 0.9570279
v 0.1045503 0.6454497 0.9570279
v 0.1050000 0.6050000 1.0000000
v 0.1050000 0.6450000 1.0000000
v 0.0870000 0.6630000 0.9130000
v 0.0994322 0.6505678 0.9332058
v 0.1505678 0.6505678 0.9332058
v 0.1630000 0.6630000 0.9130000
v 0.1045503 0.6454497 0.9570279
v 0.1454497 0.6454497 0.9570279
v 0.1050000 0.6450000 1.0000000
v 0.1450000 0.6450000 1.0000000
v 0.0870000 0.5870000 0.9130000
v 0.1630000 0.5870000 0.9130000
v 0.1505678 0.5994322 0.9332058
v 0.0994322 0.5994322 0.9332058
v 0.1454497 0.6045503 0.9570279
v 0.1045503 0.6045503 0.9570279
v 0.1450000 0.6050000 1.0000000
v 0.1050000 0.6050000 1.0000000
v 0.1450000 0.6050000 0.7500000
v 0.1050000 0.6050000 0.7500000
v 0.1050000 0.6450000 0.7500000
v 0.1450000 0.6450000 0.7500000
v 0.1630000 0.5870000 0.8370000
v 0.1630000 0.6630000 0.8370000
v 0.0870000 0.6630000 0.8370000
v 0.0870000 0.5870000 0.8370000
v 0.1450000 0.6050000 0.7500000
v 0.1450000 0.6450000 0.7500000
v 0.1454503 0.6454503 0.7929779
v 0.1454503 0.6045497 0.7929779
v 0.1505698 0.6505697 0.8167996
v 0.1505698 0.5994303 0.8167996
v 0.1630000 0.6630000 0.8370000
v 0.1630000 0.5870000 0.8370000
v 0.1050000 0.6050000 0.7500000
v 0.1045497 0.6045497 0.7929779
v 0.1045497 0.6454503 0.7929779
v 0.1050000 0.6450000 0.7500000
v 0.0994303 0.5994303 0.8167996
v 0.0994303 0.6505697 0.8167996
v 0.0870000 0.5870000 0.8370000
v 0.0870000 0.6630000 0.8370000
v 0.1050000 0.6450000 0.7500000
v 0.1045497 0.6454503 0.7929779
v 0.1454503 0.6454503 0.7929779
v 0.1450000 0.6450000 0.7500000
v 0.0994303 0.6505697 0.8167996
v 0.1505698 0.6505697 0.8167996
v 0.0870000 0.6630000 0.8370000
v 0.1630000 0.6630000 0.8370000
v 0.1050000 0.6050000 0.7500000
v 0.1450000 0.6050000 0.7500000
v 0.1454503 0.6045497 0.7929779
v 0.1045497 0.6045497 0.7929779
v 0.1505698 0.5994303 0.8167996
v 0.0994303 0.5994303 0.8167996
v 0.1630000 0.5870000 0.8370000
v 0.0870000 0.5870000 0.8370000
v 0.1450000 0.7500000 0.8550000
v 0.1050000 0.7500000 0.8550000
v 0.1050000 0.7500000 0.8950000
v 0.1450000 0.7500000 0.8950000
v 0.1630000 0.6630000 0.8370000
v 0.1630000 0.6630000 0.9130000
v 0.0870000 0.6630000 0.9130000
v 0.0870000 0.6630000 0.8370000
v 0.1450000 0.7500000 0.8550000
v 0.1450000 0.7500000 0.8950000
v 0.1454503 0.7070221 0.8954503
v 0.1454503 0.7070221 0.8545497
v 0.1505698 0.6832004 0.9005697
v 0.1505698 0.6832004 0.8494303
v 0.1630000 0.6630000 0.9130000
v 0.1630000 0.6630000 0.8370000
v 0.1050000 0.7500000 0.8550000
v 0.1045497 0.7070221 0.8545497
v 0.1045497 0.7070221 0.8954503
v 0.1050000 0.7500000 0.8950000
v 0.0994303 0.6832004 0.8494303
v 0.0994303 0.6832004 0.9005697
v 0.0870000 0.6630000 0.8370000
v 0.0870000 0.6630000 0.9130000
v 0.1050000 0.7500000 0.8950000
v 0.1045497 0.7070221 0.8954503
v 0.1454503 0.7070221 0.8954503
v 0.1450000 0.7500000 0.8950000
v 0.0994303 0.6832004 0.9005697
v 0.1505698 0.6832004 0.9005697
v 0.1050000 0.7500000 0.8550000
v 0.1450000 0.7500000 0.8550000
v 0.1454503 0.7070221 0.8545497
v 0.1045497 0.7070221 0.8545497
v 0.1505698 0.6832004 0.8494303
v 0.0994303 0.6832004 0.8494303
v 0.1630000 0.5870000 0.8370000
v 0.0870000 0.5870000 0.8370000
v 0.0870000 0.5870000 0.9130000
v 0.1630000 0.5870000 0.9130000
v 0.1450000 0.5000000 0.8550000
v 0.1450000 0.5000000 0.8950000
v 0.1050000 0.5000000 0.8950000
v 0.1050000 0.5000000 0.8550000
v 0.1630000 0.5870000 0.8370000
v 0.1630000 0.5870000 0.9130000
v 0.1505678 0.5667942 0.9005678
v 0.1505678 0.5667942 0.8494322
v 0.1454497 0.5429721 0.8954497
v 0.1454497 0.5429721 0.8545503
v 0.1450000 0.5000000 0.8950000
v 0.1450000 0.5000000 0.8550000
v 0.0870000 0.5870000 0.8370000
v 0.0994322 0.5667942 0.8494322
v 0.0994322 0.5667942 0.9005678
v 0.0870000 0.5870000 0.9130000
v 0.1045503 0.5429721 0.8545503
v 0.1045503 0.5429721 0.8954497
v 0.1050000 0.5000000 0.8550000
v 0.1050000 0.5000000 0.8950000
v 0.0994322 0.5667942 0.9005678
v 0.1505678 0.5667942 0.9005678
v 0.1045503 0.5429721 0.8954497
v 0.1454497 0.5429721 0.8954497
v 0.1050000 0.5000000 0.8950000
v 0.1450000 0.5000000 0.8950000
v 0.1505678 0.5667942 0.8494322
v 0.0994322 0.5667942 0.8494322
v 0.1454497 0.5429721 0.8545503
v 0.1045503 0.5429721 0.8545503
v 0.1450000 0.5000000 0.8550000
v 0.1050000 0.5000000 0.8550000
v 0.1630000 0.6630000 0.8370000
v 0.1630000 0.5870000 0.8370000
v 0.1630000 0.5870000 0.9130000
v 0.1630000 0.6630000 0.9130000
v 0.2500000 0.6450000 0.8550000
v 0.2500000 0.6450000 0.8950000
v 0.2500000 0.6050000 0.8950000
v 0.2500000 0.6050000 0.8550000
v 0.1832059 0.6505678 0.9005678
v 0.1832059 0.6505678 0.8494322
v 0.2070279 0.6454497 0.8954497
v 0.2070279 0.6454497 0.8545503
v 0.2500000 0.6450000 0.8950000
v 0.2500000 0.6450000 0.8550000
v 0.1832059 0.5994322 0.8494322
v 0.1832059 0.5994322 0.9005678
v 0.2070279 0.6045503 0.8545503
v 0.2070279 0.6045503 0.8954497
v 0.2500000 0.6050000 0.8550000
v 0.2500000 0.6050000 0.8950000
v 0.1832059 0.5994322 0.9005678
v 0.1832059 0.6505678 0.9005678
v 0.2070279 0.6045503 0.8954497
v 0.2070279 0.6454497 0.8954497
v 0.2500000 0.6050000 0.8950000
v 0.2500000 0.6450000 0.8950000
v 0.1832059 0.6505678 0.8494322
v 0.1832059 0.5994322 0.8494322
v 0.2070279 0.6454497 0.8545503
v 0.2070279 0.6045503 0.8545503
v 0.2500000 0.6450000 0.8550000
v 0.2500000 0.6050000 0.8550000
v 0.0000000 0.6450000 0.8550000
v 0.0000000 0.6050000 0.8550000
v 0.0000000 0.6050000 0.8950000
v 0.0000000 0.6450000 0.8950000
v 0.0870000 0.6630000 0.8370000
v 0.0870000 0.6630000 0.9130000
v 0.0870000 0.5870000 0.9130000
v 0.0870000 0.5870000 0.8370000
v 0.0000000 0.6450000 0.8550000
v 0.0000000 0.6450000 0.8950000
v 0.0429779 0.6454503 0.8954503
v 0.0429779 0.6454503 0.8545497
v 0.0667996 0.6505697 0.9005697
v 0.0667996 0.6505697 0.8494303
v 0.0000000 0.6050000 0.8550000
v 0.0429779 0.6045497 0.8545497
v 0.0429779 0.6045497 0.8954503
v 0.0000000 0.6050000 0.8950000
v 0.0667996 0.5994303 0.8494303
v 0.0667996 0.5994303 0.9005697
v 0.0000000 0.6050000 0.8950000
v 0.0429779 0.6045497 0.8954503
v 0.0429779 0.6454503 0.8954503
v 0.0000000 0.6450000 0.8950000
v 0.0667996 0.5994303 0.9005697
v 0.0667996 0.6505697 0.9005697
v 0.0000000 0.6050000 0.8550000
v 0.0000000 0.6450000 0.8550000
v 0.0429779 0.6454503 0.8545497
v 0.0429779 0.6045497 0.8545497
v 0.0667996 0.6505697 0.8494303
v 0.0667996 0.5994303 0.8494303
v 0.0870000 0.6630000 0.8370000
v 0.0870000 0.5870000 0.8370000
v 0.0870000 0.5870000 0.9130000
v 0.0870000 0.6630000 0.9130000
v 0.1630000 0.6630000 0.8370000
v 0.1630000 0.6630000 0.9130000
v 0.1630000 0.5870000 0.9130000
v 0.1630000 0.5870000 0.8370000
v 0.0870000 0.6630000 0.8370000
v 0.0870000 0.6630000 0.9130000
v 0.1630000 0.6630000 0.9130000
v 0.1630000 0.6630000 0.8370000
v 0.0870000 0.5870000 0.8370000
v 0.1630000 0.5870000 0.8370000
v 0.1630000 0.5870000 0.9130000
v 0.0870000 0.5870000 0.9130000
v 0.0870000 0.5870000 0.9130000
v 0.1630000 0.5870000 0.9130000
v 0.1630000 0.6630000 0.9130000
v 0.0870000 0.6630000 0.9130000
v 0.0870000 0.5870000 0.8370000
v 0.0870000 0.6630000 0.8370000
v 0.1630000 0.6630000 0.8370000
v 0.1630000 0.5870000 0.8370000
v 0.4130000 0.5870000 0.9130000
v 0.3370000 0.5870000 0.9130000
v 0.3370000 0.6630000 0.9130000
v 0.4130000 0.6630000 0.9130000
v 0.3950000 0.6050000 1.0000000
v 0.3950000 0.6450000 1.0000000
v 0.3550000 0.6450000 1.0000000
v 0.3550000 0.6050000 1.0000000
v 0.4130000 0.5870000 0.9130000
v 0.4130000 0.6630000 0.9130000
v 0.4005677 0.6505678 0.9332058
v 0.4005677 0.5994322 0.9332058
v 0.3954497 0.6454497 0.9570279
v 0.3954497 0.6045503 0.9570279
v 0.3950000 0.6450000 1.0000000
v 0.3950000 0.6050000 1.0000000
v 0.3370000 0.5870000 0.9130000
v 0.3494323 0.5994322 0.9332058
v 0.3494323 0.6505678 0.9332058
v 0.3370000 0.6630000 0.9130000
v 0.3545503 0.6045503 0.9570279
v 0.3545503 0.6454497 0.9570279
v 0.3550000 0.6050000 1.0000000
v 0.3550000 0.6450000 1.0000000
v 0.3370000 0.6630000 0.9130000
v 0.3494323 0.6505678 0.9332058
v 0.4005677 0.6505678 0.9332058
v 0.4130000 0.6630000 0.9130000
v 0.3545503 0.6454497 0.9570279
v 0.3954497 0.6454497 0.9570279
v 0.3550000 0.6450000 1.0000000
v 0.3950000 0.6450000 1.0000000
v 0.3370000 0.5870000 0.9130000
v 0.4130000 0.5870000 0.9130000
v 0.4005677 0.5994322 0.9332058
v 0.3494323 0.5994322 0.9332058
v 0.3954497 0.6045503 0.9570279
v 0.3545503 0.6045503 0.9570279
v 0.3950000 0.6050000 1.0000000
v 0.3550000 0.6050000 1.0000000
v 0.3950000 0.6050000 0.7500000
v 0.3550000 0.6050000 0.7500000
v 0.3550000 0.6450000 0.7500000
v 0.3950000 0.6450000 0.7500000
v 0.4130000 0.5870000 0.8370000
v 0.4130000 0.6630000 0.8370000
v 0.3370000 0.6630000 0.8370000
v 0.3370000 0.5870000 0.8370000
v 0.3950000 0.6050000 0.7500000
v 0.3950000 0.6450000 0.7500000
v 0.3954503 0.6454503 0.7929779
v 0.3954503 0.6045497 0.7929779
v 0.4005697 0.6505697 0.8167996
v 0.4005697 0.5994303 0.8167996
v 0.4130000 0.6630000 0.8370000
v 0.4130000 0.5870000 0.8370000
v 0.3550000 0.6050000 0.7500000
v 0.3545497 0.6045497 0.7929779
v 0.3545497 0.6454503 0.7929779
v 0.3550000 0.6450000 0.7500000
v 0.3494303 0.5994303 0.8167996
v 0.3494303 0.6505697 0.8167996
v 0.3370000 0.5870000 0.8370000
v 0.3370000 0.6630000 0.8370000
v 0.3550000 0.6450000 0.7500000
v 0.3545497 0.6454503 0.7929779
v 0.3954503 0.6454503 0.7929779
v 0.3950000 0.6450000 0.7500000
v 0.3494303 0.6505697 0.8167996
v 0.4005697 0.6505697 0.8167996
v 0.3370000 0.6630000 0.8370000
v 0.4130000 0.6630000 0.8370000
v 0.3550000 0.6050000 0.7500000
v 0.3950000 0.6050000 0.7500000
v 0.3954503 0.6045497 0.7929779
v 0.3545497 0.6045497 0.7929779
v 0.4005697 0.5994303 0.8167996
v 0.3494303 0.5994303 0.8167996
v 0.4130000 0.5870000 0.8370000
v 0.3370000 0.5870000 0.8370000
v 0.3950000 0.7500000 0.8550000
v 0.3550000 0.7500000 0.8550000
v 0.3550000 0.7500000 0.8950000
v 0.3950000 0.7500000 0.8950000
v 0.4130000 0.6630000 0.8370000
v 0.4130000 0.6630000 0.9130000
v 0.3370000 0.6630000 0.9130000
v 0.3370000 0.6630000 0.8370000
v 0.3950000 0.7500000 0.8550000
v 0.3950000 0.7500000 0.8950000
v 0.3954503 0.7070221 0.8954503
v 0.3954503 0.7070221 0.8545497
v 0.4005697 0.6832004 0.9005697
v 0.4005697 0.6832004 0.8494303
v 0.4130000 0.6630000 0.9130000
v 0.4130000 0.6630000 0.8370000
v 0.3550000 0.7500000 0.8550000
v 0.3545497 0.7070221 0.8545497
v 0.3545497 0.7070221 0.8954503
v 0.3550000 0.7500000 0.8950000
v 0.3494303 0.6832004 0.8494303
v 0.3494303 0.6832004 0.9005697
v 0.3370000 0.6630000 0.8370000
v 0.3370000 0.6630000 0.9130000
v 0.3550000 0.7500000 0.8950000
v 0.3545497 0.7070221 0.8954503
v 0.3954503 0.7070221 0.8954503
v 0.3950000 0.7500000 0.8950000
v 0.3494303 0.6832004 0.9005697
v 0.4005697 0.6832004 0.9005697
v 0.3550000 0.7500000 0.8550000
v 0.3950000 0.7500000 0.8550000
v 0.3954503 0.7070221 0.8545497
v 0.3545497 0.7070221 0.8545497
v 0.4005697 0.6832004 0.8494303
v 0.3494303 0.6832004 0.8494303
v 0.4130000 0.5870000 0.8370000
v 0.3370000 0.5870000 0.8370000
v 0.3370000 0.5870000 0.9130000
v 0.4130000 0.5870000 0.9130000
v 0.3950000 0.5000000 0.8550000
v 0.3950000 0.5000000 0.8950000
v 0.3550000 0.5000000 0.8950000
v 0.3550000 0.5000000 0.8550000
v 0.4130000 0.5870000 0.8370000
v 0.4130000 0.5870000 0.9130000
v 0.4005677 0.5667942 0.9005678
v 0.4005677 0.5667942 0.8494322
v 0.3954497 0.5429721 0.8954497
v 0.3954497 0.5429721 0.8545503
v 0.3950000 0.5000000 0.8950000
v 0.3950000 0.5000000 0.8550000
v 0.3370000 0.5870000 0.8370000
v 0.3494323 0.5667942 0.8494322
v 0.3494323 0.5667942 0.9005678
v 0.3370000 0.5870000 0.9130000
v 0.3545503 0.5429721 0.8545503
v 0.3545503 0.5429721 0.8954497
v 0.3550000 0.5000000 0.8550000
v 0.3550000 0.5000000 0.8950000
v 0.3494323 0.5667942 0.9005678
v 0.4005677 0.5667942 0.9005678
v 0.3545503 0.5429721 0.8954497
v 0.3954497 0.5429721 0.8954497
v 0.3550000 0.5000000 0.8950000
v 0.3950000 0.5000000 0.8950000
v 0.4005677 0.5667942 0.8494322
v 0.3494323 0.5667942 0.8494322
v 0.3954497 0.5429721 0.8545503
v 0.3545503 0.5429721 0.8545503
v 0.3950000 0.5000000 0.8550000
v 0.3550000 0.5000000 0.8550000
v 0.4130000 0.6630000 0.8370000
v 0.4130000 0.5870000 0.8370000
v 0.4130000 0.5870000 0.9130000
v 0.4130000 0.6630000 0.9130000
v 0.5000000 0.6450000 0.8550000
v 0.5000000 0.6450000 0.8950000
v 0.5000000 0.6050000 0.8950000
v 0.5000000 0.6050000 0.8550000
v 0.4332058 0.6505678 0.9005678
v 0.4332058 0.6505678 0.8494322
v 0.4570279 0.6454497 0.8954497
v 0.4570279 0.6454497 0.8545503
v 0.5000000 0.6450000 0.8950000
v 0.5000000 0.6450000 0.8550000
v 0.4332058 0.5994322 0.8494322
v 0.4332058 0.5994322 0.9005678
v 0.4570279 0.6045503 0.8545503
v 0.4570279 0.6045503 0.8954497
v 0.5000000 0.6050000 0.8550000
v 0.5000000 0.6050000 0.8950000
v 0.4332058 0.5994322 0.9005678
v 0.4332058 0.6505678 0.9005678
v 0.4570279 0.6045503 0.8954497
v 0.4570279 0.6454497 0.8954497
v 0.5000000 0.6050000 0.8950000
v 0.5000000 0.6450000 0.8950000
v 0.4332058 0.6505678 0.8494322
v 0.4332058 0.5994322 0.8494322
v 0.4570279 0.6454497 0.8545503
v 0.4570279 0.6045503 0.8545503
v 0.5000000 0.6450000 0.8550000
v 0.5000000 0.6050000 0.8550000
v 0.2500000 0.6450000 0.8550000
v 0.2500000 0.6050000 0.8550000
v 0.2500000 0.6050000 0.8950000
v 0.2500000 0.6450000 0.8950000
v 0.3370000 0.6630000 0.8370000
v 0.3370000 0.6630000 0.9130000
v 0.3370000 0.5870000 0.9130000
v 0.3370000 0.5870000 0.8370000
v 0.2500000 0.6450000 0.8550000
v 0.2500000 0.6450000 0.8950000
v 0.2929779 0.6454503 0.8954503
v 0.2929779 0.6454503 0.8545497
v 0.3167996 0.6505697 0.9005697
v 0.3167996 0.6505697 0.8494303
v 0.2500000 0.6050000 0.8550000
v 0.2929779 0.6045497 0.8545497
v 0.2929779 0.6045497 0.8954503
v 0.2500000 0.6050000 0.8950000
v 0.3167996 0.5994303 0.8494303
v 0.3167996 0.5994303 0.9005697
v 0.2500000 0.6050000 0.8950000
v 0.2929779 0.6045497 0.8954503
v 0.2929779 0.6454503 0.8954503
v 0.2500000 0.6450000 0.8950000
v 0.3167996 0.5994303 0.9005697
v 0.3167996 0.6505697 0.9005697
v 0.2500000 0.6050000 0.8550000
v 0.2500000 0.6450000 0.8550000
v 0.2929779 0.6454503 0.8545497
v 0.2929779 0.6045497 0.8545497
v 0.3167996 0.6505697 0.8494303
v 0.3167996 0.5994303 0.8494303
v 0.3370000 0.6630000 0.8370000
v 0.3370000 0.5870000 0.8370000
v 0.3370000 0.5870000 0.9130000
v 0.3370000 0.6630000 0.9130000
v 0.4130000 0.6630000 0.8370000
v 0.4130000 0.6630000 0.9130000
v 0.4130000 0.5870000 0.9130000
v 0.4130000 0.5870000 0.8370000
v 0.3370000 0.6630000 0.8370000
v 0.3370000 0.6630000 0.9130000
v 0.4130000 0.6630000 0.9130000
v 0.4130000 0.6630000 0.8370000
v 0.3370000 0.5870000 0.8370000
v 0.4130000 0.5870000 0.8370000
v 0.4130000 0.5870000 0.9130000
v 0.3370000 0.5870000 0.9130000
v 0.3370000 0.5870000 0.9130000
v 0.4130000 0.5870000 0.9130000
v 0.4130000 0.6630000 0.9130000
v 0.3370000 0.6630000 0.9130000
v 0.3370000 0.5870000 0.8370000
v 0.3370000 0.6630000 0.8370000
v 0.4130000 0.6630000 0.8370000
v 0.4130000 0.5870000 0.8370000
v 0.6630000 0.5870000 0.9130000
v 0.5870000 0.5870000 0.9130000
v 0.5870000 0.6630000 0.9130000
v 0.6630000 0.6630000 0.9130000
v 0.6450000 0.6050000 1.0000000
v 0.6450000 0.6450000 1.0000000
v 0.6050000 0.6450000 1.0000000
v 0.6050000 0.6050000 1.0000000
v 0.6630000 0.5870000 0.9130000
v 0.6630000 0.6630000 0.9130000
v 0.6505678 0.6505678 0.9332058
v 0.6505678 0.5994322 0.9332058
v 0.6454497 0.6454497 0.9570279
v 0.6454497 0.6045503 0.9570279
v 0.6450000 0.6450000 1.0000000
v 0.6450000 0.6050000 1.0000000
v 0.5870000 0.5870000 0.9130000
v 0.5994322 0.5994322 0.9332058
v 0.5994322 0.6505678 0.9332058
v 0.5870000 0.6630000 0.9130000
v 0.6045503 0.6045503 0.9570279
v 0.6045503 0.6454497 0.9570279
v 0.6050000 0.6050000 1.0000000
v 0.6050000 0.6450000 1.0000000
v 0.5870000 0.6630000 0.9130000
v 0.5994322 0.6505678 0.9332058
v 0.6505678 0.6505678 0.9332058
v 0.6630000 0.6630000 0.9130000
v 0.6045503 0.6454497 0.9570279
v 0.6454497 0.6454497 0.9570279
v 0.6050000 0.6450000 1.0000000
v 0.6450000 0.6450000 1.0000000
v 0.5870000 0.5870000 0.9130000
v 0.6630000 0.5870000 0.9130000
v 0.6505678 0.5994322 0.9332058
v 0.5994322 0.5994322 0.9332058
v 0.6454497 0.6045503 0.9570279
v 0.6045503 0.6045503 0.9570279
v 0.6450000 0.6050000 1.0000000
v 0.6050000 0.6050000 1.0000000
v 0.6450000 0.6050000 0.7500000
v 0.6050000 0.6050000 0.7500000
v 0.6050000 0.6450000 0.7500000
v 0.6450000 0.6450000 0.7500000
v 0.6630000 0.5870000 0.8370000
v 0.6630000 0.6630000 0.8370000
v 0.5870000 0.6630000 0.8370000
v 0.5870000 0.5870000 0.8370000
v 0.6450000 0.6050000 0.7500000
v 0.6450000 0.6450000 0.7500000
v 0.6454503 0.6454503 0.7929779
v 0.6454503 0.6045497 0.7929779
v 0.6505697 0.6505697 0.8167996
v 0.6505697 0.5994303 0.8167996
v 0.6630000 0.6630000 0.8370000
v 0.6630000 0.5870000 0.8370000
v 0.6050000 0.6050000 0.7500000
v 0.6045497 0.6045497 0.7929779
v 0.6045497 0.6454503 0.7929779
v 0.6050000 0.6450000 0.7500000
v 0.5994303 0.5994303 0.8167996
v 0.5994303 0.6505697 0.8167996
v 0.5870000 0.5870000 0.8370000
v 0.5870000 0.6630000 0.8370000
v 0.6050000 0.6450000 0.7500000
v 0.6045497 0.6454503 0.7929779
v 0.6454503 0.6454503 0.7929779
v 0.6450000 0.6450000 0.7500000
v 0.5994303 0.6505697 0.8167996
v 0.6505697 0.6505697 0.8167996
v 0.5870000 0.6630000 0.8370000
v 0.6630000 0.6630000 0.8370000
v 0.6050000 0.6050000 0.7500000
v 0.6450000 0.6050000 0.7500000
v 0.6454503 0.6045497 0.7929779
v 0.6045497 0.6045497 0.7929779
v 0.6505697 0.5994303 0.8167996
v 0.5994303 0.5994303 0.8167996
v 0.6630000 0.5870000 0.8370000
v 0.5870000 0.5870000 0.8370000
v 0.6450000 0.7500000 0.8550000
v 0.6050000 0.7500000 0.8550000
v 0.6050000 0.7500000 0.8950000
v 0.6450000 0.7500000 0.8950000
v 0.6630000 0.6630000 0.8370000
v 0.6630000 0.6630000 0.9130000
v 0.5870000 0.6630000 0.9130000
v 0.5870000 0.6630000 0.8370000
v 0.6450000 0.7500000 0.8550000
v 0.6450000 0.7500000 0.8950000
v 0.6454503 0.7070221 0.8954503
v 0.6454503 0.7070221 0.8545497
v 0.6505697 0.6832004 0.9005697
v 0.6505697 0.6832004 0.8494303
v 0.6630000 0.6630000 0.9130000
v 0.6630000 0.6630000 0.8370000
v 0.6050000 0.7500000 0.8550000
v 0.6045497 0.7070221 0.8545497
v 0.6045497 0.7070221 0.8954503
v 0.6050000 0.7500000 0.8950000
v 0.5994303 0.6832004 0.8494303
v 0.5994303 0.6832004 0.9005697
v 0.5870000 0.6630000 0.8370000
v 0.5870000 0.6630000 0.9130000
v 0.6050000 0.7500000 0.8950000
v 0.6045497 0.7070221 0.8954503
v 0.6454503 0.7070221 0.8954503
v 0.6450000 0.7500000 0.8950000
v 0.5994303 0.6832004 0.9005697
v 0.6505697 0.6832004 0.9005697
v 0.6050000 0.7500000 0.8550000
v 0.6450000 0.7500000 0.8550000
v 0.6454503 0.7070221 0.8545497
v 0.6045497 0.7070221 0.8545497
v 0.6505697 0.6832004 0.8494303
v 0.5994303 0.6832004 0.8494303
v 0.6630000 0.5870000 0.8370000
v 0.5870000 0.5870000 0.8370000
v 0.5870000 0.5870000 0.9130000
v 0.6630000 0.5870000 0.9130000
v 0.6450000 0.5000000 0.8550000
v 0.6450000 0.5000000 0.8950000
v 0.6050000 0.5000000 0.8950000
v 0.6050000 0.5000000 0.8550000
v 0.6630000 0.5870000 0.8370000
v 0.6630000 0.5870000 0.9130000
v 0.6505678 0.5667942 0.9005678
v 0.6505678 0.5667942 0.8494322
v 0.6454497 0.5429721 0.8954497
v 0.6454497 0.5429721 0.8545503
v 0.6450000 0.5000000 0.8950000
v 0.6450000 0.5000000 0.8550000
v 0.5870000 0.5870000 0.8370000
v 0.5994322 0.5667942 0.8494322
v 0.5994322 0.5667942 0.9005678
v 0.5870000 0.5870000 0.9130000
v 0.6045503 0.5429721 0.8545503
v 0.6045503 0.5429721 0.8954497
v 0.6050000 0.5000000 0.8550000
v 0.6050000 0.5000000 0.8950000
v 0.5994322 0.5667942 0.9005678
v 0.6505678 0.5667942 0.9005678
v 0.6045503 0.5429721 0.8954497
v 0.6454497 0.5429721 0.8954497
v 0.6050000 0.5000000 0.8950000
v 0.6450000 0.5000000 0.8950000
v 0.6505678 0.5667942 0.8494322
v 0.5994322 0.5667942 0.8494322
v 0.6454497 0.5429721 0.8545503
v 0.6045503 0.5429721 0.8545503
v 0.6450000 0.5000000 0.8550000
v 0.6050000 0.5000000 0.8550000
v 0.6630000 0.6630000 0.8370000
v 0.6630000 0.5870000 0.8370000
v 0.6630000 0.5870000 0.9130000
v 0.6630000 0.6630000 0.9130000
v 0.7500000 0.6450000 0.8550000
v 0.7500000 0.6450000 0.8950000
v 0.7500000 0.6050000 0.8950000
v 0.7500000 0.6050000 0.8550000
v 0.6832058 0.6505678 0.9005678
v 0.6832058 0.6505678 0.8494322
v 0.7070279 0.6454497 0.8954497
v 0.7070279 0.6454497 0.8545503
v 0.7500000 0.6450000 0.8950000
v 0.7500000 0.6450000 0.8550000
v 0.6832058 0.5994322 0.8494322
v 0.6832058 0.5994322 0.9005678
v 0.7070279 0.6045503 0.8545503
v 0.7070279 0.6045503 0.8954497
v 0.7500000 0.6050000 0.8550000
v 0.7500000 0.6050000 0.8950000
v 0.6832058 0.5994322 0.9005678
v 0.6832058 0.6505678 0.9005678
v 0.7070279 0.6045503 0.8954497
v 0.7070279 0.6454497 0.8954497
v 0.7500000 0.6050000 0.8950000
v 0.7500000 0.6450000 0.8950000
v 0.6832058 0.6505678 0.8494322
v 0.6832058 0.5994322 0.8494322
v 0.7070279 0.6454497 0.8545503
v 0.7070279 0.6045503 0.8545503
v 0.7500000 0.6450000 0.8550000
v 0.7500000 0.6050000 0.8550000
v 0.5000000 0.6450000 0.8550000
v 0.5000000 0.6050000 0.8550000
v 0.5000000 0.6050000 0.8950000
v 0.5000000 0.6450000 0.8950000
v 0.5870000 0.6630000 0.8370000
v 0.5870000 0.6630000 0.9130000
v 0.5870000 0.5870000 0.9130000
v 0.5870000 0.5870000 0.8370000
v 0.5000000 0.6450000 0.8550000
v 0.5000000 0.6450000 0.8950000
v 0.5429779 0.6454503 0.8954503
v 0.5429779 0.6454503 0.8545497
v 0.5667996 0.6505697 0.9005697
v 0.5667996 0.6505697 0.8494303
v 0.5000000 0.6050000 0.8550000
v 0.5429779 0.6045497 0.8545497
v 0.5429779 0.6045497 0.8954503
v 0.5000000 0.6050000 0.8950000
v 0.5667996 0.5994303 0.8494303
v 0.5667996 0.5994303 0.9005697
v 0.5000000 0.6050000 0.8950000
v 0.5429779 0.6045497 0.8954503
v 0.5429779 0.6454503 0.8954503
v 0.5000000 0.6450000 0.8950000
v 0.5667996 0.5994303 0.9005697
v 0.5667996 0.6505697 0.9005697
v 0.5000000 0.6050000 0.8550000
v 0.5000000 0.6450000 0.8550000
v 0.5429779 0.6454503 0.8545497
v 0.5429779 0.6045497 0.8545497
v 0.5667996 0.6505697 0.8494303
v 0.5667996 0.5994303 0.8494303
v 0.5870000 0.6630000 0.8370000
v 0.5870000 0.5870000 0.8370000
v 0.5870000 0.5870000 0.9130000
v 0.5870000 0.6630000 0.9130000
v 0.6630000 0.6630000 0.8370000
v 0.6630000 0.6630000 0.9130000
v 0.6630000 0.5870000 0.9130000
v 0.6630000 0.5870000 0.8370000
v 0.5870000 0.6630000 0.8370000
v 0.5870000 0.6630000 0.9130000
v 0.6630000 0.6630000 0.9130000
v 0.6630000 0.6630000 0.8370000
v 0.5870000 0.5870000 0.8370000
v 0.6630000 0.5870000 0.8370000
v 0.6630000 0.5870000 0.9130000
v 0.5870000 0.5870000 0.9130000
v 0.5870000 0.5870000 0.9130000
v 0.6630000 0.5870000 0.9130000
v 0.6630000 0.6630000 0.9130000
v 0.5870000 0.6630000 0.9130000
v 0.5870000 0.5870000 0.8370000
v 0.5870000 0.6630000 0.8370000
v 0.6630000 0.6630000 0.8370000
v 0.6630000 0.5870000 0.8370000
v 0.9130000 0.5870000 0.9130000
v 0.8370000 0.5870000 0.9130000
v 0.8370000 0.6630000 0.9130000
v 0.9130000 0.6630000 0.9130000
v 0.8950000 0.6050000 1.0000000
v 0.8950000 0.6450000 1.0000000
v 0.8550000 0.6450000 1.0000000
v 0.8550000 0.6050000 1.0000000
v 0.9130000 0.5870000 0.9130000
v 0.9130000 0.6630000 0.9130000
v 0.9005678 0.6505678 0.9332058
v 0.9005678 0.5994322 0.9332058
v 0.8954497 0.6454497 0.9570279
v 0.8954497 0.6045503 0.9570279
v 0.8950000 0.6450000 1.0000000
v 0.8950000 0.6050000 1.0000000
v 0.8370000 0.5870000 0.9130000
v 0.8494322 0.5994322 0.9332058
v 0.8494322 0.6505678 0.9332058
v 0.8370000 0.6630000 0.9130000
v 0.8545503 0.6045503 0.9570279
v 0.8545503 0.6454497 0.9570279
v 0.8550000 0.6050000 1.0000000
v 0.8550000 0.6450000 1.0000000
v 0.8370000 0.6630000 0.9130000
v 0.8494322 0.6505678 0.9332058
v 0.9005678 0.6505678 0.9332058
v 0.9130000 0.6630000 0.9130000
v 0.8545503 0.6454497 0.9570279
v 0.8954497 0.6454497 0.9570279
v 0.8550000 0.6450000 1.0000000
v 0.8950000 0.6450000 1.0000000
v 0.8370000 0.5870000 0.9130000
v 0.9130000 0.5870000 0.9130000
v 0.9005678 0.5994322 0.9332058
v 0.8494322 0.5994322 0.9332058
v 0.8954497 0.6045503 0.9570279
v 0.8545503 0.6045503 0.9570279
v 0.8950000 0.6050000 1.0000000
v 0.8550000 0.6050000 1.0000000
v 0.8950000 0.6050000 0.7500000
v 0.8550000 0.6050000 0.7500000
v 0.8550000 0.6450000 0.7500000
v 0.8950000 0.6450000 0.7500000
v 0.9130000 0.5870000 0.8370000
v 0.9130000 0.6630000 0.8370000
v 0.8370000 0.6630000 0.8370000
v 0.8370000 0.5870000 0.8370000
v 0.8950000 0.6050000 0.7500000
v 0.8950000 0.6450000 0.7500000
v 0.8954503 0.6454503 0.7929779
v 0.8954503 0.6045497 0.7929779
v 0.9005697 0.6505697 0.8167996
v 0.9005697 0.5994303 0.8167996
v 0.9130000 0.6630000 0.8370000
v 0.9130000 0.5870000 0.8370000
v 0.8550000 0.6050000 0.7500000
v 0.8545497 0.6045497 0.7929779
v 0.8545497 0.6454503 0.7929779
v 0.8550000 0.6450000 0.7500000
v 0.8494303 0.5994303 0.8167996
v 0.8494303 0.6505697 0.8167996
v 0.8370000 0.5870000 0.8370000
v 0.8370000 0.6630000 0.8370000
v 0.8550000 0.6450000 0.7500000
v 0.8545497 0.6454503 0.7929779
v 0.8954503 0.6454503 0.7929779
v 0.8950000 0.6450000 0.7500000
v 0.8494303 0.6505697 0.8167996
v 0.9005697 0.6505697 0.8167996
v 0.8370000 0.6630000 0.8370000
v 0.9130000 0.6630000 0.8370000
v 0.8550000 0.6050000 0.7500000
v 0.8950000 0.6050000 0.7500000
v 0.8954503 0.6045497 0.7929779
v 0.8545497 0.6045497 0.7929779
v 0.9005697 0.5994303 0.8167996
v 0.8494303 0.5994303 0.8167996
v 0.9130000 0.5870000 0.8370000
v 0.8370000 0.5870000 0.8370000
v 0.8950000 0.7500000 0.8550000
v 0.8550000 0.7500000 0.8550000
v 0.8550000 0.7500000 0.8950000
v 0.8950000 0.7500000 0.8950000
v 0.9130000 0.6630000 0.8370000
v 0.9130000 0.6630000 0.9130000
v 0.8370000 0.6630000 0.9130000
v 0.8370000 0.6630000 0.8370000
v 0.8950000 0.7500000 0.8550000
v 0.8950000 0.7500000 0.8950000
v 0.8954503 0.7070221 0.8954503
v 0.8954503 0.7070221 0.8545497
v 0.9005697 0.6832004 0.9005697
v 0.9005697 0.6832004 0.8494303
v 0.9130000 0.6630000 0.9130000
v 0.9130000 0.6630000 0.8370000
v 0.8550000 0.7500000 0.8550000
v 0.8545497 0.7070221 0.8545497
v 0.8545497 0.7070221 0.8954503
v 0.8550000 0.7500000 0.8950000
v 0.8494303 0.6832004 0.8494303
v 0.8494303 0.6832004 0.9005697
v 0.8370000 0.6630000 0.8370000
v 0.8370000 0.6630000 0.9130000
v 0.8550000 0.7500000 0.8950000
v 0.8545497 0.7070221 0.8954503
v 0.8954503 0.7070221 0.8954503
v 0.8950000 0.7500000 0.8950000
v 0.8494303 0.6832004 0.9005697
v 0.9005697 0.6832004 0.9005697
v 0.8550000 0.7500000 0.8550000
v 0.8950000 0.7500000 0.8550000
v 0.8954503 0.7070221 0.8545497
v 0.8545497 0.7070221 0.8545497
v 0.9005697 0.6832004 0.8494303
v 0.8494303 0.6832004 0.8494303
v 0.9130000 0.5870000 0.8370000
v 0.8370000 0.5870000 0.8370000
v 0.8370000 0.5870000 0.9130000
v 0.9130000 0.5870000 0.9130000
v 0.8950000 0.5000000 0.8550000
v 0.8950000 0.5000000 0.8950000
v 0.8550000 0.5000000 0.8950000
v 0.8550000 0.5000000 0.8550000
v 0.9130000 0.5870000 0.8370000
v 0.9130000 0.5870000 0.9130000
v 0.9005678 0.5667942 0.9005678
v 0.9005678 0.5667942 0.8494322
v 0.8954497 0.5429721 0.8954497
v 0.8954497 0.5429721 0.8545503
v 0.8950000 0.5000000 0.8950000
v 0.8950000 0.5000000 0.8550000
v 0.8370000 0.5870000 0.8370000
v 0.8494322 0.5667942 0.8494322
v 0.8494322 0.5667942 0.9005678
v 0.8370000 0.5870000 0.9130000
v 0.8545503 0.5429721 0.8545503
v 0.8545503 0.5429721 0.8954497
v 0.8550000 0.5000000 0.8550000
v 0.8550000 0.5000000 0.8950000
v 0.8494322 0.5667942 0.9005678
v 0.9005678 0.5667942 0.9005678
v 0.8545503 0.5429721 0.8954497
v 0.8954497 0.5429721 0.8954497
v 0.8550000 0.5000000 0.8950000
v 0.8950000 0.5000000 0.8950000
v 0.9005678 0.5667942 0.8494322
v 0.8494322 0.5667942 0.8494322
v 0.8954497 0.5429721 0.8545503
v 0.8545503 0.5429721 0.8545503
v 0.8950000 0.5000000 0.8550000
v 0.8550000 0.5000000 0.8550000
v 0.9130000 0.6630000 0.8370000
v 0.9130000 0.5870000 0.8370000
v 0.9130000 0.5870000 0.9130000
v 0.9130000 0.6630000 0.9130000
v 1.0000000 0.6450000 0.8550000
v 1.0000000 0.6450000 0.8950000
v 1.0000000 0.6050000 0.8950000
v 1.0000000 0.6050000 0.8550000
v 0.9332058 0.6505678 0.9005678
v 0.9332058 0.6505678 0.8494322
v 0.9570279 0.6454497 0.8954497
v 0.9570279 0.6454497 0.8545503
v 1.0000000 0.6450000 0.8950000
v 1.0000000 0.6450000 0.8550000
v 0.9332058 0.5994322 0.8494322
v 0.9332058 0.5994322 0.9005678
v 0.9570279 0.6045503 0.8545503
v 0.9570279 0.6045503 0.8954497
v 1.0000000 0.6050000 0.8550000
v 1.0000000 0.6050000 0.8950000
v 0.9332058 0.5994322 0.9005678
v 0.9332058 0.6505678 0.9005678
v 0.9570279 0.6045503 0.8954497
v 0.9570279 0.6454497 0.8954497
v 1.0000000 0.6050000 0.8950000
v 1.0000000 0.6450000 0.8950000
v 0.9332058 0.6505678 0.8494322
v 0.9332058 0.5994322 0.8494322
v 0.9570279 0.6454497 0.8545503
v 0.9570279 0.6045503 0.8545503
v 1.0000000 0.6450000 0.8550000
v 1.0000000 0.6050000 0.8550000
v 0.7500000 0.6450000 0.8550000
v 0.7500000 0.6050000 0.8550000
v 0.7500000 0.6050000 0.8950000
v 0.7500000 0.6450000 0.8950000
v 0.8370000 0.6630000 0.8370000
v 0.8370000 0.6630000 0.9130000
v 0.8370000 0.5870000 0.9130000
v 0.8370000 0.5870000 0.8370000
v 0.7500000 0.6450000 0.8550000
v 0.7500000 0.6450000 0.8950000
v 0.7929779 0.6454503 0.8954503
v 0.7929779 0.6454503 0.8545497
v 0.8167996 0.6505697 0.9005697
v 0.8167996 0.6505697 0.8494303
v 0.7500000 0.6050000 0.8550000
v 0.7929779 0.6045497 0.8545497
v 0.7929779 0.6045497 0.8954503
v 0.7500000 0.6050000 0.8950000
v 0.8167996 0.5994303 0.8494303
v 0.8167996 0.5994303 0.9005697
v 0.7500000 0.6050000 0.8950000
v 0.7929779 0.6045497 0.8954503
v 0.7929779 0.6454503 0.8954503
v 0.7500000 0.6450000 0.8950000
v 0.8167996 0.5994303 0.9005697
v 0.8167996 0.6505697 0.9005697
v 0.7500000 0.6050000 0.8550000
v 0.7500000 0.6450000 0.8550000
v 0.7929779 0.6454503 0.8545497
v 0.7929779 0.6045497 0.8545497
v 0.8167996 0.6505697 0.8494303
v 0.8167996 0.5994303 0.8494303
v 0.8370000 0.6630000 0.8370000
v 0.8370000 0.5870000 0.8370000
v 0.8370000 0.5870000 0.9130000
v 0.8370000 0.6630000 0.9130000
v 0.9130000 0.6630000 0.8370000
v 0.9130000 0.6630000 0.9130000
v 0.9130000 0.5870000 0.9130000
v 0.9130000 0.5870000 0.8370000
v 0.8370000 0.6630000 0.8370000
v 0.8370000 0.6630000 0.9130000
v 0.9130000 0.6630000 0.9130000
v 0.9130000 0.6630000 0.8370000
v 0.8370000 0.5870000 0.8370000
v 0.9130000 0.5870000 0.8370000
v 0.9130000 0.5870000 0.9130000
v 0.8370000 0.5870000 0.9130000
v 0.8370000 0.5870000 0.9130000
v 0.9130000 0.5870000 0.9130000
v 0.9130000 0.6630000 0.9130000
v 0.8370000 0.6630000 0.9130000
v 0.8370000 0.5870000 0.8370000
v 0.8370000 0.6630000 0.8370000
v 0.9130000 0.6630000 0.8370000
v 0.9130000 0.5870000 0.8370000
v 0.1630000 0.8370000 0.9130000
v 0.0870000 0.8370000 0.9130000
v 0.0870000 0.9130000 0.9130000
v 0.1630000 0.9130000 0.9130000
v 0.1450000 0.8550000 1.0000000
v 0.1450000 0.8950000 1.0000000
v 0.1050000 0.8950000 1.0000000
v 0.1050000 0.8550000 1.0000000
v 0.1630000 0.8370000 0.9130000
v 0.1630000 0.9130000 0.9130000
v 0.1505678 0.9005678 0.9332058
v 0.1505678 0.8494322 0.9332058
v 0.1454497 0.8954497 0.9570279
v 0.1454497 0.8545503 0.9570279
v 0.1450000 0.8950000 1.0000000
v 0.1450000 0.8550000 1.0000000
v 0.0870000 0.8370000 0.9130000
v 0.0994322 0.8494322 0.9332058
v 0.0994322 0.9005678 0.9332058
v 0.0870000 0.9130000 0.9130000
v 0.1045503 0.8545503 0.9570279
v 0.1045503 0.8954497 0.9570279
v 0.1050000 0.8550000 1.0000000
v 0.1050000 0.8950000 1.0000000
v 0.0870000 0.9130000 0.9130000
v 0.0994322 0.9005678 0.9332058
v 0.1505678 0.9005678 0.9332058
v 0.1630000 0.9130000 0.9130000
v 0.1045503 0.8954497 0.9570279
v 0.1454497 0.8954497 0.9570279
v 0.1050000 0.8950000 1.0000000
v 0.1450000 0.8950000 1.0000000
v 0.0870000 0.8370000 0.9130000
v 0.1630000 0.8370000 0.9130000
v 0.1505678 0.8494322 0.9332058
v 0.0994322 0.8494322 0.9332058
v 0.1454497 0.8545503 0.9570279
v 0.1045503 0.8545503 0.9570279
v 0.1450000 0.8550000 1.0000000
v 0.1050000 0.8550000 1.0000000
v 0.1450000 0.8550000 0.7500000
v 0.1050000 0.8550000 0.7500000
v 0.1050000 0.8950000 0.7500000
v 0.1450000 0.8950000 0.7500000
v 0.1630000 0.8370000 0.8370000
v 0.1630000 0.9130000 0.8370000
v 0.0870000 0.9130000 0.8370000
v 0.0870000 0.8370000 0.8370000
v 0.1450000 0.8550000 0.7500000
v 0.1450000 0.8950000 0.7500000
v 0.1454503 0.8954503 0.7929779
v 0.1454503 0.8545497 0.7929779
v 0.1505698 0.9005697 0.8167996
v 0.1505698 0.8494303 0.8167996
v 0.1630000 0.9130000 0.8370000
v 0.1630000 0.8370000 0.8370000
v 0.1050000 0.8550000 0.7500000
v 0.1045497 0.8545497 0.7929779
v 0.1045497 0.8954503 0.7929779
v 0.1050000 0.8950000 0.7500000
v 0.0994303 0.8494303 0.8167996
v 0.0994303 0.9005697 0.8167996
v 0.0870000 0.8370000 0.8370000
v 0.0870000 0.9130000 0.8370000
v 0.1050000 0.8950000 0.7500000
v 0.1045497 0.8954503 0.7929779
v 0.1454503 0.8954503 0.7929779
v 0.1450000 0.8950000 0.7500000
v 0.0994303 0.9005697 0.8167996
v 0.1505698 0.9005697 0.8167996
v 0.0870000 0.9130000 0.8370000
v 0.1630000 0.9130000 0.8370000
v 0.1050000 0.8550000 0.7500000
v 0.1450000 0.8550000 0.7500000
v 0.1454503 0.8545497 0.7929779
v 0.1045497 0.8545497 0.7929779
v 0.1505698 0.8494303 0.8167996
v 0.0994303 0.8494303 0.8167996
v 0.1630000 0.8370000 0.8370000
v 0.0870000 0.8370000 0.8370000
v 0.1450000 1.0000000 0.8550000
v 0.1050000 1.0000000 0.8550000
v 0.1050000 1.0000000 0.8950000
v 0.1450000 1.0000000 0.8950000
v 0.1630000 0.9130000 0.8370000
v 0.1630000 0.9130000 0.9130000
v 0.0870000 0.9130000 0.9130000
v 0.0870000 0.9130000 0.8370000
v 0.1450000 1.0000000 0.8550000
v 0.1450000 1.0000000 0.8950000
v 0.1454503 0.9570221 0.8954503
v 0.1454503 0.9570221 0.8545497
v 0.1505698 0.9332004 0.9005697
v 0.1505698 0.9332004 0.8494303
v 0.1630000 0.9130000 0.9130000
v 0.1630000 0.9130000 0.8370000
v 0.1050000 1.0000000 0.8550000
v 0.1045497 0.9570221 0.8545497
v 0.1045497 0.9570221 0.8954503
v 0.1050000 1.0000000 0.8950000
v 0.0994303 0.9332004 0.8494303
v 0.0994303 0.9332004 0.9005697
v 0.0870000 0.9130000 0.8370000
v 0.0870000 0.9130000 0.9130000
v 0.1050000 1.0000000 0.8950000
v 0.1045497 0.9570221 0.8954503
v 0.1454503 0.9570221 0.8954503
v 0.1450000 1.0000000 0.8950000
v 0.0994303 0.9332004 0.9005697
v 0.1505698 0.9332004 0.9005697
v 0.1050000 1.0000000 0.8550000
v 0.1450000 1.0000000 0.8550000
v 0.1454503 0.9570221 0.8545497
v 0.1045497 0.9570221 0.8545497
v 0.1505698 0.9332004 0.8494303
v 0.0994303 0.9332004 0.8494303
v 0.1630000 0.8370000 0.8370000
v 0.0870000 0.8370000 0.8370000
v 0.0870000 0.8370000 0.9130000
v 0.1630000 0.8370000 0.9130000
v 0.1450000 0.7500000 0.8550000
v 0.1450000 0.7500000 0.8950000
v 0.1050000 0.7500000 0.8950000
v 0.1050000 0.7500000 0.8550000
v 0.1630000 0.8370000 0.8370000
v 0.1630000 0.8370000 0.9130000
v 0.1505678 0.8167942 0.9005678
v 0.1505678 0.8167942 0.8494322
v 0.1454497 0.7929721 0.8954497
v 0.1454497 0.7929721 0.8545503
v 0.1450000 0.7500000 0.8950000
v 0.1450000 0.7500000 0.8550000
v 0.0870000 0.8370000 0.8370000
v 0.0994322 0.8167942 0.8494322
v 0.0994322 0.8167942 0.9005678
v 0.0870000 0.8370000 0.9130000
v 0.1045503 0.7929721 0.8545503
v 0.1045503 0.7929721 0.8954497
v 0.1050000 0.7500000 0.8550000
v 0.1050000 0.7500000 0.8950000
v 0.0994322 0.8167942 0.9005678
v 0.1505678 0.8167942 0.9005678
v 0.1045503 0.7929721 0.8954497
v 0.1454497 0.7929721 0.8954497
v 0.1050000 0.7500000 0.8950000
v 0.1450000 0.7500000 0.8950000
v 0.1505678 0.8167942 0.8494322
v 0.0994322 0.8167942 0.8494322
v 0.1454497 0.7929721 0.8545503
v 0.1045503 0.7929721 0.8545503
v 0.1450000 0.7500000 0.8550000
v 0.1050000 0.7500000 0.8550000
v 0.1630000 0.9130000 0.8370000
v 0.1630000 0.8370000 0.8370000
v 0.1630000 0.8370000 0.9130000
v 0.1630000 0.9130000 0.9130000
v 0.2500000 0.8950000 0.8550000
v 0.2500000 0.8950000 0.8950000
v 0.2500000 0.8550000 0.8950000
v 0.2500000 0.8550000 0.8550000
v 0.1832059 0.9005678 0.9005678
v 0.1832059 0.9005678 0.8494322
v 0.2070279 0.8954497 0.8954497
v 0.2070279 0.8954497 0.8545503
v 0.2500000 0.8950000 0.8950000
v 0.2500000 0.8950000 0.8550000
v 0.1832059 0.8494322 0.8494322
v 0.1832059 0.8494322 0.9005678
v 0.2070279 0.8545503 0.8545503
v 0.2070279 0.8545503 0.8954497
v 0.2500000 0.8550000 0.8550000
v 0.2500000 0.8550000 0.8950000
v 0.1832059 0.8494322 0.9005678
v 0.1832059 0.9005678 0.9005678
v 0.2070279 0.8545503 0.8954497
v 0.2070279 0.8954497 0.8954497
v 0.2500000 0.8550000 0.8950000
v 0.2500000 0.8950000 0.8950000
v 0.1832059 0.9005678 0.8494322
v 0.1832059 0.8494322 0.8494322
v 0.2070279 0.8954497 0.8545503
v 0.2070279 0.8545503 0.8545503
v 0.2500000 0.8950000 0.8550000
v 0.2500000 0.8550000 0.8550000
v 0.0000000 0.8950000 0.8550000
v 0.0000000 0.8550000 0.8550000
v 0.0000000 0.8550000 0.8950000
v 0.0000000 0.8950000 0.8950000
v 0.0870000 0.9130000 0.8370000
v 0.0870000 0.9130000 0.9130000
v 0.0870000 0.8370000 0.9130000
v 0.0870000 0.8370000 0.8370000
v 0.0000000 0.8950000 0.8550000
v 0.0000000 0.8950000 0.8950000
v 0.0429779 0.8954503 0.8954503
v 0.0429779 0.8954503 0.8545497
v 0.0667996 0.9005697 0.9005697
v 0.0667996 0.9005697 0.8494303
v 0.0000000 0.8550000 0.8550000
v 0.0429779 0.8545497 0.8545497
v 0.0429779 0.8545497 0.8954503
v 0.0000000 0.8550000 0.8950000
v 0.0667996 0.8494303 0.8494303
v 0.0667996 0.8494303 0.9005697
v 0.0000000 0.8550000 0.8950000
v 0.0429779 0.8545497 0.8954503
v 0.0429779 0.8954503 0.8954503
v 0.0000000 0.8950000 0.8950000
v 0.0667996 0.8494303 0.9005697
v 0.0667996 0.9005697 0.9005697
v 0.0000000 0.8550000 0.8550000
v 0.0000000 0.8950000 0.8550000
v 0.0429779 0.8954503 0.8545497
v 0.0429779 0.8545497 0.8545497
v 0.0667996 0.9005697 0.8494303
v 0.0667996 0.8494303 0.8494303
v 0.0870000 0.9130000 0.8370000
v 0.0870000 0.8370000 0.8370000
v 0.0870000 0.8370000 0.9130000
v 0.0870000 0.9130000 0.9130000
v 0.1630000 0.9130000 0.8370000
v 0.1630000 0.9130000 0.9130000
v 0.1630000 0.8370000 0.9130000
v 0.1630000 0.8370000 0.8370000
v 0.0870000 0.9130000 0.8370000
v 0.0870000 0.9130000 0.9130000
v 0.1630000 0.9130000 0.9130000
v 0.1630000 0.9130000 0.8370000
v 0.0870000 0.8370000 0.8370000
v 0.1630000 0.8370000 0.8370000
v 0.1630000 0.8370000 0.9130000
v 0.0870000 0.8370000 0.9130000
v 0.0870000 0.8370000 0.9130000
v 0.1630000 0.8370000 0.9130000
v 0.1630000 0.9130000 0.9130000
v 0.0870000 0.9130000 0.9130000
v 0.0870000 0.8370000 0.8370000
v 0.0870000 0.9130000 0.8370000
v 0.1630000 0.9130000 0.8370000
v 0.1630000 0.8370000 0.8370000
v 0.4130000 0.8370000 0.9130000
v 0.3370000 0.8370000 0.9130000
v 0.3370000 0.9130000 0.9130000
v 0.4130000 0.9130000 0.9130000
v 0.3950000 0.8550000 1.0000000
v 0.3950000 0.8950000 1.0000000
v 0.3550000 0.8950000 1.0000000
v 0.3550000 0.8550000 1.0000000
v 0.4130000 0.8370000 0.9130000
v 0.4130000 0.9130000 0.9130000
v 0.4005677 0.9005678 0.9332058
v 0.4005677 0.8494322 0.9332058
v 0.3954497 0.8954497 0.9570279
v 0.3954497 0.8545503 0.9570279
v 0.3950000 0.8950000 1.0000000
v 0.3950000 0.8550000 1.0000000
v 0.3370000 0.8370000 0.9130000
v 0.3494323 0.8494322 0.9332058
v 0.3494323 0.9005678 0.9332058
v 0.3370000 0.9130000 0.9130000
v 0.3545503 0.8545503 0.9570279
v 0.3545503 0.8954497 0.9570279
v 0.3550000 0.8550000 1.0000000
v 0.3550000 0.8950000 1.0000000
v 0.3370000 0.9130000 0.9130000
v 0.3494323 0.9005678 0.9332058
v 0.4005677 0.9005678 0.9332058
v 0.4130000 0.9130000 0.9130000
v 0.3545503 0.8954497 0.9570279
v 0.3954497 0.8954497 0.9570279
v 0.3550000 0.8950000 1.0000000
v 0.3950000 0.8950000 1.0000000
v 0.3370000 0.8370000 0.9130000
v 0.4130000 0.8370000 0.9130000
v 0.4005677 0.8494322 0.9332058
v 0.3494323 0.8494322 0.9332058
v 0.3954497 0.8545503 0.9570279
v 0.3545503 0.8545503 0.9570279
v 0.3950000 0.8550000 1.0000000
v 0.3550000 0.8550000 1.0000000
v 0.3950000 0.8550000 0.7500000
v 0.3550000 0.8550000 0.7500000
v 0.3550000 0.8950000 0.7500000
v 0.3950000 0.8950000 0.7500000
v 0.4130000 0.8370000 0.8370000
v 0.4130000 0.9130000 0.8370000
v 0.3370000 0.9130000 0.8370000
v 0.3370000 0.8370000 0.8370000
v 0.3950000 0.8550000 0.7500000
v 0.3950000 0.8950000 0.7500000
v 0.3954503 0.8954503 0.7929779
v 0.3954503 0.8545497 0.7929779
v 0.4005697 0.9005697 0.8167996
v 0.4005697 0.8494303 0.8167996
v 0.4130000 0.9130000 0.8370000
v 0.4130000 0.8370000 0.8370000
v 0.3550000 0.8550000 0.7500000
v 0.3545497 0.8545497 0.7929779
v 0.3545497 0.8954503 0.7929779
v 0.3550000 0.8950000 0.7500000
v 0.3494303 0.8494303 0.8167996
v 0.3494303 0.9005697 0.8167996
v 0.3370000 0.8370000 0.8370000
v 0.3370000 0.9130000 0.8370000
v 0.3550000 0.8950000 0.7500000
v 0.3545497 0.8954503 0.7929779
v 0.3954503 0.8954503 0.7929779
v 0.3950000 0.8950000 0.7500000
v 0.3494303 0.9005697 0.8167996
v 0.4005697 0.9005697 0.8167996
v 0.3370000 0.9130000 0.8370000
v 0.4130000 0.9130000 0.8370000
v 0.3550000 0.8550000 0.7500000
v 0.3950000 0.8550000 0.7500000
v 0.3954503 0.8545497 0.7929779
v 0.3545497 0.8545497 0.7929779
v 0.4005697 0.8494303 0.8167996
v 0.3494303 0.8494303 0.8167996
v 0.4130000 0.8370000 0.8370000
v 0.3370000 0.8370000 0.8370000
v 0.3950000 1.0000000 0.8550000
v 0.3550000 1.0000000 0.8550000
v 0.3550000 1.0000000 0.8950000
v 0.3950000 1.0000000 0.8950000
v 0.4130000 0.9130000 0.8370000
v 0.4130000 0.9130000 0.9130000
v 0.3370000 0.9130000 0.9130000
v 0.3370000 0.9130000 0.8370000
v 0.3950000 1.0000000 0.8550000
v 0.3950000 1.0000000 0.8950000
v 0.3954503 0.9570221 0.8954503
v 0.3954503 0.9570221 0.8545497
v 0.4005697 0.9332004 0.9005697
v 0.4005697 0.9332004 0.8494303
v 0.4130000 0.9130000 0.9130000
v 0.4130000 0.9130000 0.8370000
v 0.3550000 1.0000000 0.8550000
v 0.3545497 0.9570221 0.8545497
v 0.3545497 0.9570221 0.8954503
v 0.3550000 1.0000000 0.8950000
v 0.3494303 0.9332004 0.8494303
v 0.3494303 0.9332004 0.9005697
v 0.3370000 0.9130000 0.8370000
v 0.3370000 0.9130000 0.9130000
v 0.3550000 1.0000000 0.8950000
v 0.3545497 0.9570221 0.8954503
v 0.3954503 0.9570221 0.8954503
v 0.3950000 1.0000000 0.8950000
v 0.3494303 0.9332004 0.9005697
v 0.4005697 0.9332004 0.9005697
v 0.3550000 1.0000000 0.8550000
v 0.3950000 1.0000000 0.8550000
v 0.3954503 0.9570221 0.8545497
v 0.3545497 0.9570221 0.8545497
v 0.4005697 0.9332004 0.8494303
v 0.3494303 0.9332004 0.8494303
v 0.4130000 0.8370000 0.8370000
v 0.3370000 0.8370000 0.8370000
v 0.3370000 0.8370000 0.9130000
v 0.4130000 0.8370000 0.9130000
v 0.3950000 0.7500000 0.8550000
v 0.3950000 0.7500000 0.8950000
v 0.3550000 0.7500000 0.8950000
v 0.3550000 0.7500000 0.8550000
v 0.4130000 0.8370000 0.8370000
v 0.4130000 0.8370000 0.9130000
v 0.4005677 0.8167942 0.9005678
v 0.4005677 0.8167942 0.8494322
v 0.3954497 0.7929721 0.8954497
v 0.3954497 0.7929721 0.8545503
v 0.3950000 0.7500000 0.8950000
v 0.3950000 0.7500000 0.8550000
v 0.3370000 0.8370000 0.8370000
v 0.3494323 0.8167942 0.8494322
v 0.3494323 0.8167942 0.9005678
v 0.3370000 0.8370000 0.9130000
v 0.3545503 0.7929721 0.8545503
v 0.3545503 0.7929721 0.8954497
v 0.3550000 0.7500000 0.8550000
v 0.3550000 0.7500000 0.8950000
v 0.3494323 0.8167942 0.9005678
v 0.4005677 0.8167942 0.9005678
v 0.3545503 0.7929721 0.8954497
v 0.3954497 0.7929721 0.8954497
v 0.3550000 0.7500000 0.8950000
v 0.3950000 0.7500000 0.8950000
v 0.4005677 0.8167942 0.8494322
v 0.3494323 0.8167942 0.8494322
v 0.3954497 0.7929721 0.8545503
v 0.3545503 0.7929721 0.8545503
v 0.3950000 0.7500000 0.8550000
v 0.3550000 0.7500000 0.8550000
v 0.4130000 0.9130000 0.8370000
v 0.4130000 0.8370000 0.8370000
v 0.4130000 0.8370000 0.9130000
v 0.4130000 0.9130000 0.9130000
v 0.5000000 0.8950000 0.8550000
v 0.5000000 0.8950000 0.8950000
v 0.5000000 0.8550000 0.8950000
v 0.5000000 0.8550000 0.8550000
v 0.4332058 0.9005678 0.9005678
v 0.4332058 0.9005678 0.8494322
v 0.4570279 0.8954497 0.8954497
v 0.4570279 0.8954497 0.8545503
v 0.5000000 0.8950000 0.8950000
v 0.5000000 0.8950000 0.8550000
v 0.4332058 0.8494322 0.8494322
v 0.4332058 0.8494322 0.9005678
v 0.4570279 0.8545503 0.8545503
v 0.4570279 0.8545503 0.8954497
v 0.5000000 0.8550000 0.8550000
v 0.5000000 0.8550000 0.8950000
v 0.4332058 0.8494322 0.9005678
v 0.4332058 0.9005678 0.9005678
v 0.4570279 0.8545503 0.8954497
v 0.4570279 0.8954497 0.8954497
v 0.5000000 0.8550000 0.8950000
v 0.5000000 0.8950000 0.8950000
v 0.4332058 0.9005678 0.8494322
v 0.4332058 0.8494322 0.8494322
v 0.4570279 0.8954497 0.8545503
v 0.4570279 0.8545503 0.8545503
v 0.5000000 0.8950000 0.8550000
v 0.5000000 0.8550000 0.8550000
v 0.2500000 0.8950000 0.8550000
v 0.2500000 0.8550000 0.8550000
v 0.2500000 0.8550000 0.8950000
v 0.2500000 0.8950000 0.8950000
v 0.3370000 0.9130000 0.8370000
v 0.3370000 0.9130000 0.9130000
v 0.3370000 0.8370000 0.9130000
v 0.3370000 0.8370000 0.8370000
v 0.2500000 0.8950000 0.8550000
v 0.2500000 0.8950000 0.8950000
v 0.2929779 0.8954503 0.8954503
v 0.2929779 0.8954503 0.8545497
v 0.3167996 0.9005697 0.9005697
v 0.3167996 0.9005697 0.8494303
v 0.2500000 0.8550000 0.8550000
v 0.2929779 0.8545497 0.8545497
v 0.2929779 0.8545497 0.8954503
v 0.2500000 0.8550000 0.8950000
v 0.3167996 0.8494303 0.8494303
v 0.3167996 0.8494303 0.9005697
v 0.2500000 0.8550000 0.8950000
v 0.2929779 0.8545497 0.8954503
v 0.2929779 0.8954503 0.8954503
v 0.2500000 0.8950000 0.8950000
v 0.3167996 0.8494303 0.9005697
v 0.3167996 0.9005697 0.9005697
v 0.2500000 0.8550000 0.8550000
v 0.2500000 0.8950000 0.8550000
v 0.2929779 0.8954503 0.8545497
v 0.2929779 0.8545497 0.8545497
v 0.3167996 0.9005697 0.8494303
v 0.3167996 0.8494303 0.8494303
v 0.3370000 0.9130000 0.8370000
v 0.3370000 0.8370000 0.8370000
v 0.3370000 0.8370000 0.9130000
v 0.3370000 0.9130000 0.9130000
v 0.4130000 0.9130000 0.8370000
v 0.4130000 0.9130000 0.9130000
v 0.4130000 0.8370000 0.9130000
v 0.4130000 0.8370000 0.8370000
v 0.3370000 0.9130000 0.8370000
v 0.3370000 0.9130000 0.9130000
v 0.4130000 0.9130000 0.9130000
v 0.4130000 0.9130000 0.8370000
v 0.3370000 0.8370000 0.8370000
v 0.4130000 0.8370000 0.8370000
v 0.4130000 0.8370000 0.9130000
v 0.3370000 0.8370000 0.9130000
v 0.3370000 0.8370000 0.9130000
v 0.4130000 0.8370000 0.9130000
v 0.4130000 0.9130000 0.9130000
v 0.3370000 0.9130000 0.9130000
v 0.3370000 0.8370000 0.8370000
v 0.3370000 0.9130000 0.8370000
v 0.4130000 0.9130000 0.8370000
v 0.4130000 0.8370000 0.8370000
v 0.6630000 0.8370000 0.9130000
v 0.5870000 0.8370000 0.9130000
v 0.5870000 0.9130000 0.9130000
v 0.6630000 0.9130000 0.9130000
v 0.6450000 0.8550000 1.0000000
v 0.6450000 0.8950000 1.0000000
v 0.6050000 0.8950000 1.0000000
v 0.6050000 0.8550000 1.0000000
v 0.6630000 0.8370000 0.9130000
v 0.6630000 0.9130000 0.9130000
v 0.6505678 0.9005678 0.9332058
v 0.6505678 0.8494322 0.9332058
v 0.6454497 0.8954497 0.9570279
v 0.6454497 0.8545503 0.9570279
v 0.6450000 0.8950000 1.0000000
v 0.6450000 0.8550000 1.0000000
v 0.5870000 0.8370000 0.9130000
v 0.5994322 0.8494322 0.9332058
v 0.5994322 0.9005678 0.9332058
v 0.5870000 0.9130000 0.9130000
v 0.6045503 0.8545503 0.9570279
v 0.6045503 0.8954497 0.9570279
v 0.6050000 0.8550000 1.0000000
v 0.6050000 0.8950000 1.0000000
v 0.5870000 0.9130000 0.9130000
v 0.5994322 0.9005678 0.9332058
v 0.6505678 0.9005678 0.9332058
v 0.6630000 0.9130000 0.9130000
v 0.6045503 0.8954497 0.9570279
v 0.6454497 0.8954497 0.9570279
v 0.6050000 0.8950000 1.0000000
v 0.6450000 0.8950000 1.0000000
v 0.5870000 0.8370000 0.9130000
v 0.6630000 0.8370000 0.9130000
v 0.6505678 0.8494322 0.9332058
v 0.5994322 0.8494322 0.9332058
v 0.6454497 0.8545503 0.9570279
v 0.6045503 0.8545503 0.9570279
v 0.6450000 0.8550000 1.0000000
v 0.6050000 0.8550000 1.0000000
v 0.6450000 0.8550000 0.7500000
v 0.6050000 0.8550000 0.7500000
v 0.6050000 0.8950000 0.7500000
v 0.6450000 0.8950000 0.7500000
v 0.6630000 0.8370000 0.8370000
v 0.6630000 0.9130000 0.8370000
v 0.5870000 0.9130000 0.8370000
v 0.5870000 0.8370000 0.8370000
v 0.6450000 0.8550000 0.7500000
v 0.6450000 0.8950000 0.7500000
v 0.6454503 0.8954503 0.7929779
v 0.6454503 0.8545497 0.7929779
v 0.6505697 0.9005697 0.8167996
v 0.6505697 0.8494303 0.8167996
v 0.6630000 0.9130000 0.8370000
v 0.6630000 0.8370000 0.8370000
v 0.6050000 0.8550000 0.7500000
v 0.6045497 0.8545497 0.7929779
v 0.6045497 0.8954503 0.7929779
v 0.6050000 0.8950000 0.7500000
v 0.5994303 0.8494303 0.8167996
v 0.5994303 0.9005697 0.8167996
v 0.5870000 0.8370000 0.8370000
v 0.5870000 0.9130000 0.8370000
v 0.6050000 0.8950000 0.7500000
v 0.6045497 0.8954503 0.7929779
v 0.6454503 0.8954503 0.7929779
v 0.6450000 0.8950000 0.7500000
v 0.5994303 0.9005697 0.8167996
v 0.6505697 0.9005697 0.8167996
v 0.5870000 0.9130000 0.8370000
v 0.6630000 0.9130000 0.8370000
v 0.6050000 0.8550000 0.7500000
v 0.6450000 0.8550000 0.7500000
v 0.6454503 0.8545497 0.7929779
v 0.6045497 0.8545497 0.7929779
v 0.6505697 0.8494303 0.8167996
v 0.5994303 0.8494303 0.8167996
v 0.6630000 0.8370000 0.8370000
v 0.5870000 0.8370000 0.8370000
v 0.6450000 1.0000000 0.8550000
v 0.6050000 1.0000000 0.8550000
v 0.6050000 1.0000000 0.8950000
v 0.6450000 1.0000000 0.8950000
v 0.6630000 0.9130000 0.8370000
v 0.6630000 0.9130000 0.9130000
v 0.5870000 0.9130000 0.9130000
v 0.5870000 0.9130000 0.8370000
v 0.6450000 1.0000000 0.8550000
v 0.6450000 1.0000000 0.8950000
v 0.6454503 0.9570221 0.8954503
v 0.6454503 0.9570221 0.8545497
v 0.6505697 0.9332004 0.9005697
v 0.6505697 0.9332004 0.8494303
v 0.6630000 0.9130000 0.9130000
v 0.6630000 0.9130000 0.8370000
v 0.6050000 1.0000000 0.8550000
v 0.6045497 0.9570221 0.8545497
v 0.6045497 0.9570221 0.8954503
v 0.6050000 1.0000000 0.8950000
v 0.5994303 0.9332004 0.8494303
v 0.5994303 0.9332004 0.9005697
v 0.5870000 0.9130000 0.8370000
v 0.5870000 0.9130000 0.9130000
v 0.6050000 1.0000000 0.8950000
v 0.6045497 0.9570221 0.8954503
v 0.6454503 0.9570221 0.8954503
v 0.6450000 1.0000000 0.8950000
v 0.5994303 0.9332004 0.9005697
v 0.6505697 0.9332004 0.9005697
v 0.6050000 1.0000000 0.8550000
v 0.6450000 1.0000000 0.8550000
v 0.6454503 0.9570221 0.8545497
v 0.6045497 0.9570221 0.8545497
v 0.6505697 0.9332004 0.8494303
v 0.5994303 0.9332004 0.8494303
v 0.6630000 0.8370000 0.8370000
v 0.5870000 0.8370000 0.8370000
v 0.5870000 0.8370000 0.9130000
v 0.6630000 0.8370000 0.9130000
v 0.6450000 0.7500000 0.8550000
v 0.6450000 0.7500000 0.8950000
v 0.6050000 0.7500000 0.8950000
v 0.6050000 0.7500000 0.8550000
v 0.6630000 0.8370000 0.8370000
v 0.6630000 0.8370000 0.9130000
v 0.6505678 0.8167942 0.9005678
v 0.6505678 0.8167942 0.8494322
v 0.6454497 0.7929721 0.8954497
v 0.6454497 0.7929721 0.8545503
v 0.6450000 0.7500000 0.8950000
v 0.6450000 0.7500000 0.8550000
v 0.5870000 0.8370000 0.8370000
v 0.5994322 0.8167942 0.8494322
v 0.5994322 0.8167942 0.9005678
v 0.5870000 0.8370000 0.9130000
v 0.6045503 0.7929721 0.8545503
v 0.6045503 0.7929721 0.8954497
v 0.6050000 0.7500000 0.8550000
v 0.6050000 0.7500000 0.8950000
v 0.5994322 0.8167942 0.9005678
v 0.6505678 0.8167942 0.9005678
v 0.6045503 0.7929721 0.8954497
v 0.6454497 0.7929721 0.8954497
v 0.6050000 0.7500000 0.8950000
v 0.6450000 0.7500000 0.8950000
v 0.6505678 0.8167942 0.8494322
v 0.5994322 0.8167942 0.8494322
v 0.6454497 0.7929721 0.8545503
v 0.6045503 0.7929721 0.8545503
v 0.6450000 0.7500000 0.8550000
v 0.6050000 0.7500000 0.8550000
v 0.6630000 0.9130000 0.8370000
v 0.6630000 0.8370000 0.8370000
v 0.6630000 0.8370000 0.9130000
v 0.6630000 0.9130000 0.9130000
v 0.7500000 0.8950000 0.8550000
v 0.7500000 0.8950000 0.8950000
v 0.7500000 0.8550000 0.8950000
v 0.7500000 0.8550000 0.8550000
v 0.6832058 0.9005678 0.9005678
v 0.6832058 0.9005678 0.8494322
v 0.7070279 0.8954497 0.8954497
v 0.7070279 0.8954497 0.8545503
v 0.7500000 0.8950000 0.8950000
v 0.7500000 0.8950000 0.8550000
v 0.6832058 0.8494322 0.8494322
v 0.6832058 0.8494322 0.9005678
v 0.7070279 0.8545503 0.8545503
v 0.7070279 0.8545503 0.8954497
v 0.7500000 0.8550000 0.8550000
v 0.7500000 0.8550000 0.8950000
v 0.6832058 0.8494322 0.9005678
v 0.6832058 0.9005678 0.9005678
v 0.7070279 0.8545503 0.8954497
v 0.7070279 0.8954497 0.8954497
v 0.7500000 0.8550000 0.8950000
v 0.7500000 0.8950000 0.8950000
v 0.6832058 0.9005678 0.8494322
v 0.6832058 0.8494322 0.8494322
v 0.7070279 0.8954497 0.8545503
v 0.7070279 0.8545503 0.8545503
v 0.7500000 0.8950000 0.8550000
v 0.7500000 0.8550000 0.8550000
v 0.5000000 0.8950000 0.8550000
v 0.5000000 0.8550000 0.8550000
v 0.5000000 0.8550000 0.8950000
v 0.5000000 0.8950000 0.8950000
v 0.5870000 0.9130000 0.8370000
v 0.5870000 0.9130000 0.9130000
v 0.5870000 0.8370000 0.9130000
v 0.5870000 0.8370000 0.8370000
v 0.5000000 0.8950000 0.8550000
v 0.5000000 0.8950000 0.8950000
v 0.5429779 0.8954503 0.8954503
v 0.5429779 0.8954503 0.8545497
v 0.5667996 0.9005697 0.9005697
v 0.5667996 0.9005697 0.8494303
v 0.5000000 0.8550000 0.8550000
v 0.5429779 0.8545497 0.8545497
v 0.5429779 0.8545497 0.8954503
v 0.5000000 0.8550000 0.8950000
v 0.5667996 0.8494303 0.8494303
v 0.5667996 0.8494303 0.9005697
v 0.5000000 0.8550000 0.8950000
v 0.5429779 0.8545497 0.8954503
v 0.5429779 0.8954503 0.8954503
v 0.5000000 0.8950000 0.8950000
v 0.5667996 0.8494303 0.9005697
v 0.5667996 0.9005697 0.9005697
v 0.5000000 0.8550000 0.8550000
v 0.5000000 0.8950000 0.8550000
v 0.5429779 0.8954503 0.8545497
v 0.5429779 0.8545497 0.8545497
v 0.5667996 0.9005697 0.8494303
v 0.5667996 0.8494303 0.8494303
v 0.5870000 0.9130000 0.8370000
v 0.5870000 0.8370000 0.8370000
v 0.5870000 0.8370000 0.9130000
v 0.5870000 0.9130000 0.9130000
v 0.6630000 0.9130000 0.8370000
v 0.6630000 0.9130000 0.9130000
v 0.6630000 0.8370000 0.9130000
v 0.6630000 0.8370000 0.8370000
v 0.5870000 0.9130000 0.8370000
v 0.5870000 0.9130000 0.9130000
v 0.6630000 0.9130000 0.9130000
v 0.6630000 0.9130000 0.8370000
v 0.5870000 0.8370000 0.8370000
v 0.6630000 0.8370000 0.8370000
v 0.6630000 0.8370000 0.9130000
v 0.5870000 0.8370000 0.9130000
v 0.5870000 0.8370000 0.9130000
v 0.6630000 0.8370000 0.9130000
v 0.6630000 0.9130000 0.9130000
v 0.5870000 0.9130000 0.9130000
v 0.5870000 0.8370000 0.8370000
v 0.5870000 0.9130000 0.8370000
v 0.6630000 0.9130000 0.8370000
v 0.6630000 0.8370000 0.8370000
v 0.9130000 0.8370000 0.9130000
v 0.8370000 0.8370000 0.9130000
v 0.8370000 0.9130000 0.9130000
v 0.9130000 0.9130000 0.9130000
v 0.8950000 0.8550000 1.0000000
v 0.8950000 0.8950000 1.0000000
v 0.8550000 0.8950000 1.0000000
v 0.8550000 0.8550000 1.0000000
v 0.9130000 0.8370000 0.9130000
v 0.9130000 0.9130000 0.9130000
v 0.9005678 0.9005678 0.9332058
v 0.9005678 0.8494322 0.9332058
v 0.8954497 0.8954497 0.9570279
v 0.8954497 0.8545503 0.9570279
v 0.8950000 0.8950000 1.0000000
v 0.8950000 0.8550000 1.0000000
v 0.8370000 0.8370000 0.9130000
v 0.8494322 0.8494322 0.9332058
v 0.8494322 0.9005678 0.9332058
v 0.8370000 0.9130000 0.9130000
v 0.8545503 0.8545503 0.9570279
v 0.8545503 0.8954497 0.9570279
v 0.8550000 0.8550000 1.0000000
v 0.8550000 0.8950000 1.0000000
v 0.8370000 0.9130000 0.9130000
v 0.8494322 0.9005678 0.9332058
v 0.9005678 0.9005678 0.9332058
v 0.9130000 0.9130000 0.9130000
v 0.8545503 0.8954497 0.9570279
v 0.8954497 0.8954497 0.9570279
v 0.8550000 0.8950000 1.0000000
v 0.8950000 0.8950000 1.0000000
v 0.8370000 0.8370000 0.9130000
v 0.9130000 0.8370000 0.9130000
v 0.9005678 0.8494322 0.9332058
v 0.8494322 0.8494322 0.9332058
v 0.8954497 0.8545503 0.9570279
v 0.8545503 0.8545503 0.9570279
v 0.8950000 0.8550000 1.0000000
v 0.8550000 0.8550000 1.0000000
v 0.8950000 0.8550000 0.7500000
v 0.8550000 0.8550000 0.7500000
v 0.8550000 0.8950000 0.7500000
v 0.8950000 0.8950000 0.7500000
v 0.9130000 0.8370000 0.8370000
v 0.9130000 0.9130000 0.8370000
v 0.8370000 0.9130000 0.8370000
v 0.8370000 0.8370000 0.8370000
v 0.8950000 0.8550000 0.7500000
v 0.8950000 0.8950000 0.7500000
v 0.8954503 0.8954503 0.7929779
v 0.8954503 0.8545497 0.7929779
v 0.9005697 0.9005697 0.8167996
v 0.9005697 0.8494303 0.8167996
v 0.9130000 0.9130000 0.8370000
v 0.9130000 0.8370000 0.8370000
v 0.8550000 0.8550000 0.7500000
v 0.8545497 0.8545497 0.7929779
v 0.8545497 0.8954503 0.7929779
v 0.8550000 0.8950000 0.7500000
v 0.8494303 0.8494303 0.8167996
v 0.8494303 0.9005697 0.8167996
v 0.8370000 0.8370000 0.8370000
v 0.8370000 0.9130000 0.8370000
v 0.8550000 0.8950000 0.7500000
v 0.8545497 0.8954503 0.7929779
v 0.8954503 0.8954503 0.7929779
v 0.8950000 0.8950000 0.7500000
v 0.8494303 0.9005697 0.8167996
v 0.9005697 0.9005697 0.8167996
v 0.8370000 0.9130000 0.8370000
v 0.9130000 0.9130000 0.8370000
v 0.8550000 0.8550000 0.7500000
v 0.8950000 0.8550000 0.7500000
v 0.8954503 0.8545497 0.7929779
v 0.8545497 0.8545497 0.7929779
v 0.9005697 0.8494303 0.8167996
v 0.8494303 0.8494303 0.8167996
v 0.9130000 0.8370000 0.8370000
v 0.8370000 0.8370000 0.8370000
v 0.8950000 1.0000000 0.8550000
v 0.8550000 1.0000000 0.8550000
v 0.8550000 1.0000000 0.8950000
v 0.8950000 1.0000000 0.8950000
v 0.9130000 0.9130000 0.8370000
v 0.9130000 0.9130000 0.9130000
v 0.8370000 0.9130000 0.9130000
v 0.8370000 0.9130000 0.8370000
v 0.8950000 1.0000000 0.8550000
v 0.8950000 1.0000000 0.8950000
v 0.8954503 0.9570221 0.8954503
v 0.8954503 0.9570221 0.8545497
v 0.9005697 0.9332004 0.9005697
v 0.9005697 0.9332004 0.8494303
v 0.9130000 0.9130000 0.9130000
v 0.9130000 0.9130000 0.8370000
v 0.8550000 1.0000000 0.8550000
v 0.8545497 0.9570221 0.8545497
v 0.8545497 0.9570221 0.8954503
v 0.8550000 1.0000000 0.8950000
v 0.8494303 0.9332004 0.8494303
v 0.8494303 0.9332004 0.9005697
v 0.8370000 0.9130000 0.8370000
v 0.8370000 0.9130000 0.9130000
v 0.8550000 1.0000000 0.8950000
v 0.8545497 0.9570221 0.8954503
v 0.8954503 0.9570221 0.8954503
v 0.8950000 1.0000000 0.8950000
v 0.8494303 0.9332004 0.9005697
v 0.9005697 0.9332004 0.9005697
v 0.8550000 1.0000000 0.8550000
v 0.8950000 1.0000000 0.8550000
v 0.8954503 0.9570221 0.8545497
v 0.8545497 0.9570221 0.8545497
v 0.9005697 0.9332004 0.8494303
v 0.8494303 0.9332004 0.8494303
v 0.9130000 0.8370000 0.8370000
v 0.8370000 0.8370000 0.8370000
v 0.8370000 0.8370000 0.9130000
v 0.9130000 0.8370000 0.9130000
v 0.8950000 0.7500000 0.8550000
v 0.8950000 0.7500000 0.8950000
v 0.8550000 0.7500000 0.8950000
v 0.8550000 0.7500000 0.8550000
v 0.9130000 0.8370000 0.8370000
v 0.9130000 0.8370000 0.9130000
v 0.9005678 0.8167942 0.9005678
v 0.9005678 0.8167942 0.8494322
v 0.8954497 0.7929721 0.8954497
v 0.8954497 0.7929721 0.8545503
v 0.8950000 0.7500000 0.8950000
v 0.8950000 0.7500000 0.8550000
v 0.8370000 0.8370000 0.8370000
v 0.8494322 0.8167942 0.8494322
v 0.8494322 0.8167942 0.9005678
v 0.8370000 0.8370000 0.9130000
v 0.8545503 0.7929721 0.8545503
v 0.8545503 0.7929721 0.8954497
v 0.8550000 0.7500000 0.8550000
v 0.8550000 0.7500000 0.8950000
v 0.8494322 0.8167942 0.9005678
v 0.9005678 0.8167942 0.9005678
v 0.8545503 0.7929721 0.8954497
v 0.8954497 0.7929721 0.8954497
v 0.8550000 0.7500000 0.8950000
v 0.8950000 0.7500000 0.8950000
v 0.9005678 0.8167942 0.8494322
v 0.8494322 0.8167942 0.8494322
v 0.8954497 0.7929721 0.8545503
v 0.8545503 0.7929721 0.8545503
v 0.8950000 0.7500000 0.8550000
v 0.8550000 0.7500000 0.8550000
v 0.9130000 0.9130000 0.8370000
v 0.9130000 0.8370000 0.8370000
v 0.9130000 0.8370000 0.9130000
v 0.9130000 0.9130000 0.9130000
v 1.0000000 0.8950000 0.8550000
v 1.0000000 0.8950000 0.8950000
v 1.0000000 0.8550000 0.8950000
v 1.0000000 0.8550000 0.8550000
v 0.9332058 0.9005678 0.9005678
v 0.9332058 0.9005678 0.8494322
v 0.9570279 0.8954497 0.8954497
v 0.9570279 0.8954497 0.8545503
v 1.0000000 0.8950000 0.8950000
v 1.0000000 0.8950000 0.8550000
v 0.9332058 0.8494322 0.8494322
v 0.9332058 0.8494322 0.9005678
v 0.9570279 0.8545503 0.8545503
v 0.9570279 0.8545503 0.8954497
v 1.0000000 0.8550000 0.8550000
v 1.0000000 0.8550000 0.8950000
v 0.9332058 0.8494322 0.9005678
v 0.9332058 0.9005678 0.9005678
v 0.9570279 0.8545503 0.8954497
v 0.9570279 0.8954497 0.8954497
v 1.0000000 0.8550000 0.8950000
v 1.0000000 0.8950000 0.8950000
v 0.9332058 0.9005678 0.8494322
v 0.9332058 0.8494322 0.8494322
v 0.9570279 0.8954497 0.8545503
v 0.9570279 0.8545503 0.8545503
v 1.0000000 0.8950000 0.8550000
v 1.0000000 0.8550000 0.8550000
v 0.7500000 0.8950000 0.8550000
v 0.7500000 0.8550000 0.8550000
v 0.7500000 0.8550000 0.8950000
v 0.7500000 0.8950000 0.8950000
v 0.8370000 0.9130000 0.8370000
v 0.8370000 0.9130000 0.9130000
v 0.8370000 0.8370000 0.9130000
v 0.8370000 0.8370000 0.8370000
v 0.7500000 0.8950000 0.8550000
v 0.7500000 0.8950000 0.8950000
v 0.7929779 0.8954503 0.8954503
v 0.7929779 0.8954503 0.8545497
v 0.8167996 0.9005697 0.9005697
v 0.8167996 0.9005697 0.8494303
v 0.7500000 0.8550000 0.8550000
v 0.7929779 0.8545497 0.8545497
v 0.7929779 0.8545497 0.8954503
v 0.7500000 0.8550000 0.8950000
v 0.8167996 0.8494303 0.8494303
v 0.8167996 0.8494303 0.9005697
v 0.7500000 0.8550000 0.8950000
v 0.7929779 0.8545497 0.8954503
v 0.7929779 0.8954503 0.8954503
v 0.7500000 0.8950000 0.8950000
v 0.8167996 0.8494303 0.9005697
v 0.8167996 0.9005697 0.9005697
v 0.7500000 0.8550000 0.8550000
v 0.7500000 0.8950000 0.8550000
v 0.7929779 0.8954503 0.8545497
v 0.7929779 0.8545497 0.8545497
v 0.8167996 0.9005697 0.8494303
v 0.8167996 0.8494303 0.8494303
v 0.8370000 0.9130000 0.8370000
v 0.8370000 0.8370000 0.8370000
v 0.8370000 0.8370000 0.9130000
v 0.8370000 0.9130000 0.9130000
v 0.9130000 0.9130000 0.8370000
v 0.9130000 0.9130000 0.9130000
v 0.9130000 0.8370000 0.9130000
v 0.9130000 0.8370000 0.8370000
v 0.8370000 0.9130000 0.8370000
v 0.8370000 0.9130000 0.9130000
v 0.9130000 0.9130000 0.9130000
v 0.9130000 0.9130000 0.8370000
v 0.8370000 0.8370000 0.8370000
v 0.9130000 0.8370000 0.8370000
v 0.9130000 0.8370000 0.9130000
v 0.8370000 0.8370000 0.9130000
v 0.8370000 0.8370000 0.9130000
v 0.9130000 0.8370000 0.9130000
v 0.9130000 0.9130000 0.9130000
v 0.8370000 0.9130000 0.9130000
v 0.8370000 0.8370000 0.8370000
v 0.8370000 0.9130000 0.8370000
v 0.9130000 0.9130000 0.8370000
v 0.9130000 0.8370000 0.8370000
# 15360 vertices, 0 vertices normals

f 1 2 3
f 1 3 4
f 5 6 7
f 5 7 8
f 9 10 11
f 9 11 12
f 12 11 13
f 12 13 14
f 14 13 15
f 14 15 16
f 17 18 19
f 17 19 20
f 18 21 22
f 18 22 19
f 21 23 24
f 21 24 22
f 25 26 27
f 25 27 28
f 26 29 30
f 26 30 27
f 29 31 32
f 29 32 30
f 33 34 35
f 33 35 36
f 36 35 37
f 36 37 38
f 38 37 39
f 38 39 40
f 41 42 43
f 41 43 44
f 45 46 47
f 45 47 48
f 49 50 51
f 49 51 52
f 52 51 53
f 52 53 54
f 54 53 55
f 54 55 56
f 57 58 59
f 57 59 60
f 58 61 62
f 58 62 59
f 61 63 64
f 61 64 62
f 65 66 67
f 65 67 68
f 66 69 70
f 66 70 67
f 69 71 72
f 69 72 70
f 73 74 75
f 73 75 76
f 76 75 77
f 76 77 78
f 78 77 79
f 78 79 80
f 81 82 83
f 81 83 84
f 85 86 87
f 85 87 88
f 89 90 91
f 89 91 92
f 92 91 93
f 92 93 94
f 94 93 95
f 94 95 96
f 97 98 99
f 97 99 100
f 98 101 102
f 98 102 99
f 101 103 104
f 101 104 102
f 105 106 107
f 105 107 108
f 106 109 110
f 106 110 107
f 109 25 28
f 109 28 110
f 111 112 113
f 111 113 114
f 114 113 115
f 114 115 116
f 116 115 72
f 116 72 71
f 117 118 119
f 117 119 120
f 121 122 123
f 121 123 124
f 125 126 127
f 125 127 128
f 128 127 129
f 128 129 130
f 130 129 131
f 130 131 132
f 133 134 135
f 133 135 136
f 134 137 138
f 134 138 135
f 137 139 140
f 137 140 138
f 33 141 142
f 33 142 34
f 141 143 144
f 141 144 142
f 143 145 146
f 143 146 144
f 80 79 147
f 80 147 148
f 148 147 149
f 148 149 150
f 150 149 151
f 150 151 152
f 153 154 155
f 153 155 156
f 157 158 159
f 157 159 160
f 96 95 161
f 96 161 162
f 162 161 163
f 162 163 164
f 164 163 165
f 164 165 166
f 125 167 168
f 125 168 126
f 167 169 170
f 167 170 168
f 169 171 172
f 169 172 170
f 9 173 174
f 9 174 10
f 173 175 176
f 173 176 174
f 175 177 178
f 175 178 176
f 56 55 179
f 56 179 180
f 180 179 181
f 180 181 182
f 182 181 183
f 182 183 184
f 185 186 187
f 185 187 188
f 189 190 191
f 189 191 192
f 193 194 195
f 193 195 196
f 196 195 197
f 196 197 198
f 198 197 104
f 198 104 103
f 199 200 201
f 199 201 202
f 200 203 204
f 200 204 201
f 203 133 136
f 203 136 204
f 205 206 207
f 205 207 208
f 206 209 210
f 206 210 207
f 209 17 20
f 209 20 210
f 211 212 213
f 211 213 214
f 214 213 215
f 214 215 216
f 216 215 64
f 216 64 63
f 217 218 219
f 217 219 220
f 221 222 223
f 221 223 224
f 225 226 227
f 225 227 228
f 229 230 231
f 229 231 232
f 233 234 235
f 233 235 236
f 237 238 239
f 237 239 240
f 241 242 243
f 241 243 244
f 245 246 247
f 245 247 248
f 249 250 251
f 249 251 252
f 252 251 253
f 252 253 254
f 254 253 255
f 254 255 256
f 257 258 259
f 257 259 260
f 258 261 262
f 258 262 259
f 261 263 264
f 261 264 262
f 265 266 267
f 265 267 268
f 266 269 270
f 266 270 267
f 269 271 272
f 269 272 270
f 273 274 275
f 273 275 276
f 276 275 277
f 276 277 278
f 278 277 279
f 278 279 280
f 281 282 283
f 281 283 284
f 285 286 287
f 285 287 288
f 289 290 291
f 289 291 292
f 292 291 293
f 292 293 294
f 294 293 295
f 294 295 296
f 297 298 299
f 297 299 300
f 298 301 302
f 298 302 299
f 301 303 304
f 301 304 302
f 305 306 307
f 305 307 308
f 306 309 310
f 306 310 307
f 309 311 312
f 309 312 310
f 313 314 315
f 313 315 316
f 316 315 317
f 316 317 318
f 318 317 319
f 318 319 320
f 321 322 323
f 321 323 324
f 325 326 327
f 325 327 328
f 329 330 331
f 329 331 332
f 332 331 333
f 332 333 334
f 334 333 335
f 334 335 336
f 337 338 339
f 337 339 340
f 338 341 342
f 338 342 339
f 341 343 344
f 341 344 342
f 345 346 347
f 345 347 348
f 346 349 350
f 346 350 347
f 349 265 268
f 349 268 350
f 351 352 353
f 351 353 354
f 354 353 355
f 354 355 356
f 356 355 312
f 356 312 311
f 357 358 359
f 357 359 360
f 361 362 363
f 361 363 364
f 365 366 367
f 365 367 368
f 368 367 369
f 368 369 370
f 370 369 371
f 370 371 372
f 373 374 375
f 373 375 376
f 374 377 378
f 374 378 375
f 377 379 380
f 377 380 378
f 273 381 382
f 273 382 274
f 381 383 384
f 381 384 382
f 383 385 386
f 383 386 384
f 320 319 387
f 320 387 388
f 388 387 389
f 388 389 390
f 390 389 391
f 390 391 392
f 393 394 395
f 393 395 396
f 397 398 399
f 397 399 400
f 336 335 401
f 336 401 402
f 402 401 403
f 402 403 404
f 404 403 405
f 404 405 406
f 365 407 408
f 365 408 366
f 407 409 410
f 407 410 408
f 409 411 412
f 409 412 410
f 249 413 414
f 249 414 250
f 413 415 416
f 413 416 414
f 415 417 418
f 415 418 416
f 296 295 419
f 296 419 420
f 420 419 421
f 420 421 422
f 422 421 423
f 422 423 424
f 425 426 427
f 425 427 428
f 429 430 431
f 429 431 432
f 433 434 435
f 433 435 436
f 436 435 437
f 436 437 438
f 438 437 344
f 438 344 343
f 439 440 441
f 439 441 442
f 440 443 444
f 440 444 441
f 443 373 376
f 443 376 444
f 445 446 447
f 445 447 448
f 446 449 450
f 446 450 447
f 449 257 260
f 449 260 450
f 451 452 453
f 451 453 454
f 454 453 455
f 454 455 456
f 456 455 304
f 456 304 303
f 457 458 459
f 457 459 460
f 461 462 463
f 461 463 464
f 465 466 467
f 465 467 468
f 469 470 471
f 469 471 472
f 473 474 475
f 473 475 476
f 477 478 479
f 477 479 480
f 481 482 483
f 481 483 484
f 485 486 487
f 485 487 488
f 489 490 491
f 489 491 492
f 492 491 493
f 492 493 494
f 494 493 495
f 494 495 496
f 497 498 499
f 497 499 500
f 498 501 502
f 498 502 499
f 501 503 504
f 501 504 502
f 505 506 507
f 505 507 508
f 506 509 510
f 506 510 507
f 509 511 512
f 509 512 510
f 513 514 515
f 513 515 516
f 516 515 517
f 516 517 518
f 518 517 519
f 518 519 520
f 521 522 523
f 521 523 524
f 525 526 527
f 525 527 528
f 529 530 531
f 529 531 532
f 532 531 533
f 532 533 534
f 534 533 535
f 534 535 536
f 537 538 539
f 537 539 540
f 538 541 542
f 538 542 539
f 541 543 544
f 541 544 542
f 545 546 547
f 545 547 548
f 546 549 550
f 546 550 547
f 549 551 552
f 549 552 550
f 553 554 555
f 553 555 556
f 556 555 557
f 556 557 558
f 558 557 559
f 558 559 560
f 561 562 563
f 561 563 564
f 565 566 567
f 565 567 568
f 569 570 571
f 569 571 572
f 572 571 573
f 572 573 574
f 574 573 575
f 574 575 576
f 577 578 579
f 577 579 580
f 578 581 582
f 578 582 579
f 581 583 584
f 581 584 582
f 585 586 587
f 585 587 588
f 586 589 590
f 586 590 587
f 589 505 508
f 589 508 590
f 591 592 593
f 591 593 594
f 594 593 595
f 594 595 596
f 596 595 552
f 596 552 551
f 597 598 599
f 597 599 600
f 601 602 603
f 601 603 604
f 605 606 607
f 605 607 608
f 608 607 609
f 608 609 610
f 610 609 611
f 610 611 612
f 613 614 615
f 613 615 616
f 614 617 618
f 614 618 615
f 617 619 620
f 617 620 618
f 513 621 622
f 513 622 514
f 621 623 624
f 621 624 622
f 623 625 626
f 623 626 624
f 560 559 627
f 560 627 628
f 628 627 629
f 628 629 630
f 630 629 631
f 630 631 632
f 633 634 635
f 633 635 636
f 637 638 639
f 637 639 640
f 576 575 641
f 576 641 642
f 642 641 643
f 642 643 644
f 644 643 645
f 644 645 646
f 605 647 648
f 605 648 606
f 647 649 650
f 647 650 648
f 649 651 652
f 649 652 650
f 489 653 654
f 489 654 490
f 653 655 656
f 653 656 654
f 655 657 658
f 655 658 656
f 536 535 659
f 536 659 660
f 660 659 661
f 660 661 662
f 662 661 663
f 662 663 664
f 665 666 667
f 665 667 668
f 669 670 671
f 669 671 672
f 673 674 675
f 673 675 676
f 676 675 677
f 676 677 678
f 678 677 584
f 678 584 583
f 679 680 681
f 679 681 682
f 680 683 684
f 680 684 681
f 683 613 616
f 683 616 684
f 685 686 687
f 685 687 688
f 686 689 690
f 686 690 687
f 689 497 500
f 689 500 690
f 691 692 693
f 691 693 694
f 694 693 695
f 694 695 696
f 696 695 544
f 696 544 543
f 697 698 699
f 697 699 700
f 701 702 703
f 701 703 704
f 705 706 707
f 705 707 708
f 709 710 711
f 709 711 712
f 713 714 715
f 713 715 716
f 717 718 719
f 717 719 720
f 721 722 723
f 721 723 724
f 725 726 727
f 725 727 728
f 729 730 731
f 729 731 732
f 732 731 733
f 732 733 734
f 734 733 735
f 734 735 736
f 737 738 739
f 737 739 740
f 738 741 742
f 738 742 739
f 741 743 744
f 741 744 742
f 745 746 747
f 745 747 748
f 746 749 750
f 746 750 747
f 749 751 752
f 749 752 750
f 753 754 755
f 753 755 756
f 756 755 757
f 756 757 758
f 758 757 759
f 758 759 760
f 761 762 763
f 761 763 764
f 765 766 767
f 765 767 768
f 769 770 771
f 769 771 772
f 772 771 773
f 772 773 774
f 774 773 775
f 774 775 776
f 777 778 779
f 777 779 780
f 778 781 782
f 778 782 779
f 781 783 784
f 781 784 782
f 785 786 787
f 785 787 788
f 786 789 790
f 786 790 787
f 789 791 792
f 789 792 790
f 793 794 795
f 793 795 796
f 796 795 797
f 796 797 798
f 798 797 799
f 798 799 800
f 801 802 803
f 801 803 804
f 805 806 807
f 805 807 808
f 809 810 811
f 809 811 812
f 812 811 813
f 812 813 814
f 814 813 815
f 814 815 816
f 817 818 819
f 817 819 820
f 818 821 822
f 818 822 819
f 821 823 824
f 821 824 822
f 825 826 827
f 825 827 828
f 826 829 830
f 826 830 827
f 829 745 748
f 829 748 830
f 831 832 833
f 831 833 834
f 834 833 835
f 834 835 836
f 836 835 792
f 836 792 791
f 837 838 839
f 837 839 840
f 841 842 843
f 841 843 844
f 845 846 847
f 845 847 848
f 848 847 849
f 848 849 850
f 850 849 851
f 850 851 852
f 853 854 855
f 853 855 856
f 854 857 858
f 854 858 855
f 857 859 860
f 857 860 858
f 753 861 862
f 753 862 754
f 861 863 864
f 861 864 862
f 863 865 866
f 863 866 864
f 800 799 867
f 800 867 868
f 868 867 869
f 868 869 870
f 870 869 871
f 870 871 872
f 873 874 875
f 873 875 876
f 877 878 879
f 877 879 880
f 816 815 881
f 816 881 882
f 882 881 883
f 882 883 884
f 884 883 885
f 884 885 886
f 845 887 888
f 845 888 846
f 887 889 890
f 887 890 888
f 889 891 892
f 889 892 890
f 729 893 894
f 729 894 730
f 893 895 896
f 893 896 894
f 895 897 898
f 895 898 896
f 776 775 899
f 776 899 900
f 900 899 901
f 900 901 902
f 902 901 903
f 902 903 904
f 905 906 907
f 905 907 908
f 909 910 911
f 909 911 912
f 913 914 915
f 913 915 916
f 916 915 917
f 916 917 918
f 918 917 824
f 918 824 823
f 919 920 921
f 919 921 922
f 920 923 924
f 920 924 921
f 923 853 856
f 923 856 924
f 925 926 927
f 925 927 928
f 926 929 930
f 926 930 927
f 929 737 740
f 929 740 930
f 931 932 933
f 931 933 934
f 934 933 935
f 934 935 936
f 936 935 784
f 936 784 783
f 937 938 939
f 937 939 940
f 941 942 943
f 941 943 944
f 945 946 947
f 945 947 948
f 949 950 951
f 949 951 952
f 953 954 955
f 953 955 956
f 957 958 959
f 957 959 960
f 961 962 963
f 961 963 964
f 965 966 967
f 965 967 968
f 969 970 971
f 969 971 972
f 972 971 973
f 972 973 974
f 974 973 975
f 974 975 976
f 977 978 979
f 977 979 980
f 978 981 982
f 978 982 979
f 981 983 984
f 981 984 982
f 985 986 987
f 985 987 988
f 986 989 990
f 986 990 987
f 989 991 992
f 989 992 990
f 993 994 995
f 993 995 996
f 996 995 997
f 996 997 998
f 998 997 999
f 998 999 1000
f 1001 1002 1003
f 1001 1003 1004
f 1005 1006 1007
f 1005 1007 1008
f 1009 1010 1011
f 1009 1011 1012
f 1012 1011 1013
f 1012 1013 1014
f 1014 1013 1015
f 1014 1015 1016
f 1017 1018 1019
f 1017 1019 1020
f 1018 1021 1022
f 1018 1022 1019
f 1021 1023 1024
f 1021 1024 1022
f 1025 1026 1027
f 1025 1027 1028
f 1026 1029 1030
f 1026 1030 1027
f 1029 1031 1032
f 1029 1032 1030
f 1033 1034 1035
f 1033 1035 1036
f 1036 1035 1037
f 1036 1037 1038
f 1038 1037 1039
f 1038 1039 1040
f 1041 1042 1043
f 1041 1043 1044
f 1045 1046 1047
f 1045 1047 1048
f 1049 1050 1051
f 1049 1051 1052
f 1052 1051 1053
f 1052 1053 1054
f 1054 1053 1055
f 1054 1055 1056
f 1057 1058 1059
f 1057 1059 1060
f 1058 1061 1062
f 1058 1062 1059
f 1061 1063 1064
f 1061 1064 1062
f 1065 1066 1067
f 1065 1067 1068
f 1066 1069 1070
f 1066 1070 1067
f 1069 985 988
f 1069 988 1070
f 1071 1072 1073
f 1071 1073 1074
f 1074 1073 1075
f 1074 1075 1076
f 1076 1075 1032
f 1076 1032 1031
f 1077 1078 1079
f 1077 1079 1080
f 1081 1082 1083
f 1081 1083 1084
f 1085 1086 1087
f 1085 1087 1088
f 1088 1087 1089
f 1088 1089 1090
f 1090 1089 1091
f 1090 1091 1092
f 1093 1094 1095
f 1093 1095 1096
f 1094 1097 1098
f 1094 1098 1095
f 1097 1099 1100
f 1097 1100 1098
f 993 1101 1102
f 993 1102 994
f 1101 1103 1104
f 1101 1104 1102
f 1103 1105 1106
f 1103 1106 1104
f 1040 1039 1107
f 1040 1107 1108
f 1108 1107 1109
f 1108 1109 1110
f 1110 1109 1111
f 1110 1111 1112
f 1113 1114 1115
f 1113 1115 1116
f 1117 1118 1119
f 1117 1119 1120
f 1056 1055 1121
f 1056 1121 1122
f 1122 1121 1123
f 1122 1123 1124
f 1124 1123 1125
f 1124 1125 1126
f 1085 1127 1128
f 1085 1128 1086
f 1127 1129 1130
f 1127 1130 1128
f 1129 1131 1132
f 1129 1132 1130
f 969 1133 1134
f 969 1134 970
f 1133 1135 1136
f 1133 1136 1134
f 1135 1137 1138
f 1135 1138 1136
f 1016 1015 1139
f 1016 1139 1140
f 1140 1139 1141
f 1140 1141 1142
f 1142 1141 1143
f 1142 1143 1144
f 1145 1146 1147
f 1145 1147 1148
f 1149 1150 1151
f 1149 1151 1152
f 1153 1154 1155
f 1153 1155 1156
f 1156 1155 1157
f 1156 1157 1158
f 1158 1157 1064
f 1158 1064 1063
f 1159 1160 1161
f 1159 1161 1162
f 1160 1163 1164
f 1160 1164 1161
f 1163 1093 1096
f 1163 1096 1164
f 1165 1166 1167
f 1165 1167 1168
f 1166 1169 1170
f 1166 1170 1167
f 1169 977 980
f 1169 980 1170
f 1171 1172 1173
f 1171 1173 1174
f 1174 1173 1175
f 1174 1175 1176
f 1176 1175 1024
f 1176 1024 1023
f 1177 1178 1179
f 1177 1179 1180
f 1181 1182 1183
f 1181 1183 1184
f 1185 1186 1187
f 1185 1187 1188
f 1189 1190 1191
f 1189 1191 1192
f 1193 1194 1195
f 1193 1195 1196
f 1197 1198 1199
f 1197 1199 1200
f 1201 1202 1203
f 1201 1203 1204
f 1205 1206 1207
f 1205 1207 1208
f 1209 1210 1211
f 1209 1211 1212
f 1212 1211 1213
f 1212 1213 1214
f 1214 1213 1215
f 1214 1215 1216
f 1217 1218 1219
f 1217 1219 1220
f 1218 1221 1222
f 1218 1222 1219
f 1221 1223 1224
f 1221 1224 1222
f 1225 1226 1227
f 1225 1227 1228
f 1226 1229 1230
f 1226 1230 1227
f 1229 1231 1232
f 1229 1232 1230
f 1233 1234 1235
f 1233 1235 1236
f 1236 1235 1237
f 1236 1237 1238
f 1238 1237 1239
f 1238 1239 1240
f 1241 1242 1243
f 1241 1243 1244
f 1245 1246 1247
f 1245 1247 1248
f 1249 1250 1251
f 1249 1251 1252
f 1252 1251 1253
f 1252 1253 1254
f 1254 1253 1255
f 1254 1255 1256
f 1257 1258 1259
f 1257 1259 1260
f 1258 1261 1262
f 1258 1262 1259
f 1261 1263 1264
f 1261 1264 1262
f 1265 1266 1267
f 1265 1267 1268
f 1266 1269 1270
f 1266 1270 1267
f 1269 1271 1272
f 1269 1272 1270
f 1273 1274 1275
f 1273 1275 1276
f 1276 1275 1277
f 1276 1277 1278
f 1278 1277 1279
f 1278 1279 1280
f 1281 1282 1283
f 1281 1283 1284
f 1285 1286 1287
f 1285 1287 1288
f 1289 1290 1291
f 1289 1291 1292
f 1292 1291 1293
f 1292 1293 1294
f 1294 1293 1295
f 1294 1295 1296
f 1297 1298 1299
f 1297 1299 1300
f 1298 1301 1302
f 1298 1302 1299
f 1301 1303 1304
f 1301 1304 1302
f 1305 1306 1307
f 1305 1307 1308
f 1306 1309 1310
f 1306 1310 1307
f 1309 1225 1228
f 1309 1228 1310
f 1311 1312 1313
f 1311 1313 1314
f 1314 1313 1315
f 1314 1315 1316
f 1316 1315 1272
f 1316 1272 1271
f 1317 1318 1319
f 1317 1319 1320
f 1321 1322 1323
f 1321 1323 1324
f 1325 1326 1327
f 1325 1327 1328
f 1328 1327 1329
f 1328 1329 1330
f 1330 1329 1331
f 1330 1331 1332
f 1333 1334 1335
f 1333 1335 1336
f 1334 1337 1338
f 1334 1338 1335
f 1337 1339 1340
f 1337 1340 1338
f 1233 1341 1342
f 1233 1342 1234
f 1341 1343 1344
f 1341 1344 1342
f 1343 1345 1346
f 1343 1346 1344
f 1280 1279 1347
f 1280 1347 1348
f 1348 1347 1349
f 1348 1349 1350
f 1350 1349 1351
f 1350 1351 1352
f 1353 1354 1355
f 1353 1355 1356
f 1357 1358 1359
f 1357 1359 1360
f 1296 1295 1361
f 1296 1361 1362
f 1362 1361 1363
f 1362 1363 1364
f 1364 1363 1365
f 1364 1365 1366
f 1325 1367 1368
f 1325 1368 1326
f 1367 1369 1370
f 1367 1370 1368
f 1369 1371 1372
f 1369 1372 1370
f 1209 1373 1374
f 1209 1374 1210
f 1373 1375 1376
f 1373 1376 1374
f 1375 1377 1378
f 1375 1378 1376
f 1256 1255 1379
f 1256 1379 1380
f 1380 1379 1381
f 1380 1381 1382
f 1382 1381 1383
f 1382 1383 1384
f 1385 1386 1387
f 1385 1387 1388
f 1389 1390 1391
f 1389 1391 1392
f 1393 1394 1395
f 1393 1395 1396
f 1396 1395 1397
f 1396 1397 1398
f 1398 1397 1304
f 1398 1304 1303
f 1399 1400 1401
f 1399 1401 1402
f 1400 1403 1404
f 1400 1404 1401
f 1403 1333 1336
f 1403 1336 1404
f 1405 1406 1407
f 1405 1407 1408
f 1406 1409 1410
f 1406 1410 1407
f 1409 1217 1220
f 1409 1220 1410
f 1411 1412 1413
f 1411 1413 1414
f 1414 1413 1415
f 1414 1415 1416
f 1416 1415 1264
f 1416 1264 1263
f 1417 1418 1419
f 1417 1419 1420
f 1421 1422 1423
f 1421 1423 1424
f 1425 1426 1427
f 1425 1427 1428
f 1429 1430 1431
f 1429 1431 1432
f 1433 1434 1435
f 1433 1435 1436
f 1437 1438 1439
f 1437 1439 1440
f 1441 1442 1443
f 1441 1443 1444
f 1445 1446 1447
f 1445 1447 1448
f 1449 1450 1451
f 1449 1451 1452
f 1452 1451 1453
f 1452 1453 1454
f 1454 1453 1455
f 1454 1455 1456
f 1457 1458 1459
f 1457 1459 1460
f 1458 1461 1462
f 1458 1462 1459
f 1461 1463 1464
f 1461 1464 1462
f 1465 1466 1467
f 1465 1467 1468
f 1466 1469 1470
f 1466 1470 1467
f 1469 1471 1472
f 1469 1472 1470
f 1473 1474 1475
f 1473 1475 1476
f 1476 1475 1477
f 1476 1477 1478
f 1478 1477 1479
f 1478 1479 1480
f 1481 1482 1483
f 1481 1483 1484
f 1485 1486 1487
f 1485 1487 1488
f 1489 1490 1491
f 1489 1491 1492
f 1492 1491 1493
f 1492 1493 1494
f 1494 1493 1495
f 1494 1495 1496
f 1497 1498 1499
f 1497 1499 1500
f 1498 1501 1502
f 1498 1502 1499
f 1501 1503 1504
f 1501 1504 1502
f 1505 1506 1507
f 1505 1507 1508
f 1506 1509 1510
f 1506 1510 1507
f 1509 1511 1512
f 1509 1512 1510
f 1513 1514 1515
f 1513 1515 1516
f 1516 1515 1517
f 1516 1517 1518
f 1518 1517 1519
f 1518 1519 1520
f 1521 1522 1523
f 1521 1523 1524
f 1525 1526 1527
f 1525 1527 1528
f 1529 1530 1531
f 1529 1531 1532
f 1532 1531 1533
f 1532 1533 1534
f 1534 1533 1535
f 1534 1535 1536
f 1537 1538 1539
f 1537 1539 1540
f 1538 1541 1542
f 1538 1542 1539
f 1541 1543 1544
f 1541 1544 1542
f 1545 1546 1547
f 1545 1547 1548
f 1546 1549 1550
f 1546 1550 1547
f 1549 1465 1468
f 1549 1468 1550
f 1551 1552 1553
f 1551 1553 1554
f 1554 1553 1555
f 1554 1555 1556
f 1556 1555 1512
f 1556 1512 1511
f 1557 1558 1559
f 1557 1559 1560
f 1561 1562 1563
f 1561 1563 1564
f 1565 1566 1567
f 1565 1567 1568
f 1568 1567 1569
f 1568 1569 1570
f 1570 1569 1571
f 1570 1571 1572
f 1573 1574 1575
f 1573 1575 1576
f 1574 1577 1578
f 1574 1578 1575
f 1577 1579 1580
f 1577 1580 1578
f 1473 1581 1582
f 1473 1582 1474
f 1581 1583 1584
f 1581 1584 1582
f 1583 1585 1586
f 1583 1586 1584
f 1520 1519 1587
f 1520 1587 1588
f 1588 1587 1589
f 1588 1589 1590
f 1590 1589 1591
f 1590 1591 1592
f 1593 1594 1595
f 1593 1595 1596
f 1597 1598 1599
f 1597 1599 1600
f 1536 1535 1601
f 1536 1601 1602
f 1602 1601 1603
f 1602 1603 1604
f 1604 1603 1605
f 1604 1605 1606
f 1565 1607 1608
f 1565 1608 1566
f 1607 1609 1610
f 1607 1610 1608
f 1609 1611 1612
f 1609 1612 1610
f 1449 1613 1614
f 1449 1614 1450
f 1613 1615 1616
f 1613 1616 1614
f 1615 1617 1618
f 1615 1618 1616
f 1496 1495 1619
f 1496 1619 1620
f 1620 1619 1621
f 1620 1621 1622
f 1622 1621 1623
f 1622 1623 1624
f 1625 1626 1627
f 1625 1627 1628
f 1629 1630 1631
f 1629 1631 1632
f 1633 1634 1635
f 1633 1635 1636
f 1636 1635 1637
f 1636 1637 1638
f 1638 1637 1544
f 1638 1544 1543
f 1639 1640 1641
f 1639 1641 1642
f 1640 1643 1644
f 1640 1644 1641
f 1643 1573 1576
f 1643 1576 1644
f 1645 1646 1647
f 1645 1647 1648
f 1646 1649 1650
f 1646 1650 1647
f 1649 1457 1460
f 1649 1460 1650
f 1651 1652 1653
f 1651 1653 1654
f 1654 1653 1655
f 1654 1655 1656
f 1656 1655 1504
f 1656 1504 1503
f 1657 1658 1659
f 1657 1659 1660
f 1661 1662 1663
f 1661 1663 1664
f 1665 1666 1667
f 1665 1667 1668
f 1669 1670 1671
f 1669 1671 1672
f 1673 1674 1675
f 1673 1675 1676
f 1677 1678 1679
f 1677 1679 1680
f 1681 1682 1683
f 1681 1683 1684
f 1685 1686 1687
f 1685 1687 1688
f 1689 1690 1691
f 1689 1691 1692
f 1692 1691 1693
f 1692 1693 1694
f 1694 1693 1695
f 1694 1695 1696
f 1697 1698 1699
f 1697 1699 1700
f 1698 1701 1702
f 1698 1702 1699
f 1701 1703 1704
f 1701 1704 1702
f 1705 1706 1707
f 1705 1707 1708
f 1706 1709 1710
f 1706 1710 1707
f 1709 1711 1712
f 1709 1712 1710
f 1713 1714 1715
f 1713 1715 1716
f 1716 1715 1717
f 1716 1717 1718
f 1718 1717 1719
f 1718 1719 1720
f 1721 1722 1723
f 1721 1723 1724
f 1725 1726 1727
f 1725 1727 1728
f 1729 1730 1731
f 1729 1731 1732
f 1732 1731 1733
f 1732 1733 1734
f 1734 1733 1735
f 1734 1735 1736
f 1737 1738 1739
f 1737 1739 1740
f 1738 1741 1742
f 1738 1742 1739
f 1741 1743 1744
f 1741 1744 1742
f 1745 1746 1747
f 1745 1747 1748
f 1746 1749 1750
f 1746 1750 1747
f 1749 1751 1752
f 1749 1752 1750
f 1753 1754 1755
f 1753 1755 1756
f 1756 1755 1757
f 1756 1757 1758
f 1758 1757 1759
f 1758 1759 1760
f 1761 1762 1763
f 1761 1763 1764
f 1765 1766 1767
f 1765 1767 1768
f 1769 1770 1771
f 1769 1771 1772
f 1772 1771 1773
f 1772 1773 1774
f 1774 1773 1775
f 1774 1775 1776
f 1777 1778 1779
f 1777 1779 1780
f 1778 1781 1782
f 1778 1782 1779
f 1781 1783 1784
f 1781 1784 1782
f 1785 1786 1787
f 1785 1787 1788
f 1786 1789 1790
f 1786 1790 1787
f 1789 1705 1708
f 1789 1708 1790
f 1791 1792 1793
f 1791 1793 1794
f 1794 1793 1795
f 1794 1795 1796
f 1796 1795 1752
f 1796 1752 1751
f 1797 1798 1799
f 1797 1799 1800
f 1801 1802 1803
f 1801 1803 1804
f 1805 1806 1807
f 1805 1807 1808
f 1808 1807 1809
f 1808 1809 1810
f 1810 1809 1811
f 1810 1811 1812
f 1813 1814 1815
f 1813 1815 1816
f 1814 1817 1818
f 1814 1818 1815
f 1817 1819 1820
f 1817 1820 1818
f 1713 1821 1822
f 1713 1822 1714
f 1821 1823 1824
f 1821 1824 1822
f 1823 1825 1826
f 1823 1826 1824
f 1760 1759 1827
f 1760 1827 1828
f 1828 1827 1829
f 1828 1829 1830
f 1830 1829 1831
f 1830 1831 1832
f 1833 1834 1835
f 1833 1835 1836
f 1837 1838 1839
f 1837 1839 1840
f 1776 1775 1841
f 1776 1841 1842
f 1842 1841 1843
f 1842 1843 1844
f 1844 1843 1845
f 1844 1845 1846
f 1805 1847 1848
f 1805 1848 1806
f 1847 1849 1850
f 1847 1850 1848
f 1849 1851 1852
f 1849 1852 1850
f 1689 1853 1854
f 1689 1854 1690
f 1853 1855 1856
f 1853 1856 1854
f 1855 1857 1858
f 1855 1858 1856
f 1736 1735 1859
f 1736 1859 1860
f 1860 1859 1861
f 1860 1861 1862
f 1862 1861 1863
f 1862 1863 1864
f 1865 1866 1867
f 1865 1867 1868
f 1869 1870 1871
f 1869 1871 1872
f 1873 1874 1875
f 1873 1875 1876
f 1876 1875 1877
f 1876 1877 1878
f 1878 1877 1784
f 1878 1784 1783
f 1879 1880 1881
f 1879 1881 1882
f 1880 1883 1884
f 1880 1884 1881
f 1883 1813 1816
f 1883 1816 1884
f 1885 1886 1887
f 1885 1887 1888
f 1886 1889 1890
f 1886 1890 1887
f 1889 1697 1700
f 1889 1700 1890
f 1891 1892 1893
f 1891 1893 1894
f 1894 1893 1895
f 1894 1895 1896
f 1896 1895 1744
f 1896 1744 1743
f 1897 1898 1899
f 1897 1899 1900
f 1901 1902 1903
f 1901 1903 1904
f 1905 1906 1907
f 1905 1907 1908
f 1909 1910 1911
f 1909 1911 1912
f 1913 1914 1915
f 1913 1915 1916
f 1917 1918 1919
f 1917 1919 1920
f 1921 1922 1923
f 1921 1923 1924
f 1925 1926 1927
f 1925 1927 1928
f 1929 1930 1931
f 1929 1931 1932
f 1932 1931 1933
f 1932 1933 1934
f 1934 1933 1935
f 1934 1935 1936
f 1937 1938 1939
f 1937 1939 1940
f 1938 1941 1942
f 1938 1942 1939
f 1941 1943 1944
f 1941 1944 1942
f 1945 1946 1947
f 1945 1947 1948
f 1946 1949 1950
f 1946 1950 1947
f 1949 1951 1952
f 1949 1952 1950
f 1953 1954 1955
f 1953 1955 1956
f 1956 1955 1957
f 1956 1957 1958
f 1958 1957 1959
f 1958 1959 1960
f 1961 1962 1963
f 1961 1963 1964
f 1965 1966 1967
f 1965 1967 1968
f 1969 1970 1971
f 1969 1971 1972
f 1972 1971 1973
f 1972 1973 1974
f 1974 1973 1975
f 1974 1975 1976
f 1977 1978 1979
f 1977 1979 1980
f 1978 1981 1982
f 1978 1982 1979
f 1981 1983 1984
f 1981 1984 1982
f 1985 1986 1987
f 1985 1987 1988
f 1986 1989 1990
f 1986 1990 1987
f 1989 1991 1992
f 1989 1992 1990
f 1993 1994 1995
f 1993 1995 1996
f 1996 1995 1997
f 1996 1997 1998
f 1998 1997 1999
f 1998 1999 2000
f 2001 2002 2003
f 2001 2003 2004
f 2005 2006 2007
f 2005 2007 2008
f 2009 2010 2011
f 2009 2011 2012
f 2012 2011 2013
f 2012 2013 2014
f 2014 2013 2015
f 2014 2015 2016
f 2017 2018 2019
f 2017 2019 2020
f 2018 2021 2022
f 2018 2022 2019
f 2021 2023 2024
f 2021 2024 2022
f 2025 2026 2027
f 2025 2027 2028
f 2026 2029 2030
f 2026 2030 2027
f 2029 1945 1948
f 2029 1948 2030
f 2031 2032 2033
f 2031 2033 2034
f 2034 2033 2035
f 2034 2035 2036
f 2036 2035 1992
f 2036 1992 1991
f 2037 2038 2039
f 2037 2039 2040
f 2041 2042 2043
f 2041 2043 2044
f 2045 2046 2047
f 2045 2047 2048
f 2048 2047 2049
f 2048 2049 2050
f 2050 2049 2051
f 2050 2051 2052
f 2053 2054 2055
f 2053 2055 2056
f 2054 2057 2058
f 2054 2058 2055
f 2057 2059 2060
f 2057 2060 2058
f 1953 2061 2062
f 1953 2062 1954
f 2061 2063 2064
f 2061 2064 2062
f 2063 2065 2066
f 2063 2066 2064
f 2000 1999 2067
f 2000 2067 2068
f 2068 2067 2069
f 2068 2069 2070
f 2070 2069 2071
f 2070 2071 2072
f 2073 2074 2075
f 2073 2075 2076
f 2077 2078 2079
f 2077 2079 2080
f 2016 2015 2081
f 2016 2081 2082
f 2082 2081 2083
f 2082 2083 2084
f 2084 2083 2085
f 2084 2085 2086
f 2045 2087 2088
f 2045 2088 2046
f 2087 2089 2090
f 2087 2090 2088
f 2089 2091 2092
f 2089 2092 2090
f 1929 2093 2094
f 1929 2094 1930
f 2093 2095 2096
f 2093 2096 2094
f 2095 2097 2098
f 2095 2098 2096
f 1976 1975 2099
f 1976 2099 2100
f 2100 2099 2101
f 2100 2101 2102
f 2102 2101 2103
f 2102 2103 2104
f 2105 2106 2107
f 2105 2107 2108
f 2109 2110 2111
f 2109 2111 2112
f 2113 2114 2115
f 2113 2115 2116
f 2116 2115 2117
f 2116 2117 2118
f 2118 2117 2024
f 2118 2024 2023
f 2119 2120 2121
f 2119 2121 2122
f 2120 2123 2124
f 2120 2124 2121
f 2123 2053 2056
f 2123 2056 2124
f 2125 2126 2127
f 2125 2127 2128
f 2126 2129 2130
f 2126 2130 2127
f 2129 1937 1940
f 2129 1940 2130
f 2131 2132 2133
f 2131 2133 2134
f 2134 2133 2135
f 2134 2135 2136
f 2136 2135 1984
f 2136 1984 1983
f 2137 2138 2139
f 2137 2139 2140
f 2141 2142 2143
f 2141 2143 2144
f 2145 2146 2147
f 2145 2147 2148
f 2149 2150 2151
f 2149 2151 2152
f 2153 2154 2155
f 2153 2155 2156
f 2157 2158 2159
f 2157 2159 2160
f 2161 2162 2163
f 2161 2163 2164
f 2165 2166 2167
f 2165 2167 2168
f 2169 2170 2171
f 2169 2171 2172
f 2172 2171 2173
f 2172 2173 2174
f 2174 2173 2175
f 2174 2175 2176
f 2177 2178 2179
f 2177 2179 2180
f 2178 2181 2182
f 2178 2182 2179
f 2181 2183 2184
f 2181 2184 2182
f 2185 2186 2187
f 2185 2187 2188
f 2186 2189 2190
f 2186 2190 2187
f 2189 2191 2192
f 2189 2192 2190
f 2193 2194 2195
f 2193 2195 2196
f 2196 2195 2197
f 2196 2197 2198
f 2198 2197 2199
f 2198 2199 2200
f 2201 2202 2203
f 2201 2203 2204
f 2205 2206 2207
f 2205 2207 2208
f 2209 2210 2211
f 2209 2211 2212
f 2212 2211 2213
f 2212 2213 2214
f 2214 2213 2215
f 2214 2215 2216
f 2217 2218 2219
f 2217 2219 2220
f 2218 2221 2222
f 2218 2222 2219
f 2221 2223 2224
f 2221 2224 2222
f 2225 2226 2227
f 2225 2227 2228
f 2226 2229 2230
f 2226 2230 2227
f 2229 2231 2232
f 2229 2232 2230
f 2233 2234 2235
f 2233 2235 2236
f 2236 2235 2237
f 2236 2237 2238
f 2238 2237 2239
f 2238 2239 2240
f 2241 2242 2243
f 2241 2243 2244
f 2245 2246 2247
f 2245 2247 2248
f 2249 2250 2251
f 2249 2251 2252
f 2252 2251 2253
f 2252 2253 2254
f 2254 2253 2255
f 2254 2255 2256
f 2257 2258 2259
f 2257 2259 2260
f 2258 2261 2262
f 2258 2262 2259
f 2261 2263 2264
f 2261 2264 2262
f 2265 2266 2267
f 2265 2267 2268
f 2266 2269 2270
f 2266 2270 2267
f 2269 2185 2188
f 2269 2188 2270
f 2271 2272 2273
f 2271 2273 2274
f 2274 2273 2275
f 2274 2275 2276
f 2276 2275 2232
f 2276 2232 2231
f 2277 2278 2279
f 2277 2279 2280
f 2281 2282 2283
f 2281 2283 2284
f 2285 2286 2287
f 2285 2287 2288
f 2288 2287 2289
f 2288 2289 2290
f 2290 2289 2291
f 2290 2291 2292
f 2293 2294 2295
f 2293 2295 2296
f 2294 2297 2298
f 2294 2298 2295
f 2297 2299 2300
f 2297 2300 2298
f 2193 2301 2302
f 2193 2302 2194
f 2301 2303 2304
f 2301 2304 2302
f 2303 2305 2306
f 2303 2306 2304
f 2240 2239 2307
f 2240 2307 2308
f 2308 2307 2309
f 2308 2309 2310
f 2310 2309 2311
f 2310 2311 2312
f 2313 2314 2315
f 2313 2315 2316
f 2317 2318 2319
f 2317 2319 2320
f 2256 2255 2321
f 2256 2321 2322
f 2322 2321 2323
f 2322 2323 2324
f 2324 2323 2325
f 2324 2325 2326
f 2285 2327 2328
f 2285 2328 2286
f 2327 2329 2330
f 2327 2330 2328
f 2329 2331 2332
f 2329 2332 2330
f 2169 2333 2334
f 2169 2334 2170
f 2333 2335 2336
f 2333 2336 2334
f 2335 2337 2338
f 2335 2338 2336
f 2216 2215 2339
f 2216 2339 2340
f 2340 2339 2341
f 2340 2341 2342
f 2342 2341 2343
f 2342 2343 2344
f 2345 2346 2347
f 2345 2347 2348
f 2349 2350 2351
f 2349 2351 2352
f 2353 2354 2355
f 2353 2355 2356
f 2356 2355 2357
f 2356 2357 2358
f 2358 2357 2264
f 2358 2264 2263
f 2359 2360 2361
f 2359 2361 2362
f 2360 2363 2364
f 2360 2364 2361
f 2363 2293 2296
f 2363 2296 2364
f 2365 2366 2367
f 2365 2367 2368
f 2366 2369 2370
f 2366 2370 2367
f 2369 2177 2180
f 2369 2180 2370
f 2371 2372 2373
f 2371 2373 2374
f 2374 2373 2375
f 2374 2375 2376
f 2376 2375 2224
f 2376 2224 2223
f 2377 2378 2379
f 2377 2379 2380
f 2381 2382 2383
f 2381 2383 2384
f 2385 2386 2387
f 2385 2387 2388
f 2389 2390 2391
f 2389 2391 2392
f 2393 2394 2395
f 2393 2395 2396
f 2397 2398 2399
f 2397 2399 2400
f 2401 2402 2403
f 2401 2403 2404
f 2405 2406 2407
f 2405 2407 2408
f 2409 2410 2411
f 2409 2411 2412
f 2412 2411 2413
f 2412 2413 2414
f 2414 2413 2415
f 2414 2415 2416
f 2417 2418 2419
f 2417 2419 2420
f 2418 2421 2422
f 2418 2422 2419
f 2421 2423 2424
f 2421 2424 2422
f 2425 2426 2427
f 2425 2427 2428
f 2426 2429 2430
f 2426 2430 2427
f 2429 2431 2432
f 2429 2432 2430
f 2433 2434 2435
f 2433 2435 2436
f 2436 2435 2437
f 2436 2437 2438
f 2438 2437 2439
f 2438 2439 2440
f 2441 2442 2443
f 2441 2443 2444
f 2445 2446 2447
f 2445 2447 2448
f 2449 2450 2451
f 2449 2451 2452
f 2452 2451 2453
f 2452 2453 2454
f 2454 2453 2455
f 2454 2455 2456
f 2457 2458 2459
f 2457 2459 2460
f 2458 2461 2462
f 2458 2462 2459
f 2461 2463 2464
f 2461 2464 2462
f 2465 2466 2467
f 2465 2467 2468
f 2466 2469 2470
f 2466 2470 2467
f 2469 2471 2472
f 2469 2472 2470
f 2473 2474 2475
f 2473 2475 2476
f 2476 2475 2477
f 2476 2477 2478
f 2478 2477 2479
f 2478 2479 2480
f 2481 2482 2483
f 2481 2483 2484
f 2485 2486 2487
f 2485 2487 2488
f 2489 2490 2491
f 2489 2491 2492
f 2492 2491 2493
f 2492 2493 2494
f 2494 2493 2495
f 2494 2495 2496
f 2497 2498 2499
f 2497 2499 2500
f 2498 2501 2502
f 2498 2502 2499
f 2501 2503 2504
f 2501 2504 2502
f 2505 2506 2507
f 2505 2507 2508
f 2506 2509 2510
f 2506 2510 2507
f 2509 2425 2428
f 2509 2428 2510
f 2511 2512 2513
f 2511 2513 2514
f 2514 2513 2515
f 2514 2515 2516
f 2516 2515 2472
f 2516 2472 2471
f 2517 2518 2519
f 2517 2519 2520
f 2521 2522 2523
f 2521 2523 2524
f 2525 2526 2527
f 2525 2527 2528
f 2528 2527 2529
f 2528 2529 2530
f 2530 2529 2531
f 2530 2531 2532
f 2533 2534 2535
f 2533 2535 2536
f 2534 2537 2538
f 2534 2538 2535
f 2537 2539 2540
f 2537 2540 2538
f 2433 2541 2542
f 2433 2542 2434
f 2541 2543 2544
f 2541 2544 2542
f 2543 2545 2546
f 2543 2546 2544
f 2480 2479 2547
f 2480 2547 2548
f 2548 2547 2549
f 2548 2549 2550
f 2550 2549 2551
f 2550 2551 2552
f 2553 2554 2555
f 2553 2555 2556
f 2557 2558 2559
f 2557 2559 2560
f 2496 2495 2561
f 2496 2561 2562
f 2562 2561 2563
f 2562 2563 2564
f 2564 2563 2565
f 2564 2565 2566
f 2525 2567 2568
f 2525 2568 2526
f 2567 2569 2570
f 2567 2570 2568
f 2569 2571 2572
f 2569 2572 2570
f 2409 2573 2574
f 2409 2574 2410
f 2573 2575 2576
f 2573 2576 2574
f 2575 2577 2578
f 2575 2578 2576
f 2456 2455 2579
f 2456 2579 2580
f 2580 2579 2581
f 2580 2581 2582
f 2582 2581 2583
f 2582 2583 2584
f 2585 2586 2587
f 2585 2587 2588
f 2589 2590 2591
f 2589 2591 2592
f 2593 2594 2595
f 2593 2595 2596
f 2596 2595 2597
f 2596 2597 2598
f 2598 2597 2504
f 2598 2504 2503
f 2599 2600 2601
f 2599 2601 2602
f 2600 2603 2604
f 2600 2604 2601
f 2603 2533 2536
f 2603 2536 2604
f 2605 2606 2607
f 2605 2607 2608
f 2606 2609 2610
f 2606 2610 2607
f 2609 2417 2420
f 2609 2420 2610
f 2611 2612 2613
f 2611 2613 2614
f 2614 2613 2615
f 2614 2615 2616
f 2616 2615 2464
f 2616 2464 2463
f 2617 2618 2619
f 2617 2619 2620
f 2621 2622 2623
f 2621 2623 2624
f 2625 2626 2627
f 2625 2627 2628
f 2629 2630 2631
f 2629 2631 2632
f 2633 2634 2635
f 2633 2635 2636
f 2637 2638 2639
f 2637 2639 2640
f 2641 2642 2643
f 2641 2643 2644
f 2645 2646 2647
f 2645 2647 2648
f 2649 2650 2651
f 2649 2651 2652
f 2652 2651 2653
f 2652 2653 2654
f 2654 2653 2655
f 2654 2655 2656
f 2657 2658 2659
f 2657 2659 2660
f 2658 2661 2662
f 2658 2662 2659
f 2661 2663 2664
f 2661 2664 2662
f 2665 2666 2667
f 2665 2667 2668
f 2666 2669 2670
f 2666 2670 2667
f 2669 2671 2672
f 2669 2672 2670
f 2673 2674 2675
f 2673 2675 2676
f 2676 2675 2677
f 2676 2677 2678
f 2678 2677 2679
f 2678 2679 2680
f 2681 2682 2683
f 2681 2683 2684
f 2685 2686 2687
f 2685 2687 2688
f 2689 2690 2691
f 2689 2691 2692
f 2692 2691 2693
f 2692 2693 2694
f 2694 2693 2695
f 2694 2695 2696
f 2697 2698 2699
f 2697 2699 2700
f 2698 2701 2702
f 2698 2702 2699
f 2701 2703 2704
f 2701 2704 2702
f 2705 2706 2707
f 2705 2707 2708
f 2706 2709 2710
f 2706 2710 2707
f 2709 2711 2712
f 2709 2712 2710
f 2713 2714 2715
f 2713 2715 2716
f 2716 2715 2717
f 2716 2717 2718
f 2718 2717 2719
f 2718 2719 2720
f 2721 2722 2723
f 2721 2723 2724
f 2725 2726 2727
f 2725 2727 2728
f 2729 2730 2731
f 2729 2731 2732
f 2732 2731 2733
f 2732 2733 2734
f 2734 2733 2735
f 2734 2735 2736
f 2737 2738 2739
f 2737 2739 2740
f 2738 2741 2742
f 2738 2742 2739
f 2741 2743 2744
f 2741 2744 2742
f 2745 2746 2747
f 2745 2747 2748
f 2746 2749 2750
f 2746 2750 2747
f 2749 2665 2668
f 2749 2668 2750
f 2751 2752 2753
f 2751 2753 2754
f 2754 2753 2755
f 2754 2755 2756
f 2756 2755 2712
f 2756 2712 2711
f 2757 2758 2759
f 2757 2759 2760
f 2761 2762 2763
f 2761 2763 2764
f 2765 2766 2767
f 2765 2767 2768
f 2768 2767 2769
f 2768 2769 2770
f 2770 2769 2771
f 2770 2771 2772
f 2773 2774 2775
f 2773 2775 2776
f 2774 2777 2778
f 2774 2778 2775
f 2777 2779 2780
f 2777 2780 2778
f 2673 2781 2782
f 2673 2782 2674
f 2781 2783 2784
f 2781 2784 2782
f 2783 2785 2786
f 2783 2786 2784
f 2720 2719 2787
f 2720 2787 2788
f 2788 2787 2789
f 2788 2789 2790
f 2790 2789 2791
f 2790 2791 2792
f 2793 2794 2795
f 2793 2795 2796
f 2797 2798 2799
f 2797 2799 2800
f 2736 2735 2801
f 2736 2801 2802
f 2802 2801 2803
f 2802 2803 2804
f 2804 2803 2805
f 2804 2805 2806
f 2765 2807 2808
f 2765 2808 2766
f 2807 2809 2810
f 2807 2810 2808
f 2809 2811 2812
f 2809 2812 2810
f 2649 2813 2814
f 2649 2814 2650
f 2813 2815 2816
f 2813 2816 2814
f 2815 2817 2818
f 2815 2818 2816
f 2696 2695 2819
f 2696 2819 2820
f 2820 2819 2821
f 2820 2821 2822
f 2822 2821 2823
f 2822 2823 2824
f 2825 2826 2827
f 2825 2827 2828
f 2829 2830 2831
f 2829 2831 2832
f 2833 2834 2835
f 2833 2835 2836
f 2836 2835 2837
f 2836 2837 2838
f 2838 2837 2744
f 2838 2744 2743
f 2839 2840 2841
f 2839 2841 2842
f 2840 2843 2844
f 2840 2844 2841
f 2843 2773 2776
f 2843 2776 2844
f 2845 2846 2847
f 2845 2847 2848
f 2846 2849 2850
f 2846 2850 2847
f 2849 2657 2660
f 2849 2660 2850
f 2851 2852 2853
f 2851 2853 2854
f 2854 2853 2855
f 2854 2855 2856
f 2856 2855 2704
f 2856 2704 2703
f 2857 2858 2859
f 2857 2859 2860
f 2861 2862 2863
f 2861 2863 2864
f 2865 2866 2867
f 2865 2867 2868
f 2869 2870 2871
f 2869 2871 2872
f 2873 2874 2875
f 2873 2875 2876
f 2877 2878 2879
f 2877 2879 2880
f 2881 2882 2883
f 2881 2883 2884
f 2885 2886 2887
f 2885 2887 2888
f 2889 2890 2891
f 2889 2891 2892
f 2892 2891 2893
f 2892 2893 2894
f 2894 2893 2895
f 2894 2895 2896
f 2897 2898 2899
f 2897 2899 2900
f 2898 2901 2902
f 2898 2902 2899
f 2901 2903 2904
f 2901 2904 2902
f 2905 2906 2907
f 2905 2907 2908
f 2906 2909 2910
f 2906 2910 2907
f 2909 2911 2912
f 2909 2912 2910
f 2913 2914 2915
f 2913 2915 2916
f 2916 2915 2917
f 2916 2917 2918
f 2918 2917 2919
f 2918 2919 2920
f 2921 2922 2923
f 2921 2923 2924
f 2925 2926 2927
f 2925 2927 2928
f 2929 2930 2931
f 2929 2931 2932
f 2932 2931 2933
f 2932 2933 2934
f 2934 2933 2935
f 2934 2935 2936
f 2937 2938 2939
f 2937 2939 2940
f 2938 2941 2942
f 2938 2942 2939
f 2941 2943 2944
f 2941 2944 2942
f 2945 2946 2947
f 2945 2947 2948
f 2946 2949 2950
f 2946 2950 2947
f 2949 2951 2952
f 2949 2952 2950
f 2953 2954 2955
f 2953 2955 2956
f 2956 2955 2957
f 2956 2957 2958
f 2958 2957 2959
f 2958 2959 2960
f 2961 2962 2963
f 2961 2963 2964
f 2965 2966 2967
f 2965 2967 2968
f 2969 2970 2971
f 2969 2971 2972
f 2972 2971 2973
f 2972 2973 2974
f 2974 2973 2975
f 2974 2975 2976
f 2977 2978 2979
f 2977 2979 2980
f 2978 2981 2982
f 2978 2982 2979
f 2981 2983 2984
f 2981 2984 2982
f 2985 2986 2987
f 2985 2987 2988
f 2986 2989 2990
f 2986 2990 2987
f 2989 2905 2908
f 2989 2908 2990
f 2991 2992 2993
f 2991 2993 2994
f 2994 2993 2995
f 2994 2995 2996
f 2996 2995 2952
f 2996 2952 2951
f 2997 2998 2999
f 2997 2999 3000
f 3001 3002 3003
f 3001 3003 3004
f 3005 3006 3007
f 3005 3007 3008
f 3008 3007 3009
f 3008 3009 3010
f 3010 3009 3011
f 3010 3011 3012
f 3013 3014 3015
f 3013 3015 3016
f 3014 3017 3018
f 3014 3018 3015
f 3017 3019 3020
f 3017 3020 3018
f 2913 3021 3022
f 2913 3022 2914
f 3021 3023 3024
f 3021 3024 3022
f 3023 3025 3026
f 3023 3026 3024
f 2960 2959 3027
f 2960 3027 3028
f 3028 3027 3029
f 3028 3029 3030
f 3030 3029 3031
f 3030 3031 3032
f 3033 3034 3035
f 3033 3035 3036
f 3037 3038 3039
f 3037 3039 3040
f 2976 2975 3041
f 2976 3041 3042
f 3042 3041 3043
f 3042 3043 3044
f 3044 3043 3045
f 3044 3045 3046
f 3005 3047 3048
f 3005 3048 3006
f 3047 3049 3050
f 3047 3050 3048
f 3049 3051 3052
f 3049 3052 3050
f 2889 3053 3054
f 2889 3054 2890
f 3053 3055 3056
f 3053 3056 3054
f 3055 3057 3058
f 3055 3058 3056
f 2936 2935 3059
f 2936 3059 3060
f 3060 3059 3061
f 3060 3061 3062
f 3062 3061 3063
f 3062 3063 3064
f 3065 3066 3067
f 3065 3067 3068
f 3069 3070 3071
f 3069 3071 3072
f 3073 3074 3075
f 3073 3075 3076
f 3076 3075 3077
f 3076 3077 3078
f 3078 3077 2984
f 3078 2984 2983
f 3079 3080 3081
f 3079 3081 3082
f 3080 3083 3084
f 3080 3084 3081
f 3083 3013 3016
f 3083 3016 3084
f 3085 3086 3087
f 3085 3087 3088
f 3086 3089 3090
f 3086 3090 3087
f 3089 2897 2900
f 3089 2900 3090
f 3091 3092 3093
f 3091 3093 3094
f 3094 3093 3095
f 3094 3095 3096
f 3096 3095 2944
f 3096 2944 2943
f 3097 3098 3099
f 3097 3099 3100
f 3101 3102 3103
f 3101 3103 3104
f 3105 3106 3107
f 3105 3107 3108
f 3109 3110 3111
f 3109 3111 3112
f 3113 3114 3115
f 3113 3115 3116
f 3117 3118 3119
f 3117 3119 3120
f 3121 3122 3123
f 3121 3123 3124
f 3125 3126 3127
f 3125 3127 3128
f 3129 3130 3131
f 3129 3131 3132
f 3132 3131 3133
f 3132 3133 3134
f 3134 3133 3135
f 3134 3135 3136
f 3137 3138 3139
f 3137 3139 3140
f 3138 3141 3142
f 3138 3142 3139
f 3141 3143 3144
f 3141 3144 3142
f 3145 3146 3147
f 3145 3147 3148
f 3146 3149 3150
f 3146 3150 3147
f 3149 3151 3152
f 3149 3152 3150
f 3153 3154 3155
f 3153 3155 3156
f 3156 3155 3157
f 3156 3157 3158
f 3158 3157 3159
f 3158 3159 3160
f 3161 3162 3163
f 3161 3163 3164
f 3165 3166 3167
f 3165 3167 3168
f 3169 3170 3171
f 3169 3171 3172
f 3172 3171 3173
f 3172 3173 3174
f 3174 3173 3175
f 3174 3175 3176
f 3177 3178 3179
f 3177 3179 3180
f 3178 3181 3182
f 3178 3182 3179
f 3181 3183 3184
f 3181 3184 3182
f 3185 3186 3187
f 3185 3187 3188
f 3186 3189 3190
f 3186 3190 3187
f 3189 3191 3192
f 3189 3192 3190
f 3193 3194 3195
f 3193 3195 3196
f 3196 3195 3197
f 3196 3197 3198
f 3198 3197 3199
f 3198 3199 3200
f 3201 3202 3203
f 3201 3203 3204
f 3205 3206 3207
f 3205 3207 3208
f 3209 3210 3211
f 3209 3211 3212
f 3212 3211 3213
f 3212 3213 3214
f 3214 3213 3215
f 3214 3215 3216
f 3217 3218 3219
f 3217 3219 3220
f 3218 3221 3222
f 3218 3222 3219
f 3221 3223 3224
f 3221 3224 3222
f 3225 3226 3227
f 3225 3227 3228
f 3226 3229 3230
f 3226 3230 3227
f 3229 3145 3148
f 3229 3148 3230
f 3231 3232 3233
f 3231 3233 3234
f 3234 3233 3235
f 3234 3235 3236
f 3236 3235 3192
f 3236 3192 3191
f 3237 3238 3239
f 3237 3239 3240
f 3241 3242 3243
f 3241 3243 3244
f 3245 3246 3247
f 3245 3247 3248
f 3248 3247 3249
f 3248 3249 3250
f 3250 3249 3251
f 3250 3251 3252
f 3253 3254 3255
f 3253 3255 3256
f 3254 3257 3258
f 3254 3258 3255
f 3257 3259 3260
f 3257 3260 3258
f 3153 3261 3262
f 3153 3262 3154
f 3261 3263 3264
f 3261 3264 3262
f 3263 3265 3266
f 3263 3266 3264
f 3200 3199 3267
f 3200 3267 3268
f 3268 3267 3269
f 3268 3269 3270
f 3270 3269 3271
f 3270 3271 3272
f 3273 3274 3275
f 3273 3275 3276
f 3277 3278 3279
f 3277 3279 3280
f 3216 3215 3281
f 3216 3281 3282
f 3282 3281 3283
f 3282 3283 3284
f 3284 3283 3285
f 3284 3285 3286
f 3245 3287 3288
f 3245 3288 3246
f 3287 3289 3290
f 3287 3290 3288
f 3289 3291 3292
f 3289 3292 3290
f 3129 3293 3294
f 3129 3294 3130
f 3293 3295 3296
f 3293 3296 3294
f 3295 3297 3298
f 3295 3298 3296
f 3176 3175 3299
f 3176 3299 3300
f 3300 3299 3301
f 3300 3301 3302
f 3302 3301 3303
f 3302 3303 3304
f 3305 3306 3307
f 3305 3307 3308
f 3309 3310 3311
f 3309 3311 3312
f 3313 3314 3315
f 3313 3315 3316
f 3316 3315 3317
f 3316 3317 3318
f 3318 3317 3224
f 3318 3224 3223
f 3319 3320 3321
f 3319 3321 3322
f 3320 3323 3324
f 3320 3324 3321
f 3323 3253 3256
f 3323 3256 3324
f 3325 3326 3327
f 3325 3327 3328
f 3326 3329 3330
f 3326 3330 3327
f 3329 3137 3140
f 3329 3140 3330
f 3331 3332 3333
f 3331 3333 3334
f 3334 3333 3335
f 3334 3335 3336
f 3336 3335 3184
f 3336 3184 3183
f 3337 3338 3339
f 3337 3339 3340
f 3341 3342 3343
f 3341 3343 3344
f 3345 3346 3347
f 3345 3347 3348
f 3349 3350 3351
f 3349 3351 3352
f 3353 3354 3355
f 3353 3355 3356
f 3357 3358 3359
f 3357 3359 3360
f 3361 3362 3363
f 3361 3363 3364
f 3365 3366 3367
f 3365 3367 3368
f 3369 3370 3371
f 3369 3371 3372
f 3372 3371 3373
f 3372 3373 3374
f 3374 3373 3375
f 3374 3375 3376
f 3377 3378 3379
f 3377 3379 3380
f 3378 3381 3382
f 3378 3382 3379
f 3381 3383 3384
f 3381 3384 3382
f 3385 3386 3387
f 3385 3387 3388
f 3386 3389 3390
f 3386 3390 3387
f 3389 3391 3392
f 3389 3392 3390
f 3393 3394 3395
f 3393 3395 3396
f 3396 3395 3397
f 3396 3397 3398
f 3398 3397 3399
f 3398 3399 3400
f 3401 3402 3403
f 3401 3403 3404
f 3405 3406 3407
f 3405 3407 3408
f 3409 3410 3411
f 3409 3411 3412
f 3412 3411 3413
f 3412 3413 3414
f 3414 3413 3415
f 3414 3415 3416
f 3417 3418 3419
f 3417 3419 3420
f 3418 3421 3422
f 3418 3422 3419
f 3421 3423 3424
f 3421 3424 3422
f 3425 3426 3427
f 3425 3427 3428
f 3426 3429 3430
f 3426 3430 3427
f 3429 3431 3432
f 3429 3432 3430
f 3433 3434 3435
f 3433 3435 3436
f 3436 3435 3437
f 3436 3437 3438
f 3438 3437 3439
f 3438 3439 3440
f 3441 3442 3443
f 3441 3443 3444
f 3445 3446 3447
f 3445 3447 3448
f 3449 3450 3451
f 3449 3451 3452
f 3452 3451 3453
f 3452 3453 3454
f 3454 3453 3455
f 3454 3455 3456
f 3457 3458 3459
f 3457 3459 3460
f 3458 3461 3462
f 3458 3462 3459
f 3461 3463 3464
f 3461 3464 3462
f 3465 3466 3467
f 3465 3467 3468
f 3466 3469 3470
f 3466 3470 3467
f 3469 3385 3388
f 3469 3388 3470
f 3471 3472 3473
f 3471 3473 3474
f 3474 3473 3475
f 3474 3475 3476
f 3476 3475 3432
f 3476 3432 3431
f 3477 3478 3479
f 3477 3479 3480
f 3481 3482 3483
f 3481 3483 3484
f 3485 3486 3487
f 3485 3487 3488
f 3488 3487 3489
f 3488 3489 3490
f 3490 3489 3491
f 3490 3491 3492
f 3493 3494 3495
f 3493 3495 3496
f 3494 3497 3498
f 3494 3498 3495
f 3497 3499 3500
f 3497 3500 3498
f 3393 3501 3502
f 3393 3502 3394
f 3501 3503 3504
f 3501 3504 3502
f 3503 3505 3506
f 3503 3506 3504
f 3440 3439 3507
f 3440 3507 3508
f 3508 3507 3509
f 3508 3509 3510
f 3510 3509 3511
f 3510 3511 3512
f 3513 3514 3515
f 3513 3515 3516
f 3517 3518 3519
f 3517 3519 3520
f 3456 3455 3521
f 3456 3521 3522
f 3522 3521 3523
f 3522 3523 3524
f 3524 3523 3525
f 3524 3525 3526
f 3485 3527 3528
f 3485 3528 3486
f 3527 3529 3530
f 3527 3530 3528
f 3529 3531 3532
f 3529 3532 3530
f 3369 3533 3534
f 3369 3534 3370
f 3533 3535 3536
f 3533 3536 3534
f 3535 3537 3538
f 3535 3538 3536
f 3416 3415 3539
f 3416 3539 3540
f 3540 3539 3541
f 3540 3541 3542
f 3542 3541 3543
f 3542 3543 3544
f 3545 3546 3547
f 3545 3547 3548
f 3549 3550 3551
f 3549 3551 3552
f 3553 3554 3555
f 3553 3555 3556
f 3556 3555 3557
f 3556 3557 3558
f 3558 3557 3464
f 3558 3464 3463
f 3559 3560 3561
f 3559 3561 3562
f 3560 3563 3564
f 3560 3564 3561
f 3563 3493 3496
f 3563 3496 3564
f 3565 3566 3567
f 3565 3567 3568
f 3566 3569 3570
f 3566 3570 3567
f 3569 3377 3380
f 3569 3380 3570
f 3571 3572 3573
f 3571 3573 3574
f 3574 3573 3575
f 3574 3575 3576
f 3576 3575 3424
f 3576 3424 3423
f 3577 3578 3579
f 3577 3579 3580
f 3581 3582 3583
f 3581 3583 3584
f 3585 3586 3587
f 3585 3587 3588
f 3589 3590 3591
f 3589 3591 3592
f 3593 3594 3595
f 3593 3595 3596
f 3597 3598 3599
f 3597 3599 3600
f 3601 3602 3603
f 3601 3603 3604
f 3605 3606 3607
f 3605 3607 3608
f 3609 3610 3611
f 3609 3611 3612
f 3612 3611 3613
f 3612 3613 3614
f 3614 3613 3615
f 3614 3615 3616
f 3617 3618 3619
f 3617 3619 3620
f 3618 3621 3622
f 3618 3622 3619
f 3621 3623 3624
f 3621 3624 3622
f 3625 3626 3627
f 3625 3627 3628
f 3626 3629 3630
f 3626 3630 3627
f 3629 3631 3632
f 3629 3632 3630
f 3633 3634 3635
f 3633 3635 3636
f 3636 3635 3637
f 3636 3637 3638
f 3638 3637 3639
f 3638 3639 3640
f 3641 3642 3643
f 3641 3643 3644
f 3645 3646 3647
f 3645 3647 3648
f 3649 3650 3651
f 3649 3651 3652
f 3652 3651 3653
f 3652 3653 3654
f 3654 3653 3655
f 3654 3655 3656
f 3657 3658 3659
f 3657 3659 3660
f 3658 3661 3662
f 3658 3662 3659
f 3661 3663 3664
f 3661 3664 3662
f 3665 3666 3667
f 3665 3667 3668
f 3666 3669 3670
f 3666 3670 3667
f 3669 3671 3672
f 3669 3672 3670
f 3673 3674 3675
f 3673 3675 3676
f 3676 3675 3677
f 3676 3677 3678
f 3678 3677 3679
f 3678 3679 3680
f 3681 3682 3683
f 3681 3683 3684
f 3685 3686 3687
f 3685 3687 3688
f 3689 3690 3691
f 3689 3691 3692
f 3692 3691 3693
f 3692 3693 3694
f 3694 3693 3695
f 3694 3695 3696
f 3697 3698 3699
f 3697 3699 3700
f 3698 3701 3702
f 3698 3702 3699
f 3701 3703 3704
f 3701 3704 3702
f 3705 3706 3707
f 3705 3707 3708
f 3706 3709 3710
f 3706 3710 3707
f 3709 3625 3628
f 3709 3628 3710
f 3711 3712 3713
f 3711 3713 3714
f 3714 3713 3715
f 3714 3715 3716
f 3716 3715 3672
f 3716 3672 3671
f 3717 3718 3719
f 3717 3719 3720
f 3721 3722 3723
f 3721 3723 3724
f 3725 3726 3727
f 3725 3727 3728
f 3728 3727 3729
f 3728 3729 3730
f 3730 3729 3731
f 3730 3731 3732
f 3733 3734 3735
f 3733 3735 3736
f 3734 3737 3738
f 3734 3738 3735
f 3737 3739 3740
f 3737 3740 3738
f 3633 3741 3742
f 3633 3742 3634
f 3741 3743 3744
f 3741 3744 3742
f 3743 3745 3746
f 3743 3746 3744
f 3680 3679 3747
f 3680 3747 3748
f 3748 3747 3749
f 3748 3749 3750
f 3750 3749 3751
f 3750 3751 3752
f 3753 3754 3755
f 3753 3755 3756
f 3757 3758 3759
f 3757 3759 3760
f 3696 3695 3761
f 3696 3761 3762
f 3762 3761 3763
f 3762 3763 3764
f 3764 3763 3765
f 3764 3765 3766
f 3725 3767 3768
f 3725 3768 3726
f 3767 3769 3770
f 3767 3770 3768
f 3769 3771 3772
f 3769 3772 3770
f 3609 3773 3774
f 3609 3774 3610
f 3773 3775 3776
f 3773 3776 3774
f 3775 3777 3778
f 3775 3778 3776
f 3656 3655 3779
f 3656 3779 3780
f 3780 3779 3781
f 3780 3781 3782
f 3782 3781 3783
f 3782 3783 3784
f 3785 3786 3787
f 3785 3787 3788
f 3789 3790 3791
f 3789 3791 3792
f 3793 3794 3795
f 3793 3795 3796
f 3796 3795 3797
f 3796 3797 3798
f 3798 3797 3704
f 3798 3704 3703
f 3799 3800 3801
f 3799 3801 3802
f 3800 3803 3804
f 3800 3804 3801
f 3803 3733 3736
f 3803 3736 3804
f 3805 3806 3807
f 3805 3807 3808
f 3806 3809 3810
f 3806 3810 3807
f 3809 3617 3620
f 3809 3620 3810
f 3811 3812 3813
f 3811 3813 3814
f 3814 3813 3815
f 3814 3815 3816
f 3816 3815 3664
f 3816 3664 3663
f 3817 3818 3819
f 3817 3819 3820
f 3821 3822 3823
f 3821 3823 3824
f 3825 3826 3827
f 3825 3827 3828
f 3829 3830 3831
f 3829 3831 3832
f 3833 3834 3835
f 3833 3835 3836
f 3837 3838 3839
f 3837 3839 3840
f 3841 3842 3843
f 3841 3843 3844
f 3845 3846 3847
f 3845 3847 3848
f 3849 3850 3851
f 3849 3851 3852
f 3852 3851 3853
f 3852 3853 3854
f 3854 3853 3855
f 3854 3855 3856
f 3857 3858 3859
f 3857 3859 3860
f 3858 3861 3862
f 3858 3862 3859
f 3861 3863 3864
f 3861 3864 3862
f 3865 3866 3867
f 3865 3867 3868
f 3866 3869 3870
f 3866 3870 3867
f 3869 3871 3872
f 3869 3872 3870
f 3873 3874 3875
f 3873 3875 3876
f 3876 3875 3877
f 3876 3877 3878
f 3878 3877 3879
f 3878 3879 3880
f 3881 3882 3883
f 3881 3883 3884
f 3885 3886 3887
f 3885 3887 3888
f 3889 3890 3891
f 3889 3891 3892
f 3892 3891 3893
f 3892 3893 3894
f 3894 3893 3895
f 3894 3895 3896
f 3897 3898 3899
f 3897 3899 3900
f 3898 3901 3902
f 3898 3902 3899
f 3901 3903 3904
f 3901 3904 3902
f 3905 3906 3907
f 3905 3907 3908
f 3906 3909 3910
f 3906 3910 3907
f 3909 3911 3912
f 3909 3912 3910
f 3913 3914 3915
f 3913 3915 3916
f 3916 3915 3917
f 3916 3917 3918
f 3918 3917 3919
f 3918 3919 3920
f 3921 3922 3923
f 3921 3923 3924
f 3925 3926 3927
f 3925 3927 3928
f 3929 3930 3931
f 3929 3931 3932
f 3932 3931 3933
f 3932 3933 3934
f 3934 3933 3935
f 3934 3935 3936
f 3937 3938 3939
f 3937 3939 3940
f 3938 3941 3942
f 3938 3942 3939
f 3941 3943 3944
f 3941 3944 3942
f 3945 3946 3947
f 3945 3947 3948
f 3946 3949 3950
f 3946 3950 3947
f 3949 3865 3868
f 3949 3868 3950
f 3951 3952 3953
f 3951 3953 3954
f 3954 3953 3955
f 3954 3955 3956
f 3956 3955 3912
f 3956 3912 3911
f 3957 3958 3959
f 3957 3959 3960
f 3961 3962 3963
f 3961 3963 3964
f 3965 3966 3967
f 3965 3967 3968
f 3968 3967 3969
f 3968 3969 3970
f 3970 3969 3971
f 3970 3971 3972
f 3973 3974 3975
f 3973 3975 3976
f 3974 3977 3978
f 3974 3978 3975
f 3977 3979 3980
f 3977 3980 3978
f 3873 3981 3982
f 3873 3982 3874
f 3981 3983 3984
f 3981 3984 3982
f 3983 3985 3986
f 3983 3986 3984
f 3920 3919 3987
f 3920 3987 3988
f 3988 3987 3989
f 3988 3989 3990
f 3990 3989 3991
f 3990 3991 3992
f 3993 3994 3995
f 3993 3995 3996
f 3997 3998 3999
f 3997 3999 4000
f 3936 3935 4001
f 3936 4001 4002
f 4002 4001 4003
f 4002 4003 4004
f 4004 4003 4005
f 4004 4005 4006
f 3965 4007 4008
f 3965 4008 3966
f 4007 4009 4010
f 4007 4010 4008
f 4009 4011 4012
f 4009 4012 4010
f 3849 4013 4014
f 3849 4014 3850
f 4013 4015 4016
f 4013 4016 4014
f 4015 4017 4018
f 4015 4018 4016
f 3896 3895 4019
f 3896 4019 4020
f 4020 4019 4021
f 4020 4021 4022
f 4022 4021 4023
f 4022 4023 4024
f 4025 4026 4027
f 4025 4027 4028
f 4029 4030 4031
f 4029 4031 4032
f 4033 4034 4035
f 4033 4035 4036
f 4036 4035 4037
f 4036 4037 4038
f 4038 4037 3944
f 4038 3944 3943
f 4039 4040 4041
f 4039 4041 4042
f 4040 4043 4044
f 4040 4044 4041
f 4043 3973 3976
f 4043 3976 4044
f 4045 4046 4047
f 4045 4047 4048
f 4046 4049 4050
f 4046 4050 4047
f 4049 3857 3860
f 4049 3860 4050
f 4051 4052 4053
f 4051 4053 4054
f 4054 4053 4055
f 4054 4055 4056
f 4056 4055 3904
f 4056 3904 3903
f 4057 4058 4059
f 4057 4059 4060
f 4061 4062 4063
f 4061 4063 4064
f 4065 4066 4067
f 4065 4067 4068
f 4069 4070 4071
f 4069 4071 4072
f 4073 4074 4075
f 4073 4075 4076
f 4077 4078 4079
f 4077 4079 4080
f 4081 4082 4083
f 4081 4083 4084
f 4085 4086 4087
f 4085 4087 4088
f 4089 4090 4091
f 4089 4091 4092
f 4092 4091 4093
f 4092 4093 4094
f 4094 4093 4095
f 4094 4095 4096
f 4097 4098 4099
f 4097 4099 4100
f 4098 4101 4102
f 4098 4102 4099
f 4101 4103 4104
f 4101 4104 4102
f 4105 4106 4107
f 4105 4107 4108
f 4106 4109 4110
f 4106 4110 4107
f 4109 4111 4112
f 4109 4112 4110
f 4113 4114 4115
f 4113 4115 4116
f 4116 4115 4117
f 4116 4117 4118
f 4118 4117 4119
f 4118 4119 4120
f 4121 4122 4123
f 4121 4123 4124
f 4125 4126 4127
f 4125 4127 4128
f 4129 4130 4131
f 4129 4131 4132
f 4132 4131 4133
f 4132 4133 4134
f 4134 4133 4135
f 4134 4135 4136
f 4137 4138 4139
f 4137 4139 4140
f 4138 4141 4142
f 4138 4142 4139
f 4141 4143 4144
f 4141 4144 4142
f 4145 4146 4147
f 4145 4147 4148
f 4146 4149 4150
f 4146 4150 4147
f 4149 4151 4152
f 4149 4152 4150
f 4153 4154 4155
f 4153 4155 4156
f 4156 4155 4157
f 4156 4157 4158
f 4158 4157 4159
f 4158 4159 4160
f 4161 4162 4163
f 4161 4163 4164
f 4165 4166 4167
f 4165 4167 4168
f 4169 4170 4171
f 4169 4171 4172
f 4172 4171 4173
f 4172 4173 4174
f 4174 4173 4175
f 4174 4175 4176
f 4177 4178 4179
f 4177 4179 4180
f 4178 4181 4182
f 4178 4182 4179
f 4181 4183 4184
f 4181 4184 4182
f 4185 4186 4187
f 4185 4187 4188
f 4186 4189 4190
f 4186 4190 4187
f 4189 4105 4108
f 4189 4108 4190
f 4191 4192 4193
f 4191 4193 4194
f 4194 4193 4195
f 4194 4195 4196
f 4196 4195 4152
f 4196 4152 4151
f 4197 4198 4199
f 4197 4199 4200
f 4201 4202 4203
f 4201 4203 4204
f 4205 4206 4207
f 4205 4207 4208
f 4208 4207 4209
f 4208 4209 4210
f 4210 4209 4211
f 4210 4211 4212
f 4213 4214 4215
f 4213 4215 4216
f 4214 4217 4218
f 4214 4218 4215
f 4217 4219 4220
f 4217 4220 4218
f 4113 4221 4222
f 4113 4222 4114
f 4221 4223 4224
f 4221 4224 4222
f 4223 4225 4226
f 4223 4226 4224
f 4160 4159 4227
f 4160 4227 4228
f 4228 4227 4229
f 4228 4229 4230
f 4230 4229 4231
f 4230 4231 4232
f 4233 4234 4235
f 4233 4235 4236
f 4237 4238 4239
f 4237 4239 4240
f 4176 4175 4241
f 4176 4241 4242
f 4242 4241 4243
f 4242 4243 4244
f 4244 4243 4245
f 4244 4245 4246
f 4205 4247 4248
f 4205 4248 4206
f 4247 4249 4250
f 4247 4250 4248
f 4249 4251 4252
f 4249 4252 4250
f 4089 4253 4254
f 4089 4254 4090
f 4253 4255 4256
f 4253 4256 4254
f 4255 4257 4258
f 4255 4258 4256
f 4136 4135 4259
f 4136 4259 4260
f 4260 4259 4261
f 4260 4261 4262
f 4262 4261 4263
f 4262 4263 4264
f 4265 4266 4267
f 4265 4267 4268
f 4269 4270 4271
f 4269 4271 4272
f 4273 4274 4275
f 4273 4275 4276
f 4276 4275 4277
f 4276 4277 4278
f 4278 4277 4184
f 4278 4184 4183
f 4279 4280 4281
f 4279 4281 4282
f 4280 4283 4284
f 4280 4284 4281
f 4283 4213 4216
f 4283 4216 4284
f 4285 4286 4287
f 4285 4287 4288
f 4286 4289 4290
f 4286 4290 4287
f 4289 4097 4100
f 4289 4100 4290
f 4291 4292 4293
f 4291 4293 4294
f 4294 4293 4295
f 4294 4295 4296
f 4296 4295 4144
f 4296 4144 4143
f 4297 4298 4299
f 4297 4299 4300
f 4301 4302 4303
f 4301 4303 4304
f 4305 4306 4307
f 4305 4307 4308
f 4309 4310 4311
f 4309 4311 4312
f 4313 4314 4315
f 4313 4315 4316
f 4317 4318 4319
f 4317 4319 4320
f 4321 4322 4323
f 4321 4323 4324
f 4325 4326 4327
f 4325 4327 4328
f 4329 4330 4331
f 4329 4331 4332
f 4332 4331 4333
f 4332 4333 4334
f 4334 4333 4335
f 4334 4335 4336
f 4337 4338 4339
f 4337 4339 4340
f 4338 4341 4342
f 4338 4342 4339
f 4341 4343 4344
f 4341 4344 4342
f 4345 4346 4347
f 4345 4347 4348
f 4346 4349 4350
f 4346 4350 4347
f 4349 4351 4352
f 4349 4352 4350
f 4353 4354 4355
f 4353 4355 4356
f 4356 4355 4357
f 4356 4357 4358
f 4358 4357 4359
f 4358 4359 4360
f 4361 4362 4363
f 4361 4363 4364
f 4365 4366 4367
f 4365 4367 4368
f 4369 4370 4371
f 4369 4371 4372
f 4372 4371 4373
f 4372 4373 4374
f 4374 4373 4375
f 4374 4375 4376
f 4377 4378 4379
f 4377 4379 4380
f 4378 4381 4382
f 4378 4382 4379
f 4381 4383 4384
f 4381 4384 4382
f 4385 4386 4387
f 4385 4387 4388
f 4386 4389 4390
f 4386 4390 4387
f 4389 4391 4392
f 4389 4392 4390
f 4393 4394 4395
f 4393 4395 4396
f 4396 4395 4397
f 4396 4397 4398
f 4398 4397 4399
f 4398 4399 4400
f 4401 4402 4403
f 4401 4403 4404
f 4405 4406 4407
f 4405 4407 4408
f 4409 4410 4411
f 4409 4411 4412
f 4412 4411 4413
f 4412 4413 4414
f 4414 4413 4415
f 4414 4415 4416
f 4417 4418 4419
f 4417 4419 4420
f 4418 4421 4422
f 4418 4422 4419
f 4421 4423 4424
f 4421 4424 4422
f 4425 4426 4427
f 4425 4427 4428
f 4426 4429 4430
f 4426 4430 4427
f 4429 4345 4348
f 4429 4348 4430
f 4431 4432 4433
f 4431 4433 4434
f 4434 4433 4435
f 4434 4435 4436
f 4436 4435 4392
f 4436 4392 4391
f 4437 4438 4439
f 4437 4439 4440
f 4441 4442 4443
f 4441 4443 4444
f 4445 4446 4447
f 4445 4447 4448
f 4448 4447 4449
f 4448 4449 4450
f 4450 4449 4451
f 4450 4451 4452
f 4453 4454 4455
f 4453 4455 4456
f 4454 4457 4458
f 4454 4458 4455
f 4457 4459 4460
f 4457 4460 4458
f 4353 4461 4462
f 4353 4462 4354
f 4461 4463 4464
f 4461 4464 4462
f 4463 4465 4466
f 4463 4466 4464
f 4400 4399 4467
f 4400 4467 4468
f 4468 4467 4469
f 4468 4469 4470
f 4470 4469 4471
f 4470 4471 4472
f 4473 4474 4475
f 4473 4475 4476
f 4477 4478 4479
f 4477 4479 4480
f 4416 4415 4481
f 4416 4481 4482
f 4482 4481 4483
f 4482 4483 4484
f 4484 4483 4485
f 4484 4485 4486
f 4445 4487 4488
f 4445 4488 4446
f 4487 4489 4490
f 4487 4490 4488
f 4489 4491 4492
f 4489 4492 4490
f 4329 4493 4494
f 4329 4494 4330
f 4493 4495 4496
f 4493 4496 4494
f 4495 4497 4498
f 4495 4498 4496
f 4376 4375 4499
f 4376 4499 4500
f 4500 4499 4501
f 4500 4501 4502
f 4502 4501 4503
f 4502 4503 4504
f 4505 4506 4507
f 4505 4507 4508
f 4509 4510 4511
f 4509 4511 4512
f 4513 4514 4515
f 4513 4515 4516
f 4516 4515 4517
f 4516 4517 4518
f 4518 4517 4424
f 4518 4424 4423
f 4519 4520 4521
f 4519 4521 4522
f 4520 4523 4524
f 4520 4524 4521
f 4523 4453 4456
f 4523 4456 4524
f 4525 4526 4527
f 4525 4527 4528
f 4526 4529 4530
f 4526 4530 4527
f 4529 4337 4340
f 4529 4340 4530
f 4531 4532 4533
f 4531 4533 4534
f 4534 4533 4535
f 4534 4535 4536
f 4536 4535 4384
f 4536 4384 4383
f 4537 4538 4539
f 4537 4539 4540
f 4541 4542 4543
f 4541 4543 4544
f 4545 4546 4547
f 4545 4547 4548
f 4549 4550 4551
f 4549 4551 4552
f 4553 4554 4555
f 4553 4555 4556
f 4557 4558 4559
f 4557 4559 4560
f 4561 4562 4563
f 4561 4563 4564
f 4565 4566 4567
f 4565 4567 4568
f 4569 4570 4571
f 4569 4571 4572
f 4572 4571 4573
f 4572 4573 4574
f 4574 4573 4575
f 4574 4575 4576
f 4577 4578 4579
f 4577 4579 4580
f 4578 4581 4582
f 4578 4582 4579
f 4581 4583 4584
f 4581 4584 4582
f 4585 4586 4587
f 4585 4587 4588
f 4586 4589 4590
f 4586 4590 4587
f 4589 4591 4592
f 4589 4592 4590
f 4593 4594 4595
f 4593 4595 4596
f 4596 4595 4597
f 4596 4597 4598
f 4598 4597 4599
f 4598 4599 4600
f 4601 4602 4603
f 4601 4603 4604
f 4605 4606 4607
f 4605 4607 4608
f 4609 4610 4611
f 4609 4611 4612
f 4612 4611 4613
f 4612 4613 4614
f 4614 4613 4615
f 4614 4615 4616
f 4617 4618 4619
f 4617 4619 4620
f 4618 4621 4622
f 4618 4622 4619
f 4621 4623 4624
f 4621 4624 4622
f 4625 4626 4627
f 4625 4627 4628
f 4626 4629 4630
f 4626 4630 4627
f 4629 4631 4632
f 4629 4632 4630
f 4633 4634 4635
f 4633 4635 4636
f 4636 4635 4637
f 4636 4637 4638
f 4638 4637 4639
f 4638 4639 4640
f 4641 4642 4643
f 4641 4643 4644
f 4645 4646 4647
f 4645 4647 4648
f 4649 4650 4651
f 4649 4651 4652
f 4652 4651 4653
f 4652 4653 4654
f 4654 4653 4655
f 4654 4655 4656
f 4657 4658 4659
f 4657 4659 4660
f 4658 4661 4662
f 4658 4662 4659
f 4661 4663 4664
f 4661 4664 4662
f 4665 4666 4667
f 4665 4667 4668
f 4666 4669 4670
f 4666 4670 4667
f 4669 4585 4588
f 4669 4588 4670
f 4671 4672 4673
f 4671 4673 4674
f 4674 4673 4675
f 4674 4675 4676
f 4676 4675 4632
f 4676 4632 4631
f 4677 4678 4679
f 4677 4679 4680
f 4681 4682 4683
f 4681 4683 4684
f 4685 4686 4687
f 4685 4687 4688
f 4688 4687 4689
f 4688 4689 4690
f 4690 4689 4691
f 4690 4691 4692
f 4693 4694 4695
f 4693 4695 4696
f 4694 4697 4698
f 4694 4698 4695
f 4697 4699 4700
f 4697 4700 4698
f 4593 4701 4702
f 4593 4702 4594
f 4701 4703 4704
f 4701 4704 4702
f 4703 4705 4706
f 4703 4706 4704
f 4640 4639 4707
f 4640 4707 4708
f 4708 4707 4709
f 4708 4709 4710
f 4710 4709 4711
f 4710 4711 4712
f 4713 4714 4715
f 4713 4715 4716
f 4717 4718 4719
f 4717 4719 4720
f 4656 4655 4721
f 4656 4721 4722
f 4722 4721 4723
f 4722 4723 4724
f 4724 4723 4725
f 4724 4725 4726
f 4685 4727 4728
f 4685 4728 4686
f 4727 4729 4730
f 4727 4730 4728
f 4729 4731 4732
f 4729 4732 4730
f 4569 4733 4734
f 4569 4734 4570
f 4733 4735 4736
f 4733 4736 4734
f 4735 4737 4738
f 4735 4738 4736
f 4616 4615 4739
f 4616 4739 4740
f 4740 4739 4741
f 4740 4741 4742
f 4742 4741 4743
f 4742 4743 4744
f 4745 4746 4747
f 4745 4747 4748
f 4749 4750 4751
f 4749 4751 4752
f 4753 4754 4755
f 4753 4755 4756
f 4756 4755 4757
f 4756 4757 4758
f 4758 4757 4664
f 4758 4664 4663
f 4759 4760 4761
f 4759 4761 4762
f 4760 4763 4764
f 4760 4764 4761
f 4763 4693 4696
f 4763 4696 4764
f 4765 4766 4767
f 4765 4767 4768
f 4766 4769 4770
f 4766 4770 4767
f 4769 4577 4580
f 4769 4580 4770
f 4771 4772 4773
f 4771 4773 4774
f 4774 4773 4775
f 4774 4775 4776
f 4776 4775 4624
f 4776 4624 4623
f 4777 4778 4779
f 4777 4779 4780
f 4781 4782 4783
f 4781 4783 4784
f 4785 4786 4787
f 4785 4787 4788
f 4789 4790 4791
f 4789 4791 4792
f 4793 4794 4795
f 4793 4795 4796
f 4797 4798 4799
f 4797 4799 4800
f 4801 4802 4803
f 4801 4803 4804
f 4805 4806 4807
f 4805 4807 4808
f 4809 4810 4811
f 4809 4811 4812
f 4812 4811 4813
f 4812 4813 4814
f 4814 4813 4815
f 4814 4815 4816
f 4817 4818 4819
f 4817 4819 4820
f 4818 4821 4822
f 4818 4822 4819
f 4821 4823 4824
f 4821 4824 4822
f 4825 4826 4827
f 4825 4827 4828
f 4826 4829 4830
f 4826 4830 4827
f 4829 4831 4832
f 4829 4832 4830
f 4833 4834 4835
f 4833 4835 4836
f 4836 4835 4837
f 4836 4837 4838
f 4838 4837 4839
f 4838 4839 4840
f 4841 4842 4843
f 4841 4843 4844
f 4845 4846 4847
f 4845 4847 4848
f 4849 4850 4851
f 4849 4851 4852
f 4852 4851 4853
f 4852 4853 4854
f 4854 4853 4855
f 4854 4855 4856
f 4857 4858 4859
f 4857 4859 4860
f 4858 4861 4862
f 4858 4862 4859
f 4861 4863 4864
f 4861 4864 4862
f 4865 4866 4867
f 4865 4867 4868
f 4866 4869 4870
f 4866 4870 4867
f 4869 4871 4872
f 4869 4872 4870
f 4873 4874 4875
f 4873 4875 4876
f 4876 4875 4877
f 4876 4877 4878
f 4878 4877 4879
f 4878 4879 4880
f 4881 4882 4883
f 4881 4883 4884
f 4885 4886 4887
f 4885 4887 4888
f 4889 4890 4891
f 4889 4891 4892
f 4892 4891 4893
f 4892 4893 4894
f 4894 4893 4895
f 4894 4895 4896
f 4897 4898 4899
f 4897 4899 4900
f 4898 4901 4902
f 4898 4902 4899
f 4901 4903 4904
f 4901 4904 4902
f 4905 4906 4907
f 4905 4907 4908
f 4906 4909 4910
f 4906 4910 4907
f 4909 4825 4828
f 4909 4828 4910
f 4911 4912 4913
f 4911 4913 4914
f 4914 4913 4915
f 4914 4915 4916
f 4916 4915 4872
f 4916 4872 4871
f 4917 4918 4919
f 4917 4919 4920
f 4921 4922 4923
f 4921 4923 4924
f 4925 4926 4927
f 4925 4927 4928
f 4928 4927 4929
f 4928 4929 4930
f 4930 4929 4931
f 4930 4931 4932
f 4933 4934 4935
f 4933 4935 4936
f 4934 4937 4938
f 4934 4938 4935
f 4937 4939 4940
f 4937 4940 4938
f 4833 4941 4942
f 4833 4942 4834
f 4941 4943 4944
f 4941 4944 4942
f 4943 4945 4946
f 4943 4946 4944
f 4880 4879 4947
f 4880 4947 4948
f 4948 4947 4949
f 4948 4949 4950
f 4950 4949 4951
f 4950 4951 4952
f 4953 4954 4955
f 4953 4955 4956
f 4957 4958 4959
f 4957 4959 4960
f 4896 4895 4961
f 4896 4961 4962
f 4962 4961 4963
f 4962 4963 4964
f 4964 4963 4965
f 4964 4965 4966
f 4925 4967 4968
f 4925 4968 4926
f 4967 4969 4970
f 4967 4970 4968
f 4969 4971 4972
f 4969 4972 4970
f 4809 4973 4974
f 4809 4974 4810
f 4973 4975 4976
f 4973 4976 4974
f 4975 4977 4978
f 4975 4978 4976
f 4856 4855 4979
f 4856 4979 4980
f 4980 4979 4981
f 4980 4981 4982
f 4982 4981 4983
f 4982 4983 4984
f 4985 4986 4987
f 4985 4987 4988
f 4989 4990 4991
f 4989 4991 4992
f 4993 4994 4995
f 4993 4995 4996
f 4996 4995 4997
f 4996 4997 4998
f 4998 4997 4904
f 4998 4904 4903
f 4999 5000 5001
f 4999 5001 5002
f 5000 5003 5004
f 5000 5004 5001
f 5003 4933 4936
f 5003 4936 5004
f 5005 5006 5007
f 5005 5007 5008
f 5006 5009 5010
f 5006 5010 5007
f 5009 4817 4820
f 5009 4820 5010
f 5011 5012 5013
f 5011 5013 5014
f 5014 5013 5015
f 5014 5015 5016
f 5016 5015 4864
f 5016 4864 4863
f 5017 5018 5019
f 5017 5019 5020
f 5021 5022 5023
f 5021 5023 5024
f 5025 5026 5027
f 5025 5027 5028
f 5029 5030 5031
f 5029 5031 5032
f 5033 5034 5035
f 5033 5035 5036
f 5037 5038 5039
f 5037 5039 5040
f 5041 5042 5043
f 5041 5043 5044
f 5045 5046 5047
f 5045 5047 5048
f 5049 5050 5051
f 5049 5051 5052
f 5052 5051 5053
f 5052 5053 5054
f 5054 5053 5055
f 5054 5055 5056
f 5057 5058 5059
f 5057 5059 5060
f 5058 5061 5062
f 5058 5062 5059
f 5061 5063 5064
f 5061 5064 5062
f 5065 5066 5067
f 5065 5067 5068
f 5066 5069 5070
f 5066 5070 5067
f 5069 5071 5072
f 5069 5072 5070
f 5073 5074 5075
f 5073 5075 5076
f 5076 5075 5077
f 5076 5077 5078
f 5078 5077 5079
f 5078 5079 5080
f 5081 5082 5083
f 5081 5083 5084
f 5085 5086 5087
f 5085 5087 5088
f 5089 5090 5091
f 5089 5091 5092
f 5092 5091 5093
f 5092 5093 5094
f 5094 5093 5095
f 5094 5095 5096
f 5097 5098 5099
f 5097 5099 5100
f 5098 5101 5102
f 5098 5102 5099
f 5101 5103 5104
f 5101 5104 5102
f 5105 5106 5107
f 5105 5107 5108
f 5106 5109 5110
f 5106 5110 5107
f 5109 5111 5112
f 5109 5112 5110
f 5113 5114 5115
f 5113 5115 5116
f 5116 5115 5117
f 5116 5117 5118
f 5118 5117 5119
f 5118 5119 5120
f 5121 5122 5123
f 5121 5123 5124
f 5125 5126 5127
f 5125 5127 5128
f 5129 5130 5131
f 5129 5131 5132
f 5132 5131 5133
f 5132 5133 5134
f 5134 5133 5135
f 5134 5135 5136
f 5137 5138 5139
f 5137 5139 5140
f 5138 5141 5142
f 5138 5142 5139
f 5141 5143 5144
f 5141 5144 5142
f 5145 5146 5147
f 5145 5147 5148
f 5146 5149 5150
f 5146 5150 5147
f 5149 5065 5068
f 5149 5068 5150
f 5151 5152 5153
f 5151 5153 5154
f 5154 5153 5155
f 5154 5155 5156
f 5156 5155 5112
f 5156 5112 5111
f 5157 5158 5159
f 5157 5159 5160
f 5161 5162 5163
f 5161 5163 5164
f 5165 5166 5167
f 5165 5167 5168
f 5168 5167 5169
f 5168 5169 5170
f 5170 5169 5171
f 5170 5171 5172
f 5173 5174 5175
f 5173 5175 5176
f 5174 5177 5178
f 5174 5178 5175
f 5177 5179 5180
f 5177 5180 5178
f 5073 5181 5182
f 5073 5182 5074
f 5181 5183 5184
f 5181 5184 5182
f 5183 5185 5186
f 5183 5186 5184
f 5120 5119 5187
f 5120 5187 5188
f 5188 5187 5189
f 5188 5189 5190
f 5190 5189 5191
f 5190 5191 5192
f 5193 5194 5195
f 5193 5195 5196
f 5197 5198 5199
f 5197 5199 5200
f 5136 5135 5201
f 5136 5201 5202
f 5202 5201 5203
f 5202 5203 5204
f 5204 5203 5205
f 5204 5205 5206
f 5165 5207 5208
f 5165 5208 5166
f 5207 5209 5210
f 5207 5210 5208
f 5209 5211 5212
f 5209 5212 5210
f 5049 5213 5214
f 5049 5214 5050
f 5213 5215 5216
f 5213 5216 5214
f 5215 5217 5218
f 5215 5218 5216
f 5096 5095 5219
f 5096 5219 5220
f 5220 5219 5221
f 5220 5221 5222
f 5222 5221 5223
f 5222 5223 5224
f 5225 5226 5227
f 5225 5227 5228
f 5229 5230 5231
f 5229 5231 5232
f 5233 5234 5235
f 5233 5235 5236
f 5236 5235 5237
f 5236 5237 5238
f 5238 5237 5144
f 5238 5144 5143
f 5239 5240 5241
f 5239 5241 5242
f 5240 5243 5244
f 5240 5244 5241
f 5243 5173 5176
f 5243 5176 5244
f 5245 5246 5247
f 5245 5247 5248
f 5246 5249 5250
f 5246 5250 5247
f 5249 5057 5060
f 5249 5060 5250
f 5251 5252 5253
f 5251 5253 5254
f 5254 5253 5255
f 5254 5255 5256
f 5256 5255 5104
f 5256 5104 5103
f 5257 5258 5259
f 5257 5259 5260
f 5261 5262 5263
f 5261 5263 5264
f 5265 5266 5267
f 5265 5267 5268
f 5269 5270 5271
f 5269 5271 5272
f 5273 5274 5275
f 5273 5275 5276
f 5277 5278 5279
f 5277 5279 5280
f 5281 5282 5283
f 5281 5283 5284
f 5285 5286 5287
f 5285 5287 5288
f 5289 5290 5291
f 5289 5291 5292
f 5292 5291 5293
f 5292 5293 5294
f 5294 5293 5295
f 5294 5295 5296
f 5297 5298 5299
f 5297 5299 5300
f 5298 5301 5302
f 5298 5302 5299
f 5301 5303 5304
f 5301 5304 5302
f 5305 5306 5307
f 5305 5307 5308
f 5306 5309 5310
f 5306 5310 5307
f 5309 5311 5312
f 5309 5312 5310
f 5313 5314 5315
f 5313 5315 5316
f 5316 5315 5317
f 5316 5317 5318
f 5318 5317 5319
f 5318 5319 5320
f 5321 5322 5323
f 5321 5323 5324
f 5325 5326 5327
f 5325 5327 5328
f 5329 5330 5331
f 5329 5331 5332
f 5332 5331 5333
f 5332 5333 5334
f 5334 5333 5335
f 5334 5335 5336
f 5337 5338 5339
f 5337 5339 5340
f 5338 5341 5342
f 5338 5342 5339
f 5341 5343 5344
f 5341 5344 5342
f 5345 5346 5347
f 5345 5347 5348
f 5346 5349 5350
f 5346 5350 5347
f 5349 5351 5352
f 5349 5352 5350
f 5353 5354 5355
f 5353 5355 5356
f 5356 5355 5357
f 5356 5357 5358
f 5358 5357 5359
f 5358 5359 5360
f 5361 5362 5363
f 5361 5363 5364
f 5365 5366 5367
f 5365 5367 5368
f 5369 5370 5371
f 5369 5371 5372
f 5372 5371 5373
f 5372 5373 5374
f 5374 5373 5375
f 5374 5375 5376
f 5377 5378 5379
f 5377 5379 5380
f 5378 5381 5382
f 5378 5382 5379
f 5381 5383 5384
f 5381 5384 5382
f 5385 5386 5387
f 5385 5387 5388
f 5386 5389 5390
f 5386 5390 5387
f 5389 5305 5308
f 5389 5308 5390
f 5391 5392 5393
f 5391 5393 5394
f 5394 5393 5395
f 5394 5395 5396
f 5396 5395 5352
f 5396 5352 5351
f 5397 5398 5399
f 5397 5399 5400
f 5401 5402 5403
f 5401 5403 5404
f 5405 5406 5407
f 5405 5407 5408
f 5408 5407 5409
f 5408 5409 5410
f 5410 5409 5411
f 5410 5411 5412
f 5413 5414 5415
f 5413 5415 5416
f 5414 5417 5418
f 5414 5418 5415
f 5417 5419 5420
f 5417 5420 5418
f 5313 5421 5422
f 5313 5422 5314
f 5421 5423 5424
f 5421 5424 5422
f 5423 5425 5426
f 5423 5426 5424
f 5360 5359 5427
f 5360 5427 5428
f 5428 5427 5429
f 5428 5429 5430
f 5430 5429 5431
f 5430 5431 5432
f 5433 5434 5435
f 5433 5435 5436
f 5437 5438 5439
f 5437 5439 5440
f 5376 5375 5441
f 5376 5441 5442
f 5442 5441 5443
f 5442 5443 5444
f 5444 5443 5445
f 5444 5445 5446
f 5405 5447 5448
f 5405 5448 5406
f 5447 5449 5450
f 5447 5450 5448
f 5449 5451 5452
f 5449 5452 5450
f 5289 5453 5454
f 5289 5454 5290
f 5453 5455 5456
f 5453 5456 5454
f 5455 5457 5458
f 5455 5458 5456
f 5336 5335 5459
f 5336 5459 5460
f 5460 5459 5461
f 5460 5461 5462
f 5462 5461 5463
f 5462 5463 5464
f 5465 5466 5467
f 5465 5467 5468
f 5469 5470 5471
f 5469 5471 5472
f 5473 5474 5475
f 5473 5475 5476
f 5476 5475 5477
f 5476 5477 5478
f 5478 5477 5384
f 5478 5384 5383
f 5479 5480 5481
f 5479 5481 5482
f 5480 5483 5484
f 5480 5484 5481
f 5483 5413 5416
f 5483 5416 5484
f 5485 5486 5487
f 5485 5487 5488
f 5486 5489 5490
f 5486 5490 5487
f 5489 5297 5300
f 5489 5300 5490
f 5491 5492 5493
f 5491 5493 5494
f 5494 5493 5495
f 5494 5495 5496
f 5496 5495 5344
f 5496 5344 5343
f 5497 5498 5499
f 5497 5499 5500
f 5501 5502 5503
f 5501 5503 5504
f 5505 5506 5507
f 5505 5507 5508
f 5509 5510 5511
f 5509 5511 5512
f 5513 5514 5515
f 5513 5515 5516
f 5517 5518 5519
f 5517 5519 5520
f 5521 5522 5523
f 5521 5523 5524
f 5525 5526 5527
f 5525 5527 5528
f 5529 5530 5531
f 5529 5531 5532
f 5532 5531 5533
f 5532 5533 5534
f 5534 5533 5535
f 5534 5535 5536
f 5537 5538 5539
f 5537 5539 5540
f 5538 5541 5542
f 5538 5542 5539
f 5541 5543 5544
f 5541 5544 5542
f 5545 5546 5547
f 5545 5547 5548
f 5546 5549 5550
f 5546 5550 5547
f 5549 5551 5552
f 5549 5552 5550
f 5553 5554 5555
f 5553 5555 5556
f 5556 5555 5557
f 5556 5557 5558
f 5558 5557 5559
f 5558 5559 5560
f 5561 5562 5563
f 5561 5563 5564
f 5565 5566 5567
f 5565 5567 5568
f 5569 5570 5571
f 5569 5571 5572
f 5572 5571 5573
f 5572 5573 5574
f 5574 5573 5575
f 5574 5575 5576
f 5577 5578 5579
f 5577 5579 5580
f 5578 5581 5582
f 5578 5582 5579
f 5581 5583 5584
f 5581 5584 5582
f 5585 5586 5587
f 5585 5587 5588
f 5586 5589 5590
f 5586 5590 5587
f 5589 5591 5592
f 5589 5592 5590
f 5593 5594 5595
f 5593 5595 5596
f 5596 5595 5597
f 5596 5597 5598
f 5598 5597 5599
f 5598 5599 5600
f 5601 5602 5603
f 5601 5603 5604
f 5605 5606 5607
f 5605 5607 5608
f 5609 5610 5611
f 5609 5611 5612
f 5612 5611 5613
f 5612 5613 5614
f 5614 5613 5615
f 5614 5615 5616
f 5617 5618 5619
f 5617 5619 5620
f 5618 5621 5622
f 5618 5622 5619
f 5621 5623 5624
f 5621 5624 5622
f 5625 5626 5627
f 5625 5627 5628
f 5626 5629 5630
f 5626 5630 5627
f 5629 5545 5548
f 5629 5548 5630
f 5631 5632 5633
f 5631 5633 5634
f 5634 5633 5635
f 5634 5635 5636
f 5636 5635 5592
f 5636 5592 5591
f 5637 5638 5639
f 5637 5639 5640
f 5641 5642 5643
f 5641 5643 5644
f 5645 5646 5647
f 5645 5647 5648
f 5648 5647 5649
f 5648 5649 5650
f 5650 5649 5651
f 5650 5651 5652
f 5653 5654 5655
f 5653 5655 5656
f 5654 5657 5658
f 5654 5658 5655
f 5657 5659 5660
f 5657 5660 5658
f 5553 5661 5662
f 5553 5662 5554
f 5661 5663 5664
f 5661 5664 5662
f 5663 5665 5666
f 5663 5666 5664
f 5600 5599 5667
f 5600 5667 5668
f 5668 5667 5669
f 5668 5669 5670
f 5670 5669 5671
f 5670 5671 5672
f 5673 5674 5675
f 5673 5675 5676
f 5677 5678 5679
f 5677 5679 5680
f 5616 5615 5681
f 5616 5681 5682
f 5682 5681 5683
f 5682 5683 5684
f 5684 5683 5685
f 5684 5685 5686
f 5645 5687 5688
f 5645 5688 5646
f 5687 5689 5690
f 5687 5690 5688
f 5689 5691 5692
f 5689 5692 5690
f 5529 5693 5694
f 5529 5694 5530
f 5693 5695 5696
f 5693 5696 5694
f 5695 5697 5698
f 5695 5698 5696
f 5576 5575 5699
f 5576 5699 5700
f 5700 5699 5701
f 5700 5701 5702
f 5702 5701 5703
f 5702 5703 5704
f 5705 5706 5707
f 5705 5707 5708
f 5709 5710 5711
f 5709 5711 5712
f 5713 5714 5715
f 5713 5715 5716
f 5716 5715 5717
f 5716 5717 5718
f 5718 5717 5624
f 5718 5624 5623
f 5719 5720 5721
f 5719 5721 5722
f 5720 5723 5724
f 5720 5724 5721
f 5723 5653 5656
f 5723 5656 5724
f 5725 5726 5727
f 5725 5727 5728
f 5726 5729 5730
f 5726 5730 5727
f 5729 5537 5540
f 5729 5540 5730
f 5731 5732 5733
f 5731 5733 5734
f 5734 5733 5735
f 5734 5735 5736
f 5736 5735 5584
f 5736 5584 5583
f 5737 5738 5739
f 5737 5739 5740
f 5741 5742 5743
f 5741 5743 5744
f 5745 5746 5747
f 5745 5747 5748
f 5749 5750 5751
f 5749 5751 5752
f 5753 5754 5755
f 5753 5755 5756
f 5757 5758 5759
f 5757 5759 5760
f 5761 5762 5763
f 5761 5763 5764
f 5765 5766 5767
f 5765 5767 5768
f 5769 5770 5771
f 5769 5771 5772
f 5772 5771 5773
f 5772 5773 5774
f 5774 5773 5775
f 5774 5775 5776
f 5777 5778 5779
f 5777 5779 5780
f 5778 5781 5782
f 5778 5782 5779
f 5781 5783 5784
f 5781 5784 5782
f 5785 5786 5787
f 5785 5787 5788
f 5786 5789 5790
f 5786 5790 5787
f 5789 5791 5792
f 5789 5792 5790
f 5793 5794 5795
f 5793 5795 5796
f 5796 5795 5797
f 5796 5797 5798
f 5798 5797 5799
f 5798 5799 5800
f 5801 5802 5803
f 5801 5803 5804
f 5805 5806 5807
f 5805 5807 5808
f 5809 5810 5811
f 5809 5811 5812
f 5812 5811 5813
f 5812 5813 5814
f 5814 5813 5815
f 5814 5815 5816
f 5817 5818 5819
f 5817 5819 5820
f 5818 5821 5822
f 5818 5822 5819
f 5821 5823 5824
f 5821 5824 5822
f 5825 5826 5827
f 5825 5827 5828
f 5826 5829 5830
f 5826 5830 5827
f 5829 5831 5832
f 5829 5832 5830
f 5833 5834 5835
f 5833 5835 5836
f 5836 5835 5837
f 5836 5837 5838
f 5838 5837 5839
f 5838 5839 5840
f 5841 5842 5843
f 5841 5843 5844
f 5845 5846 5847
f 5845 5847 5848
f 5849 5850 5851
f 5849 5851 5852
f 5852 5851 5853
f 5852 5853 5854
f 5854 5853 5855
f 5854 5855 5856
f 5857 5858 5859
f 5857 5859 5860
f 5858 5861 5862
f 5858 5862 5859
f 5861 5863 5864
f 5861 5864 5862
f 5865 5866 5867
f 5865 5867 5868
f 5866 5869 5870
f 5866 5870 5867
f 5869 5785 5788
f 5869 5788 5870
f 5871 5872 5873
f 5871 5873 5874
f 5874 5873 5875
f 5874 5875 5876
f 5876 5875 5832
f 5876 5832 5831
f 5877 5878 5879
f 5877 5879 5880
f 5881 5882 5883
f 5881 5883 5884
f 5885 5886 5887
f 5885 5887 5888
f 5888 5887 5889
f 5888 5889 5890
f 5890 5889 5891
f 5890 5891 5892
f 5893 5894 5895
f 5893 5895 5896
f 5894 5897 5898
f 5894 5898 5895
f 5897 5899 5900
f 5897 5900 5898
f 5793 5901 5902
f 5793 5902 5794
f 5901 5903 5904
f 5901 5904 5902
f 5903 5905 5906
f 5903 5906 5904
f 5840 5839 5907
f 5840 5907 5908
f 5908 5907 5909
f 5908 5909 5910
f 5910 5909 5911
f 5910 5911 5912
f 5913 5914 5915
f 5913 5915 5916
f 5917 5918 5919
f 5917 5919 5920
f 5856 5855 5921
f 5856 5921 5922
f 5922 5921 5923
f 5922 5923 5924
f 5924 5923 5925
f 5924 5925 5926
f 5885 5927 5928
f 5885 5928 5886
f 5927 5929 5930
f 5927 5930 5928
f 5929 5931 5932
f 5929 5932 5930
f 5769 5933 5934
f 5769 5934 5770
f 5933 5935 5936
f 5933 5936 5934
f 5935 5937 5938
f 5935 5938 5936
f 5816 5815 5939
f 5816 5939 5940
f 5940 5939 5941
f 5940 5941 5942
f 5942 5941 5943
f 5942 5943 5944
f 5945 5946 5947
f 5945 5947 5948
f 5949 5950 5951
f 5949 5951 5952
f 5953 5954 5955
f 5953 5955 5956
f 5956 5955 5957
f 5956 5957 5958
f 5958 5957 5864
f 5958 5864 5863
f 5959 5960 5961
f 5959 5961 5962
f 5960 5963 5964
f 5960 5964 5961
f 5963 5893 5896
f 5963 5896 5964
f 5965 5966 5967
f 5965 5967 5968
f 5966 5969 5970
f 5966 5970 5967
f 5969 5777 5780
f 5969 5780 5970
f 5971 5972 5973
f 5971 5973 5974
f 5974 5973 5975
f 5974 5975 5976
f 5976 5975 5824
f 5976 5824 5823
f 5977 5978 5979
f 5977 5979 5980
f 5981 5982 5983
f 5981 5983 5984
f 5985 5986 5987
f 5985 5987 5988
f 5989 5990 5991
f 5989 5991 5992
f 5993 5994 5995
f 5993 5995 5996
f 5997 5998 5999
f 5997 5999 6000
f 6001 6002 6003
f 6001 6003 6004
f 6005 6006 6007
f 6005 6007 6008
f 6009 6010 6011
f 6009 6011 6012
f 6012 6011 6013
f 6012 6013 6014
f 6014 6013 6015
f 6014 6015 6016
f 6017 6018 6019
f 6017 6019 6020
f 6018 6021 6022
f 6018 6022 6019
f 6021 6023 6024
f 6021 6024 6022
f 6025 6026 6027
f 6025 6027 6028
f 6026 6029 6030
f 6026 6030 6027
f 6029 6031 6032
f 6029 6032 6030
f 6033 6034 6035
f 6033 6035 6036
f 6036 6035 6037
f 6036 6037 6038
f 6038 6037 6039
f 6038 6039 6040
f 6041 6042 6043
f 6041 6043 6044
f 6045 6046 6047
f 6045 6047 6048
f 6049 6050 6051
f 6049 6051 6052
f 6052 6051 6053
f 6052 6053 6054
f 6054 6053 6055
f 6054 6055 6056
f 6057 6058 6059
f 6057 6059 6060
f 6058 6061 6062
f 6058 6062 6059
f 6061 6063 6064
f 6061 6064 6062
f 6065 6066 6067
f 6065 6067 6068
f 6066 6069 6070
f 6066 6070 6067
f 6069 6071 6072
f 6069 6072 6070
f 6073 6074 6075
f 6073 6075 6076
f 6076 6075 6077
f 6076 6077 6078
f 6078 6077 6079
f 6078 6079 6080
f 6081 6082 6083
f 6081 6083 6084
f 6085 6086 6087
f 6085 6087 6088
f 6089 6090 6091
f 6089 6091 6092
f 6092 6091 6093
f 6092 6093 6094
f 6094 6093 6095
f 6094 6095 6096
f 6097 6098 6099
f 6097 6099 6100
f 6098 6101 6102
f 6098 6102 6099
f 6101 6103 6104
f 6101 6104 6102
f 6105 6106 6107
f 6105 6107 6108
f 6106 6109 6110
f 6106 6110 6107
f 6109 6025 6028
f 6109 6028 6110
f 6111 6112 6113
f 6111 6113 6114
f 6114 6113 6115
f 6114 6115 6116
f 6116 6115 6072
f 6116 6072 6071
f 6117 6118 6119
f 6117 6119 6120
f 6121 6122 6123
f 6121 6123 6124
f 6125 6126 6127
f 6125 6127 6128
f 6128 6127 6129
f 6128 6129 6130
f 6130 6129 6131
f 6130 6131 6132
f 6133 6134 6135
f 6133 6135 6136
f 6134 6137 6138
f 6134 6138 6135
f 6137 6139 6140
f 6137 6140 6138
f 6033 6141 6142
f 6033 6142 6034
f 6141 6143 6144
f 6141 6144 6142
f 6143 6145 6146
f 6143 6146 6144
f 6080 6079 6147
f 6080 6147 6148
f 6148 6147 6149
f 6148 6149 6150
f 6150 6149 6151
f 6150 6151 6152
f 6153 6154 6155
f 6153 6155 6156
f 6157 6158 6159
f 6157 6159 6160
f 6096 6095 6161
f 6096 6161 6162
f 6162 6161 6163
f 6162 6163 6164
f 6164 6163 6165
f 6164 6165 6166
f 6125 6167 6168
f 6125 6168 6126
f 6167 6169 6170
f 6167 6170 6168
f 6169 6171 6172
f 6169 6172 6170
f 6009 6173 6174
f 6009 6174 6010
f 6173 6175 6176
f 6173 6176 6174
f 6175 6177 6178
f 6175 6178 6176
f 6056 6055 6179
f 6056 6179 6180
f 6180 6179 6181
f 6180 6181 6182
f 6182 6181 6183
f 6182 6183 6184
f 6185 6186 6187
f 6185 6187 6188
f 6189 6190 6191
f 6189 6191 6192
f 6193 6194 6195
f 6193 6195 6196
f 6196 6195 6197
f 6196 6197 6198
f 6198 6197 6104
f 6198 6104 6103
f 6199 6200 6201
f 6199 6201 6202
f 6200 6203 6204
f 6200 6204 6201
f 6203 6133 6136
f 6203 6136 6204
f 6205 6206 6207
f 6205 6207 6208
f 6206 6209 6210
f 6206 6210 6207
f 6209 6017 6020
f 6209 6020 6210
f 6211 6212 6213
f 6211 6213 6214
f 6214 6213 6215
f 6214 6215 6216
f 6216 6215 6064
f 6216 6064 6063
f 6217 6218 6219
f 6217 6219 6220
f 6221 6222 6223
f 6221 6223 6224
f 6225 6226 6227
f 6225 6227 6228
f 6229 6230 6231
f 6229 6231 6232
f 6233 6234 6235
f 6233 6235 6236
f 6237 6238 6239
f 6237 6239 6240
f 6241 6242 6243
f 6241 6243 6244
f 6245 6246 6247
f 6245 6247 6248
f 6249 6250 6251
f 6249 6251 6252
f 6252 6251 6253
f 6252 6253 6254
f 6254 6253 6255
f 6254 6255 6256
f 6257 6258 6259
f 6257 6259 6260
f 6258 6261 6262
f 6258 6262 6259
f 6261 6263 6264
f 6261 6264 6262
f 6265 6266 6267
f 6265 6267 6268
f 6266 6269 6270
f 6266 6270 6267
f 6269 6271 6272
f 6269 6272 6270
f 6273 6274 6275
f 6273 6275 6276
f 6276 6275 6277
f 6276 6277 6278
f 6278 6277 6279
f 6278 6279 6280
f 6281 6282 6283
f 6281 6283 6284
f 6285 6286 6287
f 6285 6287 6288
f 6289 6290 6291
f 6289 6291 6292
f 6292 6291 6293
f 6292 6293 6294
f 6294 6293 6295
f 6294 6295 6296
f 6297 6298 6299
f 6297 6299 6300
f 6298 6301 6302
f 6298 6302 6299
f 6301 6303 6304
f 6301 6304 6302
f 6305 6306 6307
f 6305 6307 6308
f 6306 6309 6310
f 6306 6310 6307
f 6309 6311 6312
f 6309 6312 6310
f 6313 6314 6315
f 6313 6315 6316
f 6316 6315 6317
f 6316 6317 6318
f 6318 6317 6319
f 6318 6319 6320
f 6321 6322 6323
f 6321 6323 6324
f 6325 6326 6327
f 6325 6327 6328
f 6329 6330 6331
f 6329 6331 6332
f 6332 6331 6333
f 6332 6333 6334
f 6334 6333 6335
f 6334 6335 6336
f 6337 6338 6339
f 6337 6339 6340
f 6338 6341 6342
f 6338 6342 6339
f 6341 6343 6344
f 6341 6344 6342
f 6345 6346 6347
f 6345 6347 6348
f 6346 6349 6350
f 6346 6350 6347
f 6349 6265 6268
f 6349 6268 6350
f 6351 6352 6353
f 6351 6353 6354
f 6354 6353 6355
f 6354 6355 6356
f 6356 6355 6312
f 6356 6312 6311
f 6357 6358 6359
f 6357 6359 6360
f 6361 6362 6363
f 6361 6363 6364
f 6365 6366 6367
f 6365 6367 6368
f 6368 6367 6369
f 6368 6369 6370
f 6370 6369 6371
f 6370 6371 6372
f 6373 6374 6375
f 6373 6375 6376
f 6374 6377 6378
f 6374 6378 6375
f 6377 6379 6380
f 6377 6380 6378
f 6273 6381 6382
f 6273 6382 6274
f 6381 6383 6384
f 6381 6384 6382
f 6383 6385 6386
f 6383 6386 6384
f 6320 6319 6387
f 6320 6387 6388
f 6388 6387 6389
f 6388 6389 6390
f 6390 6389 6391
f 6390 6391 6392
f 6393 6394 6395
f 6393 6395 6396
f 6397 6398 6399
f 6397 6399 6400
f 6336 6335 6401
f 6336 6401 6402
f 6402 6401 6403
f 6402 6403 6404
f 6404 6403 6405
f 6404 6405 6406
f 6365 6407 6408
f 6365 6408 6366
f 6407 6409 6410
f 6407 6410 6408
f 6409 6411 6412
f 6409 6412 6410
f 6249 6413 6414
f 6249 6414 6250
f 6413 6415 6416
f 6413 6416 6414
f 6415 6417 6418
f 6415 6418 6416
f 6296 6295 6419
f 6296 6419 6420
f 6420 6419 6421
f 6420 6421 6422
f 6422 6421 6423
f 6422 6423 6424
f 6425 6426 6427
f 6425 6427 6428
f 6429 6430 6431
f 6429 6431 6432
f 6433 6434 6435
f 6433 6435 6436
f 6436 6435 6437
f 6436 6437 6438
f 6438 6437 6344
f 6438 6344 6343
f 6439 6440 6441
f 6439 6441 6442
f 6440 6443 6444
f 6440 6444 6441
f 6443 6373 6376
f 6443 6376 6444
f 6445 6446 6447
f 6445 6447 6448
f 6446 6449 6450
f 6446 6450 6447
f 6449 6257 6260
f 6449 6260 6450
f 6451 6452 6453
f 6451 6453 6454
f 6454 6453 6455
f 6454 6455 6456
f 6456 6455 6304
f 6456 6304 6303
f 6457 6458 6459
f 6457 6459 6460
f 6461 6462 6463
f 6461 6463 6464
f 6465 6466 6467
f 6465 6467 6468
f 6469 6470 6471
f 6469 6471 6472
f 6473 6474 6475
f 6473 6475 6476
f 6477 6478 6479
f 6477 6479 6480
f 6481 6482 6483
f 6481 6483 6484
f 6485 6486 6487
f 6485 6487 6488
f 6489 6490 6491
f 6489 6491 6492
f 6492 6491 6493
f 6492 6493 6494
f 6494 6493 6495
f 6494 6495 6496
f 6497 6498 6499
f 6497 6499 6500
f 6498 6501 6502
f 6498 6502 6499
f 6501 6503 6504
f 6501 6504 6502
f 6505 6506 6507
f 6505 6507 6508
f 6506 6509 6510
f 6506 6510 6507
f 6509 6511 6512
f 6509 6512 6510
f 6513 6514 6515
f 6513 6515 6516
f 6516 6515 6517
f 6516 6517 6518
f 6518 6517 6519
f 6518 6519 6520
f 6521 6522 6523
f 6521 6523 6524
f 6525 6526 6527
f 6525 6527 6528
f 6529 6530 6531
f 6529 6531 6532
f 6532 6531 6533
f 6532 6533 6534
f 6534 6533 6535
f 6534 6535 6536
f 6537 6538 6539
f 6537 6539 6540
f 6538 6541 6542
f 6538 6542 6539
f 6541 6543 6544
f 6541 6544 6542
f 6545 6546 6547
f 6545 6547 6548
f 6546 6549 6550
f 6546 6550 6547
f 6549 6551 6552
f 6549 6552 6550
f 6553 6554 6555
f 6553 6555 6556
f 6556 6555 6557
f 6556 6557 6558
f 6558 6557 6559
f 6558 6559 6560
f 6561 6562 6563
f 6561 6563 6564
f 6565 6566 6567
f 6565 6567 6568
f 6569 6570 6571
f 6569 6571 6572
f 6572 6571 6573
f 6572 6573 6574
f 6574 6573 6575
f 6574 6575 6576
f 6577 6578 6579
f 6577 6579 6580
f 6578 6581 6582
f 6578 6582 6579
f 6581 6583 6584
f 6581 6584 6582
f 6585 6586 6587
f 6585 6587 6588
f 6586 6589 6590
f 6586 6590 6587
f 6589 6505 6508
f 6589 6508 6590
f 6591 6592 6593
f 6591 6593 6594
f 6594 6593 6595
f 6594 6595 6596
f 6596 6595 6552
f 6596 6552 6551
f 6597 6598 6599
f 6597 6599 6600
f 6601 6602 6603
f 6601 6603 6604
f 6605 6606 6607
f 6605 6607 6608
f 6608 6607 6609
f 6608 6609 6610
f 6610 6609 6611
f 6610 6611 6612
f 6613 6614 6615
f 6613 6615 6616
f 6614 6617 6618
f 6614 6618 6615
f 6617 6619 6620
f 6617 6620 6618
f 6513 6621 6622
f 6513 6622 6514
f 6621 6623 6624
f 6621 6624 6622
f 6623 6625 6626
f 6623 6626 6624
f 6560 6559 6627
f 6560 6627 6628
f 6628 6627 6629
f 6628 6629 6630
f 6630 6629 6631
f 6630 6631 6632
f 6633 6634 6635
f 6633 6635 6636
f 6637 6638 6639
f 6637 6639 6640
f 6576 6575 6641
f 6576 6641 6642
f 6642 6641 6643
f 6642 6643 6644
f 6644 6643 6645
f 6644 6645 6646
f 6605 6647 6648
f 6605 6648 6606
f 6647 6649 6650
f 6647 6650 6648
f 6649 6651 6652
f 6649 6652 6650
f 6489 6653 6654
f 6489 6654 6490
f 6653 6655 6656
f 6653 6656 6654
f 6655 6657 6658
f 6655 6658 6656
f 6536 6535 6659
f 6536 6659 6660
f 6660 6659 6661
f 6660 6661 6662
f 6662 6661 6663
f 6662 6663 6664
f 6665 6666 6667
f 6665 6667 6668
f 6669 6670 6671
f 6669 6671 6672
f 6673 6674 6675
f 6673 6675 6676
f 6676 6675 6677
f 6676 6677 6678
f 6678 6677 6584
f 6678 6584 6583
f 6679 6680 6681
f 6679 6681 6682
f 6680 6683 6684
f 6680 6684 6681
f 6683 6613 6616
f 6683 6616 6684
f 6685 6686 6687
f 6685 6687 6688
f 6686 6689 6690
f 6686 6690 6687
f 6689 6497 6500
f 6689 6500 6690
f 6691 6692 6693
f 6691 6693 6694
f 6694 6693 6695
f 6694 6695 6696
f 6696 6695 6544
f 6696 6544 6543
f 6697 6698 6699
f 6697 6699 6700
f 6701 6702 6703
f 6701 6703 6704
f 6705 6706 6707
f 6705 6707 6708
f 6709 6710 6711
f 6709 6711 6712
f 6713 6714 6715
f 6713 6715 6716
f 6717 6718 6719
f 6717 6719 6720
f 6721 6722 6723
f 6721 6723 6724
f 6725 6726 6727
f 6725 6727 6728
f 6729 6730 6731
f 6729 6731 6732
f 6732 6731 6733
f 6732 6733 6734
f 6734 6733 6735
f 6734 6735 6736
f 6737 6738 6739
f 6737 6739 6740
f 6738 6741 6742
f 6738 6742 6739
f 6741 6743 6744
f 6741 6744 6742
f 6745 6746 6747
f 6745 6747 6748
f 6746 6749 6750
f 6746 6750 6747
f 6749 6751 6752
f 6749 6752 6750
f 6753 6754 6755
f 6753 6755 6756
f 6756 6755 6757
f 6756 6757 6758
f 6758 6757 6759
f 6758 6759 6760
f 6761 6762 6763
f 6761 6763 6764
f 6765 6766 6767
f 6765 6767 6768
f 6769 6770 6771
f 6769 6771 6772
f 6772 6771 6773
f 6772 6773 6774
f 6774 6773 6775
f 6774 6775 6776
f 6777 6778 6779
f 6777 6779 6780
f 6778 6781 6782
f 6778 6782 6779
f 6781 6783 6784
f 6781 6784 6782
f 6785 6786 6787
f 6785 6787 6788
f 6786 6789 6790
f 6786 6790 6787
f 6789 6791 6792
f 6789 6792 6790
f 6793 6794 6795
f 6793 6795 6796
f 6796 6795 6797
f 6796 6797 6798
f 6798 6797 6799
f 6798 6799 6800
f 6801 6802 6803
f 6801 6803 6804
f 6805 6806 6807
f 6805 6807 6808
f 6809 6810 6811
f 6809 6811 6812
f 6812 6811 6813
f 6812 6813 6814
f 6814 6813 6815
f 6814 6815 6816
f 6817 6818 6819
f 6817 6819 6820
f 6818 6821 6822
f 6818 6822 6819
f 6821 6823 6824
f 6821 6824 6822
f 6825 6826 6827
f 6825 6827 6828
f 6826 6829 6830
f 6826 6830 6827
f 6829 6745 6748
f 6829 6748 6830
f 6831 6832 6833
f 6831 6833 6834
f 6834 6833 6835
f 6834 6835 6836
f 6836 6835 6792
f 6836 6792 6791
f 6837 6838 6839
f 6837 6839 6840
f 6841 6842 6843
f 6841 6843 6844
f 6845 6846 6847
f 6845 6847 6848
f 6848 6847 6849
f 6848 6849 6850
f 6850 6849 6851
f 6850 6851 6852
f 6853 6854 6855
f 6853 6855 6856
f 6854 6857 6858
f 6854 6858 6855
f 6857 6859 6860
f 6857 6860 6858
f 6753 6861 6862
f 6753 6862 6754
f 6861 6863 6864
f 6861 6864 6862
f 6863 6865 6866
f 6863 6866 6864
f 6800 6799 6867
f 6800 6867 6868
f 6868 6867 6869
f 6868 6869 6870
f 6870 6869 6871
f 6870 6871 6872
f 6873 6874 6875
f 6873 6875 6876
f 6877 6878 6879
f 6877 6879 6880
f 6816 6815 6881
f 6816 6881 6882
f 6882 6881 6883
f 6882 6883 6884
f 6884 6883 6885
f 6884 6885 6886
f 6845 6887 6888
f 6845 6888 6846
f 6887 6889 6890
f 6887 6890 6888
f 6889 6891 6892
f 6889 6892 6890
f 6729 6893 6894
f 6729 6894 6730
f 6893 6895 6896
f 6893 6896 6894
f 6895 6897 6898
f 6895 6898 6896
f 6776 6775 6899
f 6776 6899 6900
f 6900 6899 6901
f 6900 6901 6902
f 6902 6901 6903
f 6902 6903 6904
f 6905 6906 6907
f 6905 6907 6908
f 6909 6910 6911
f 6909 6911 6912
f 6913 6914 6915
f 6913 6915 6916
f 6916 6915 6917
f 6916 6917 6918
f 6918 6917 6824
f 6918 6824 6823
f 6919 6920 6921
f 6919 6921 6922
f 6920 6923 6924
f 6920 6924 6921
f 6923 6853 6856
f 6923 6856 6924
f 6925 6926 6927
f 6925 6927 6928
f 6926 6929 6930
f 6926 6930 6927
f 6929 6737 6740
f 6929 6740 6930
f 6931 6932 6933
f 6931 6933 6934
f 6934 6933 6935
f 6934 6935 6936
f 6936 6935 6784
f 6936 6784 6783
f 6937 6938 6939
f 6937 6939 6940
f 6941 6942 6943
f 6941 6943 6944
f 6945 6946 6947
f 6945 6947 6948
f 6949 6950 6951
f 6949 6951 6952
f 6953 6954 6955
f 6953 6955 6956
f 6957 6958 6959
f 6957 6959 6960
f 6961 6962 6963
f 6961 6963 6964
f 6965 6966 6967
f 6965 6967 6968
f 6969 6970 6971
f 6969 6971 6972
f 6972 6971 6973
f 6972 6973 6974
f 6974 6973 6975
f 6974 6975 6976
f 6977 6978 6979
f 6977 6979 6980
f 6978 6981 6982
f 6978 6982 6979
f 6981 6983 6984
f 6981 6984 6982
f 6985 6986 6987
f 6985 6987 6988
f 6986 6989 6990
f 6986 6990 6987
f 6989 6991 6992
f 6989 6992 6990
f 6993 6994 6995
f 6993 6995 6996
f 6996 6995 6997
f 6996 6997 6998
f 6998 6997 6999
f 6998 6999 7000
f 7001 7002 7003
f 7001 7003 7004
f 7005 7006 7007
f 7005 7007 7008
f 7009 7010 7011
f 7009 7011 7012
f 7012 7011 7013
f 7012 7013 7014
f 7014 7013 7015
f 7014 7015 7016
f 7017 7018 7019
f 7017 7019 7020
f 7018 7021 7022
f 7018 7022 7019
f 7021 7023 7024
f 7021 7024 7022
f 7025 7026 7027
f 7025 7027 7028
f 7026 7029 7030
f 7026 7030 7027
f 7029 7031 7032
f 7029 7032 7030
f 7033 7034 7035
f 7033 7035 7036
f 7036 7035 7037
f 7036 7037 7038
f 7038 7037 7039
f 7038 7039 7040
f 7041 7042 7043
f 7041 7043 7044
f 7045 7046 7047
f 7045 7047 7048
f 7049 7050 7051
f 7049 7051 7052
f 7052 7051 7053
f 7052 7053 7054
f 7054 7053 7055
f 7054 7055 7056
f 7057 7058 7059
f 7057 7059 7060
f 7058 7061 7062
f 7058 7062 7059
f 7061 7063 7064
f 7061 7064 7062
f 7065 7066 7067
f 7065 7067 7068
f 7066 7069 7070
f 7066 7070 7067
f 7069 6985 6988
f 7069 6988 7070
f 7071 7072 7073
f 7071 7073 7074
f 7074 7073 7075
f 7074 7075 7076
f 7076 7075 7032
f 7076 7032 7031
f 7077 7078 7079
f 7077 7079 7080
f 7081 7082 7083
f 7081 7083 7084
f 7085 7086 7087
f 7085 7087 7088
f 7088 7087 7089
f 7088 7089 7090
f 7090 7089 7091
f 7090 7091 7092
f 7093 7094 7095
f 7093 7095 7096
f 7094 7097 7098
f 7094 7098 7095
f 7097 7099 7100
f 7097 7100 7098
f 6993 7101 7102
f 6993 7102 6994
f 7101 7103 7104
f 7101 7104 7102
f 7103 7105 7106
f 7103 7106 7104
f 7040 7039 7107
f 7040 7107 7108
f 7108 7107 7109
f 7108 7109 7110
f 7110 7109 7111
f 7110 7111 7112
f 7113 7114 7115
f 7113 7115 7116
f 7117 7118 7119
f 7117 7119 7120
f 7056 7055 7121
f 7056 7121 7122
f 7122 7121 7123
f 7122 7123 7124
f 7124 7123 7125
f 7124 7125 7126
f 7085 7127 7128
f 7085 7128 7086
f 7127 7129 7130
f 7127 7130 7128
f 7129 7131 7132
f 7129 7132 7130
f 6969 7133 7134
f 6969 7134 6970
f 7133 7135 7136
f 7133 7136 7134
f 7135 7137 7138
f 7135 7138 7136
f 7016 7015 7139
f 7016 7139 7140
f 7140 7139 7141
f 7140 7141 7142
f 7142 7141 7143
f 7142 7143 7144
f 7145 7146 7147
f 7145 7147 7148
f 7149 7150 7151
f 7149 7151 7152
f 7153 7154 7155
f 7153 7155 7156
f 7156 7155 7157
f 7156 7157 7158
f 7158 7157 7064
f 7158 7064 7063
f 7159 7160 7161
f 7159 7161 7162
f 7160 7163 7164
f 7160 7164 7161
f 7163 7093 7096
f 7163 7096 7164
f 7165 7166 7167
f 7165 7167 7168
f 7166 7169 7170
f 7166 7170 7167
f 7169 6977 6980
f 7169 6980 7170
f 7171 7172 7173
f 7171 7173 7174
f 7174 7173 7175
f 7174 7175 7176
f 7176 7175 7024
f 7176 7024 7023
f 7177 7178 7179
f 7177 7179 7180
f 7181 7182 7183
f 7181 7183 7184
f 7185 7186 7187
f 7185 7187 7188
f 7189 7190 7191
f 7189 7191 7192
f 7193 7194 7195
f 7193 7195 7196
f 7197 7198 7199
f 7197 7199 7200
f 7201 7202 7203
f 7201 7203 7204
f 7205 7206 7207
f 7205 7207 7208
f 7209 7210 7211
f 7209 7211 7212
f 7212 7211 7213
f 7212 7213 7214
f 7214 7213 7215
f 7214 7215 7216
f 7217 7218 7219
f 7217 7219 7220
f 7218 7221 7222
f 7218 7222 7219
f 7221 7223 7224
f 7221 7224 7222
f 7225 7226 7227
f 7225 7227 7228
f 7226 7229 7230
f 7226 7230 7227
f 7229 7231 7232
f 7229 7232 7230
f 7233 7234 7235
f 7233 7235 7236
f 7236 7235 7237
f 7236 7237 7238
f 7238 7237 7239
f 7238 7239 7240
f 7241 7242 7243
f 7241 7243 7244
f 7245 7246 7247
f 7245 7247 7248
f 7249 7250 7251
f 7249 7251 7252
f 7252 7251 7253
f 7252 7253 7254
f 7254 7253 7255
f 7254 7255 7256
f 7257 7258 7259
f 7257 7259 7260
f 7258 7261 7262
f 7258 7262 7259
f 7261 7263 7264
f 7261 7264 7262
f 7265 7266 7267
f 7265 7267 7268
f 7266 7269 7270
f 7266 7270 7267
f 7269 7271 7272
f 7269 7272 7270
f 7273 7274 7275
f 7273 7275 7276
f 7276 7275 7277
f 7276 7277 7278
f 7278 7277 7279
f 7278 7279 7280
f 7281 7282 7283
f 7281 7283 7284
f 7285 7286 7287
f 7285 7287 7288
f 7289 7290 7291
f 7289 7291 7292
f 7292 7291 7293
f 7292 7293 7294
f 7294 7293 7295
f 7294 7295 7296
f 7297 7298 7299
f 7297 7299 7300
f 7298 7301 7302
f 7298 7302 7299
f 7301 7303 7304
f 7301 7304 7302
f 7305 7306 7307
f 7305 7307 7308
f 7306 7309 7310
f 7306 7310 7307
f 7309 7225 7228
f 7309 7228 7310
f 7311 7312 7313
f 7311 7313 7314
f 7314 7313 7315
f 7314 7315 7316
f 7316 7315 7272
f 7316 7272 7271
f 7317 7318 7319
f 7317 7319 7320
f 7321 7322 7323
f 7321 7323 7324
f 7325 7326 7327
f 7325 7327 7328
f 7328 7327 7329
f 7328 7329 7330
f 7330 7329 7331
f 7330 7331 7332
f 7333 7334 7335
f 7333 7335 7336
f 7334 7337 7338
f 7334 7338 7335
f 7337 7339 7340
f 7337 7340 7338
f 7233 7341 7342
f 7233 7342 7234
f 7341 7343 7344
f 7341 7344 7342
f 7343 7345 7346
f 7343 7346 7344
f 7280 7279 7347
f 7280 7347 7348
f 7348 7347 7349
f 7348 7349 7350
f 7350 7349 7351
f 7350 7351 7352
f 7353 7354 7355
f 7353 7355 7356
f 7357 7358 7359
f 7357 7359 7360
f 7296 7295 7361
f 7296 7361 7362
f 7362 7361 7363
f 7362 7363 7364
f 7364 7363 7365
f 7364 7365 7366
f 7325 7367 7368
f 7325 7368 7326
f 7367 7369 7370
f 7367 7370 7368
f 7369 7371 7372
f 7369 7372 7370
f 7209 7373 7374
f 7209 7374 7210
f 7373 7375 7376
f 7373 7376 7374
f 7375 7377 7378
f 7375 7378 7376
f 7256 7255 7379
f 7256 7379 7380
f 7380 7379 7381
f 7380 7381 7382
f 7382 7381 7383
f 7382 7383 7384
f 7385 7386 7387
f 7385 7387 7388
f 7389 7390 7391
f 7389 7391 7392
f 7393 7394 7395
f 7393 7395 7396
f 7396 7395 7397
f 7396 7397 7398
f 7398 7397 7304
f 7398 7304 7303
f 7399 7400 7401
f 7399 7401 7402
f 7400 7403 7404
f 7400 7404 7401
f 7403 7333 7336
f 7403 7336 7404
f 7405 7406 7407
f 7405 7407 7408
f 7406 7409 7410
f 7406 7410 7407
f 7409 7217 7220
f 7409 7220 7410
f 7411 7412 7413
f 7411 7413 7414
f 7414 7413 7415
f 7414 7415 7416
f 7416 7415 7264
f 7416 7264 7263
f 7417 7418 7419
f 7417 7419 7420
f 7421 7422 7423
f 7421 7423 7424
f 7425 7426 7427
f 7425 7427 7428
f 7429 7430 7431
f 7429 7431 7432
f 7433 7434 7435
f 7433 7435 7436
f 7437 7438 7439
f 7437 7439 7440
f 7441 7442 7443
f 7441 7443 7444
f 7445 7446 7447
f 7445 7447 7448
f 7449 7450 7451
f 7449 7451 7452
f 7452 7451 7453
f 7452 7453 7454
f 7454 7453 7455
f 7454 7455 7456
f 7457 7458 7459
f 7457 7459 7460
f 7458 7461 7462
f 7458 7462 7459
f 7461 7463 7464
f 7461 7464 7462
f 7465 7466 7467
f 7465 7467 7468
f 7466 7469 7470
f 7466 7470 7467
f 7469 7471 7472
f 7469 7472 7470
f 7473 7474 7475
f 7473 7475 7476
f 7476 7475 7477
f 7476 7477 7478
f 7478 7477 7479
f 7478 7479 7480
f 7481 7482 7483
f 7481 7483 7484
f 7485 7486 7487
f 7485 7487 7488
f 7489 7490 7491
f 7489 7491 7492
f 7492 7491 7493
f 7492 7493 7494
f 7494 7493 7495
f 7494 7495 7496
f 7497 7498 7499
f 7497 7499 7500
f 7498 7501 7502
f 7498 7502 7499
f 7501 7503 7504
f 7501 7504 7502
f 7505 7506 7507
f 7505 7507 7508
f 7506 7509 7510
f 7506 7510 7507
f 7509 7511 7512
f 7509 7512 7510
f 7513 7514 7515
f 7513 7515 7516
f 7516 7515 7517
f 7516 7517 7518
f 7518 7517 7519
f 7518 7519 7520
f 7521 7522 7523
f 7521 7523 7524
f 7525 7526 7527
f 7525 7527 7528
f 7529 7530 7531
f 7529 7531 7532
f 7532 7531 7533
f 7532 7533 7534
f 7534 7533 7535
f 7534 7535 7536
f 7537 7538 7539
f 7537 7539 7540
f 7538 7541 7542
f 7538 7542 7539
f 7541 7543 7544
f 7541 7544 7542
f 7545 7546 7547
f 7545 7547 7548
f 7546 7549 7550
f 7546 7550 7547
f 7549 7465 7468
f 7549 7468 7550
f 7551 7552 7553
f 7551 7553 7554
f 7554 7553 7555
f 7554 7555 7556
f 7556 7555 7512
f 7556 7512 7511
f 7557 7558 7559
f 7557 7559 7560
f 7561 7562 7563
f 7561 7563 7564
f 7565 7566 7567
f 7565 7567 7568
f 7568 7567 7569
f 7568 7569 7570
f 7570 7569 7571
f 7570 7571 7572
f 7573 7574 7575
f 7573 7575 7576
f 7574 7577 7578
f 7574 7578 7575
f 7577 7579 7580
f 7577 7580 7578
f 7473 7581 7582
f 7473 7582 7474
f 7581 7583 7584
f 7581 7584 7582
f 7583 7585 7586
f 7583 7586 7584
f 7520 7519 7587
f 7520 7587 7588
f 7588 7587 7589
f 7588 7589 7590
f 7590 7589 7591
f 7590 7591 7592
f 7593 7594 7595
f 7593 7595 7596
f 7597 7598 7599
f 7597 7599 7600
f 7536 7535 7601
f 7536 7601 7602
f 7602 7601 7603
f 7602 7603 7604
f 7604 7603 7605
f 7604 7605 7606
f 7565 7607 7608
f 7565 7608 7566
f 7607 7609 7610
f 7607 7610 7608
f 7609 7611 7612
f 7609 7612 7610
f 7449 7613 7614
f 7449 7614 7450
f 7613 7615 7616
f 7613 7616 7614
f 7615 7617 7618
f 7615 7618 7616
f 7496 7495 7619
f 7496 7619 7620
f 7620 7619 7621
f 7620 7621 7622
f 7622 7621 7623
f 7622 7623 7624
f 7625 7626 7627
f 7625 7627 7628
f 7629 7630 7631
f 7629 7631 7632
f 7633 7634 7635
f 7633 7635 7636
f 7636 7635 7637
f 7636 7637 7638
f 7638 7637 7544
f 7638 7544 7543
f 7639 7640 7641
f 7639 7641 7642
f 7640 7643 7644
f 7640 7644 7641
f 7643 7573 7576
f 7643 7576 7644
f 7645 7646 7647
f 7645 7647 7648
f 7646 7649 7650
f 7646 7650 7647
f 7649 7457 7460
f 7649 7460 7650
f 7651 7652 7653
f 7651 7653 7654
f 7654 7653 7655
f 7654 7655 7656
f 7656 7655 7504
f 7656 7504 7503
f 7657 7658 7659
f 7657 7659 7660
f 7661 7662 7663
f 7661 7663 7664
f 7665 7666 7667
f 7665 7667 7668
f 7669 7670 7671
f 7669 7671 7672
f 7673 7674 7675
f 7673 7675 7676
f 7677 7678 7679
f 7677 7679 7680
f 7681 7682 7683
f 7681 7683 7684
f 7685 7686 7687
f 7685 7687 7688
f 7689 7690 7691
f 7689 7691 7692
f 7692 7691 7693
f 7692 7693 7694
f 7694 7693 7695
f 7694 7695 7696
f 7697 7698 7699
f 7697 7699 7700
f 7698 7701 7702
f 7698 7702 7699
f 7701 7703 7704
f 7701 7704 7702
f 7705 7706 7707
f 7705 7707 7708
f 7706 7709 7710
f 7706 7710 7707
f 7709 7711 7712
f 7709 7712 7710
f 7713 7714 7715
f 7713 7715 7716
f 7716 7715 7717
f 7716 7717 7718
f 7718 7717 7719
f 7718 7719 7720
f 7721 7722 7723
f 7721 7723 7724
f 7725 7726 7727
f 7725 7727 7728
f 7729 7730 7731
f 7729 7731 7732
f 7732 7731 7733
f 7732 7733 7734
f 7734 7733 7735
f 7734 7735 7736
f 7737 7738 7739
f 7737 7739 7740
f 7738 7741 7742
f 7738 7742 7739
f 7741 7743 7744
f 7741 7744 7742
f 7745 7746 7747
f 7745 7747 7748
f 7746 7749 7750
f 7746 7750 7747
f 7749 7751 7752
f 7749 7752 7750
f 7753 7754 7755
f 7753 7755 7756
f 7756 7755 7757
f 7756 7757 7758
f 7758 7757 7759
f 7758 7759 7760
f 7761 7762 7763
f 7761 7763 7764
f 7765 7766 7767
f 7765 7767 7768
f 7769 7770 7771
f 7769 7771 7772
f 7772 7771 7773
f 7772 7773 7774
f 7774 7773 7775
f 7774 7775 7776
f 7777 7778 7779
f 7777 7779 7780
f 7778 7781 7782
f 7778 7782 7779
f 7781 7783 7784
f 7781 7784 7782
f 7785 7786 7787
f 7785 7787 7788
f 7786 7789 7790
f 7786 7790 7787
f 7789 7705 7708
f 7789 7708 7790
f 7791 7792 7793
f 7791 7793 7794
f 7794 7793 7795
f 7794 7795 7796
f 7796 7795 7752
f 7796 7752 7751
f 7797 7798 7799
f 7797 7799 7800
f 7801 7802 7803
f 7801 7803 7804
f 7805 7806 7807
f 7805 7807 7808
f 7808 7807 7809
f 7808 7809 7810
f 7810 7809 7811
f 7810 7811 7812
f 7813 7814 7815
f 7813 7815 7816
f 7814 7817 7818
f 7814 7818 7815
f 7817 7819 7820
f 7817 7820 7818
f 7713 7821 7822
f 7713 7822 7714
f 7821 7823 7824
f 7821 7824 7822
f 7823 7825 7826
f 7823 7826 7824
f 7760 7759 7827
f 7760 7827 7828
f 7828 7827 7829
f 7828 7829 7830
f 7830 7829 7831
f 7830 7831 7832
f 7833 7834 7835
f 7833 7835 7836
f 7837 7838 7839
f 7837 7839 7840
f 7776 7775 7841
f 7776 7841 7842
f 7842 7841 7843
f 7842 7843 7844
f 7844 7843 7845
f 7844 7845 7846
f 7805 7847 7848
f 7805 7848 7806
f 7847 7849 7850
f 7847 7850 7848
f 7849 7851 7852
f 7849 7852 7850
f 7689 7853 7854
f 7689 7854 7690
f 7853 7855 7856
f 7853 7856 7854
f 7855 7857 7858
f 7855 7858 7856
f 7736 7735 7859
f 7736 7859 7860
f 7860 7859 7861
f 7860 7861 7862
f 7862 7861 7863
f 7862 7863 7864
f 7865 7866 7867
f 7865 7867 7868
f 7869 7870 7871
f 7869 7871 7872
f 7873 7874 7875
f 7873 7875 7876
f 7876 7875 7877
f 7876 7877 7878
f 7878 7877 7784
f 7878 7784 7783
f 7879 7880 7881
f 7879 7881 7882
f 7880 7883 7884
f 7880 7884 7881
f 7883 7813 7816
f 7883 7816 7884
f 7885 7886 7887
f 7885 7887 7888
f 7886 7889 7890
f 7886 7890 7887
f 7889 7697 7700
f 7889 7700 7890
f 7891 7892 7893
f 7891 7893 7894
f 7894 7893 7895
f 7894 7895 7896
f 7896 7895 7744
f 7896 7744 7743
f 7897 7898 7899
f 7897 7899 7900
f 7901 7902 7903
f 7901 7903 7904
f 7905 7906 7907
f 7905 7907 7908
f 7909 7910 7911
f 7909 7911 7912
f 7913 7914 7915
f 7913 7915 7916
f 7917 7918 7919
f 7917 7919 7920
f 7921 7922 7923
f 7921 7923 7924
f 7925 7926 7927
f 7925 7927 7928
f 7929 7930 7931
f 7929 7931 7932
f 7932 7931 7933
f 7932 7933 7934
f 7934 7933 7935
f 7934 7935 7936
f 7937 7938 7939
f 7937 7939 7940
f 7938 7941 7942
f 7938 7942 7939
f 7941 7943 7944
f 7941 7944 7942
f 7945 7946 7947
f 7945 7947 7948
f 7946 7949 7950
f 7946 7950 7947
f 7949 7951 7952
f 7949 7952 7950
f 7953 7954 7955
f 7953 7955 7956
f 7956 7955 7957
f 7956 7957 7958
f 7958 7957 7959
f 7958 7959 7960
f 7961 7962 7963
f 7961 7963 7964
f 7965 7966 7967
f 7965 7967 7968
f 7969 7970 7971
f 7969 7971 7972
f 7972 7971 7973
f 7972 7973 7974
f 7974 7973 7975
f 7974 7975 7976
f 7977 7978 7979
f 7977 7979 7980
f 7978 7981 7982
f 7978 7982 7979
f 7981 7983 7984
f 7981 7984 7982
f 7985 7986 7987
f 7985 7987 7988
f 7986 7989 7990
f 7986 7990 7987
f 7989 7991 7992
f 7989 7992 7990
f 7993 7994 7995
f 7993 7995 7996
f 7996 7995 7997
f 7996 7997 7998
f 7998 7997 7999
f 7998 7999 8000
f 8001 8002 8003
f 8001 8003 8004
f 8005 8006 8007
f 8005 8007 8008
f 8009 8010 8011
f 8009 8011 8012
f 8012 8011 8013
f 8012 8013 8014
f 8014 8013 8015
f 8014 8015 8016
f 8017 8018 8019
f 8017 8019 8020
f 8018 8021 8022
f 8018 8022 8019
f 8021 8023 8024
f 8021 8024 8022
f 8025 8026 8027
f 8025 8027 8028
f 8026 8029 8030
f 8026 8030 8027
f 8029 7945 7948
f 8029 7948 8030
f 8031 8032 8033
f 8031 8033 8034
f 8034 8033 8035
f 8034 8035 8036
f 8036 8035 7992
f 8036 7992 7991
f 8037 8038 8039
f 8037 8039 8040
f 8041 8042 8043
f 8041 8043 8044
f 8045 8046 8047
f 8045 8047 8048
f 8048 8047 8049
f 8048 8049 8050
f 8050 8049 8051
f 8050 8051 8052
f 8053 8054 8055
f 8053 8055 8056
f 8054 8057 8058
f 8054 8058 8055
f 8057 8059 8060
f 8057 8060 8058
f 7953 8061 8062
f 7953 8062 7954
f 8061 8063 8064
f 8061 8064 8062
f 8063 8065 8066
f 8063 8066 8064
f 8000 7999 8067
f 8000 8067 8068
f 8068 8067 8069
f 8068 8069 8070
f 8070 8069 8071
f 8070 8071 8072
f 8073 8074 8075
f 8073 8075 8076
f 8077 8078 8079
f 8077 8079 8080
f 8016 8015 8081
f 8016 8081 8082
f 8082 8081 8083
f 8082 8083 8084
f 8084 8083 8085
f 8084 8085 8086
f 8045 8087 8088
f 8045 8088 8046
f 8087 8089 8090
f 8087 8090 8088
f 8089 8091 8092
f 8089 8092 8090
f 7929 8093 8094
f 7929 8094 7930
f 8093 8095 8096
f 8093 8096 8094
f 8095 8097 8098
f 8095 8098 8096
f 7976 7975 8099
f 7976 8099 8100
f 8100 8099 8101
f 8100 8101 8102
f 8102 8101 8103
f 8102 8103 8104
f 8105 8106 8107
f 8105 8107 8108
f 8109 8110 8111
f 8109 8111 8112
f 8113 8114 8115
f 8113 8115 8116
f 8116 8115 8117
f 8116 8117 8118
f 8118 8117 8024
f 8118 8024 8023
f 8119 8120 8121
f 8119 8121 8122
f 8120 8123 8124
f 8120 8124 8121
f 8123 8053 8056
f 8123 8056 8124
f 8125 8126 8127
f 8125 8127 8128
f 8126 8129 8130
f 8126 8130 8127
f 8129 7937 7940
f 8129 7940 8130
f 8131 8132 8133
f 8131 8133 8134
f 8134 8133 8135
f 8134 8135 8136
f 8136 8135 7984
f 8136 7984 7983
f 8137 8138 8139
f 8137 8139 8140
f 8141 8142 8143
f 8141 8143 8144
f 8145 8146 8147
f 8145 8147 8148
f 8149 8150 8151
f 8149 8151 8152
f 8153 8154 8155
f 8153 8155 8156
f 8157 8158 8159
f 8157 8159 8160
f 8161 8162 8163
f 8161 8163 8164
f 8165 8166 8167
f 8165 8167 8168
f 8169 8170 8171
f 8169 8171 8172
f 8172 8171 8173
f 8172 8173 8174
f 8174 8173 8175
f 8174 8175 8176
f 8177 8178 8179
f 8177 8179 8180
f 8178 8181 8182
f 8178 8182 8179
f 8181 8183 8184
f 8181 8184 8182
f 8185 8186 8187
f 8185 8187 8188
f 8186 8189 8190
f 8186 8190 8187
f 8189 8191 8192
f 8189 8192 8190
f 8193 8194 8195
f 8193 8195 8196
f 8196 8195 8197
f 8196 8197 8198
f 8198 8197 8199
f 8198 8199 8200
f 8201 8202 8203
f 8201 8203 8204
f 8205 8206 8207
f 8205 8207 8208
f 8209 8210 8211
f 8209 8211 8212
f 8212 8211 8213
f 8212 8213 8214
f 8214 8213 8215
f 8214 8215 8216
f 8217 8218 8219
f 8217 8219 8220
f 8218 8221 8222
f 8218 8222 8219
f 8221 8223 8224
f 8221 8224 8222
f 8225 8226 8227
f 8225 8227 8228
f 8226 8229 8230
f 8226 8230 8227
f 8229 8231 8232
f 8229 8232 8230
f 8233 8234 8235
f 8233 8235 8236
f 8236 8235 8237
f 8236 8237 8238
f 8238 8237 8239
f 8238 8239 8240
f 8241 8242 8243
f 8241 8243 8244
f 8245 8246 8247
f 8245 8247 8248
f 8249 8250 8251
f 8249 8251 8252
f 8252 8251 8253
f 8252 8253 8254
f 8254 8253 8255
f 8254 8255 8256
f 8257 8258 8259
f 8257 8259 8260
f 8258 8261 8262
f 8258 8262 8259
f 8261 8263 8264
f 8261 8264 8262
f 8265 8266 8267
f 8265 8267 8268
f 8266 8269 8270
f 8266 8270 8267
f 8269 8185 8188
f 8269 8188 8270
f 8271 8272 8273
f 8271 8273 8274
f 8274 8273 8275
f 8274 8275 8276
f 8276 8275 8232
f 8276 8232 8231
f 8277 8278 8279
f 8277 8279 8280
f 8281 8282 8283
f 8281 8283 8284
f 8285 8286 8287
f 8285 8287 8288
f 8288 8287 8289
f 8288 8289 8290
f 8290 8289 8291
f 8290 8291 8292
f 8293 8294 8295
f 8293 8295 8296
f 8294 8297 8298
f 8294 8298 8295
f 8297 8299 8300
f 8297 8300 8298
f 8193 8301 8302
f 8193 8302 8194
f 8301 8303 8304
f 8301 8304 8302
f 8303 8305 8306
f 8303 8306 8304
f 8240 8239 8307
f 8240 8307 8308
f 8308 8307 8309
f 8308 8309 8310
f 8310 8309 8311
f 8310 8311 8312
f 8313 8314 8315
f 8313 8315 8316
f 8317 8318 8319
f 8317 8319 8320
f 8256 8255 8321
f 8256 8321 8322
f 8322 8321 8323
f 8322 8323 8324
f 8324 8323 8325
f 8324 8325 8326
f 8285 8327 8328
f 8285 8328 8286
f 8327 8329 8330
f 8327 8330 8328
f 8329 8331 8332
f 8329 8332 8330
f 8169 8333 8334
f 8169 8334 8170
f 8333 8335 8336
f 8333 8336 8334
f 8335 8337 8338
f 8335 8338 8336
f 8216 8215 8339
f 8216 8339 8340
f 8340 8339 8341
f 8340 8341 8342
f 8342 8341 8343
f 8342 8343 8344
f 8345 8346 8347
f 8345 8347 8348
f 8349 8350 8351
f 8349 8351 8352
f 8353 8354 8355
f 8353 8355 8356
f 8356 8355 8357
f 8356 8357 8358
f 8358 8357 8264
f 8358 8264 8263
f 8359 8360 8361
f 8359 8361 8362
f 8360 8363 8364
f 8360 8364 8361
f 8363 8293 8296
f 8363 8296 8364
f 8365 8366 8367
f 8365 8367 8368
f 8366 8369 8370
f 8366 8370 8367
f 8369 8177 8180
f 8369 8180 8370
f 8371 8372 8373
f 8371 8373 8374
f 8374 8373 8375
f 8374 8375 8376
f 8376 8375 8224
f 8376 8224 8223
f 8377 8378 8379
f 8377 8379 8380
f 8381 8382 8383
f 8381 8383 8384
f 8385 8386 8387
f 8385 8387 8388
f 8389 8390 8391
f 8389 8391 8392
f 8393 8394 8395
f 8393 8395 8396
f 8397 8398 8399
f 8397 8399 8400
f 8401 8402 8403
f 8401 8403 8404
f 8405 8406 8407
f 8405 8407 8408
f 8409 8410 8411
f 8409 8411 8412
f 8412 8411 8413
f 8412 8413 8414
f 8414 8413 8415
f 8414 8415 8416
f 8417 8418 8419
f 8417 8419 8420
f 8418 8421 8422
f 8418 8422 8419
f 8421 8423 8424
f 8421 8424 8422
f 8425 8426 8427
f 8425 8427 8428
f 8426 8429 8430
f 8426 8430 8427
f 8429 8431 8432
f 8429 8432 8430
f 8433 8434 8435
f 8433 8435 8436
f 8436 8435 8437
f 8436 8437 8438
f 8438 8437 8439
f 8438 8439 8440
f 8441 8442 8443
f 8441 8443 8444
f 8445 8446 8447
f 8445 8447 8448
f 8449 8450 8451
f 8449 8451 8452
f 8452 8451 8453
f 8452 8453 8454
f 8454 8453 8455
f 8454 8455 8456
f 8457 8458 8459
f 8457 8459 8460
f 8458 8461 8462
f 8458 8462 8459
f 8461 8463 8464
f 8461 8464 8462
f 8465 8466 8467
f 8465 8467 8468
f 8466 8469 8470
f 8466 8470 8467
f 8469 8471 8472
f 8469 8472 8470
f 8473 8474 8475
f 8473 8475 8476
f 8476 8475 8477
f 8476 8477 8478
f 8478 8477 8479
f 8478 8479 8480
f 8481 8482 8483
f 8481 8483 8484
f 8485 8486 8487
f 8485 8487 8488
f 8489 8490 8491
f 8489 8491 8492
f 8492 8491 8493
f 8492 8493 8494
f 8494 8493 8495
f 8494 8495 8496
f 8497 8498 8499
f 8497 8499 8500
f 8498 8501 8502
f 8498 8502 8499
f 8501 8503 8504
f 8501 8504 8502
f 8505 8506 8507
f 8505 8507 8508
f 8506 8509 8510
f 8506 8510 8507
f 8509 8425 8428
f 8509 8428 8510
f 8511 8512 8513
f 8511 8513 8514
f 8514 8513 8515
f 8514 8515 8516
f 8516 8515 8472
f 8516 8472 8471
f 8517 8518 8519
f 8517 8519 8520
f 8521 8522 8523
f 8521 8523 8524
f 8525 8526 8527
f 8525 8527 8528
f 8528 8527 8529
f 8528 8529 8530
f 8530 8529 8531
f 8530 8531 8532
f 8533 8534 8535
f 8533 8535 8536
f 8534 8537 8538
f 8534 8538 8535
f 8537 8539 8540
f 8537 8540 8538
f 8433 8541 8542
f 8433 8542 8434
f 8541 8543 8544
f 8541 8544 8542
f 8543 8545 8546
f 8543 8546 8544
f 8480 8479 8547
f 8480 8547 8548
f 8548 8547 8549
f 8548 8549 8550
f 8550 8549 8551
f 8550 8551 8552
f 8553 8554 8555
f 8553 8555 8556
f 8557 8558 8559
f 8557 8559 8560
f 8496 8495 8561
f 8496 8561 8562
f 8562 8561 8563
f 8562 8563 8564
f 8564 8563 8565
f 8564 8565 8566
f 8525 8567 8568
f 8525 8568 8526
f 8567 8569 8570
f 8567 8570 8568
f 8569 8571 8572
f 8569 8572 8570
f 8409 8573 8574
f 8409 8574 8410
f 8573 8575 8576
f 8573 8576 8574
f 8575 8577 8578
f 8575 8578 8576
f 8456 8455 8579
f 8456 8579 8580
f 8580 8579 8581
f 8580 8581 8582
f 8582 8581 8583
f 8582 8583 8584
f 8585 8586 8587
f 8585 8587 8588
f 8589 8590 8591
f 8589 8591 8592
f 8593 8594 8595
f 8593 8595 8596
f 8596 8595 8597
f 8596 8597 8598
f 8598 8597 8504
f 8598 8504 8503
f 8599 8600 8601
f 8599 8601 8602
f 8600 8603 8604
f 8600 8604 8601
f 8603 8533 8536
f 8603 8536 8604
f 8605 8606 8607
f 8605 8607 8608
f 8606 8609 8610
f 8606 8610 8607
f 8609 8417 8420
f 8609 8420 8610
f 8611 8612 8613
f 8611 8613 8614
f 8614 8613 8615
f 8614 8615 8616
f 8616 8615 8464
f 8616 8464 8463
f 8617 8618 8619
f 8617 8619 8620
f 8621 8622 8623
f 8621 8623 8624
f 8625 8626 8627
f 8625 8627 8628
f 8629 8630 8631
f 8629 8631 8632
f 8633 8634 8635
f 8633 8635 8636
f 8637 8638 8639
f 8637 8639 8640
f 8641 8642 8643
f 8641 8643 8644
f 8645 8646 8647
f 8645 8647 8648
f 8649 8650 8651
f 8649 8651 8652
f 8652 8651 8653
f 8652 8653 8654
f 8654 8653 8655
f 8654 8655 8656
f 8657 8658 8659
f 8657 8659 8660
f 8658 8661 8662
f 8658 8662 8659
f 8661 8663 8664
f 8661 8664 8662
f 8665 8666 8667
f 8665 8667 8668
f 8666 8669 8670
f 8666 8670 8667
f 8669 8671 8672
f 8669 8672 8670
f 8673 8674 8675
f 8673 8675 8676
f 8676 8675 8677
f 8676 8677 8678
f 8678 8677 8679
f 8678 8679 8680
f 8681 8682 8683
f 8681 8683 8684
f 8685 8686 8687
f 8685 8687 8688
f 8689 8690 8691
f 8689 8691 8692
f 8692 8691 8693
f 8692 8693 8694
f 8694 8693 8695
f 8694 8695 8696
f 8697 8698 8699
f 8697 8699 8700
f 8698 8701 8702
f 8698 8702 8699
f 8701 8703 8704
f 8701 8704 8702
f 8705 8706 8707
f 8705 8707 8708
f 8706 8709 8710
f 8706 8710 8707
f 8709 8711 8712
f 8709 8712 8710
f 8713 8714 8715
f 8713 8715 8716
f 8716 8715 8717
f 8716 8717 8718
f 8718 8717 8719
f 8718 8719 8720
f 8721 8722 8723
f 8721 8723 8724
f 8725 8726 8727
f 8725 8727 8728
f 8729 8730 8731
f 8729 8731 8732
f 8732 8731 8733
f 8732 8733 8734
f 8734 8733 8735
f 8734 8735 8736
f 8737 8738 8739
f 8737 8739 8740
f 8738 8741 8742
f 8738 8742 8739
f 8741 8743 8744
f 8741 8744 8742
f 8745 8746 8747
f 8745 8747 8748
f 8746 8749 8750
f 8746 8750 8747
f 8749 8665 8668
f 8749 8668 8750
f 8751 8752 8753
f 8751 8753 8754
f 8754 8753 8755
f 8754 8755 8756
f 8756 8755 8712
f 8756 8712 8711
f 8757 8758 8759
f 8757 8759 8760
f 8761 8762 8763
f 8761 8763 8764
f 8765 8766 8767
f 8765 8767 8768
f 8768 8767 8769
f 8768 8769 8770
f 8770 8769 8771
f 8770 8771 8772
f 8773 8774 8775
f 8773 8775 8776
f 8774 8777 8778
f 8774 8778 8775
f 8777 8779 8780
f 8777 8780 8778
f 8673 8781 8782
f 8673 8782 8674
f 8781 8783 8784
f 8781 8784 8782
f 8783 8785 8786
f 8783 8786 8784
f 8720 8719 8787
f 8720 8787 8788
f 8788 8787 8789
f 8788 8789 8790
f 8790 8789 8791
f 8790 8791 8792
f 8793 8794 8795
f 8793 8795 8796
f 8797 8798 8799
f 8797 8799 8800
f 8736 8735 8801
f 8736 8801 8802
f 8802 8801 8803
f 8802 8803 8804
f 8804 8803 8805
f 8804 8805 8806
f 8765 8807 8808
f 8765 8808 8766
f 8807 8809 8810
f 8807 8810 8808
f 8809 8811 8812
f 8809 8812 8810
f 8649 8813 8814
f 8649 8814 8650
f 8813 8815 8816
f 8813 8816 8814
f 8815 8817 8818
f 8815 8818 8816
f 8696 8695 8819
f 8696 8819 8820
f 8820 8819 8821
f 8820 8821 8822
f 8822 8821 8823
f 8822 8823 8824
f 8825 8826 8827
f 8825 8827 8828
f 8829 8830 8831
f 8829 8831 8832
f 8833 8834 8835
f 8833 8835 8836
f 8836 8835 8837
f 8836 8837 8838
f 8838 8837 8744
f 8838 8744 8743
f 8839 8840 8841
f 8839 8841 8842
f 8840 8843 8844
f 8840 8844 8841
f 8843 8773 8776
f 8843 8776 8844
f 8845 8846 8847
f 8845 8847 8848
f 8846 8849 8850
f 8846 8850 8847
f 8849 8657 8660
f 8849 8660 8850
f 8851 8852 8853
f 8851 8853 8854
f 8854 8853 8855
f 8854 8855 8856
f 8856 8855 8704
f 8856 8704 8703
f 8857 8858 8859
f 8857 8859 8860
f 8861 8862 8863
f 8861 8863 8864
f 8865 8866 8867
f 8865 8867 8868
f 8869 8870 8871
f 8869 8871 8872
f 8873 8874 8875
f 8873 8875 8876
f 8877 8878 8879
f 8877 8879 8880
f 8881 8882 8883
f 8881 8883 8884
f 8885 8886 8887
f 8885 8887 8888
f 8889 8890 8891
f 8889 8891 8892
f 8892 8891 8893
f 8892 8893 8894
f 8894 8893 8895
f 8894 8895 8896
f 8897 8898 8899
f 8897 8899 8900
f 8898 8901 8902
f 8898 8902 8899
f 8901 8903 8904
f 8901 8904 8902
f 8905 8906 8907
f 8905 8907 8908
f 8906 8909 8910
f 8906 8910 8907
f 8909 8911 8912
f 8909 8912 8910
f 8913 8914 8915
f 8913 8915 8916
f 8916 8915 8917
f 8916 8917 8918
f 8918 8917 8919
f 8918 8919 8920
f 8921 8922 8923
f 8921 8923 8924
f 8925 8926 8927
f 8925 8927 8928
f 8929 8930 8931
f 8929 8931 8932
f 8932 8931 8933
f 8932 8933 8934
f 8934 8933 8935
f 8934 8935 8936
f 8937 8938 8939
f 8937 8939 8940
f 8938 8941 8942
f 8938 8942 8939
f 8941 8943 8944
f 8941 8944 8942
f 8945 8946 8947
f 8945 8947 8948
f 8946 8949 8950
f 8946 8950 8947
f 8949 8951 8952
f 8949 8952 8950
f 8953 8954 8955
f 8953 8955 8956
f 8956 8955 8957
f 8956 8957 8958
f 8958 8957 8959
f 8958 8959 8960
f 8961 8962 8963
f 8961 8963 8964
f 8965 8966 8967
f 8965 8967 8968
f 8969 8970 8971
f 8969 8971 8972
f 8972 8971 8973
f 8972 8973 8974
f 8974 8973 8975
f 8974 8975 8976
f 8977 8978 8979
f 8977 8979 8980
f 8978 8981 8982
f 8978 8982 8979
f 8981 8983 8984
f 8981 8984 8982
f 8985 8986 8987
f 8985 8987 8988
f 8986 8989 8990
f 8986 8990 8987
f 8989 8905 8908
f 8989 8908 8990
f 8991 8992 8993
f 8991 8993 8994
f 8994 8993 8995
f 8994 8995 8996
f 8996 8995 8952
f 8996 8952 8951
f 8997 8998 8999
f 8997 8999 9000
f 9001 9002 9003
f 9001 9003 9004
f 9005 9006 9007
f 9005 9007 9008
f 9008 9007 9009
f 9008 9009 9010
f 9010 9009 9011
f 9010 9011 9012
f 9013 9014 9015
f 9013 9015 9016
f 9014 9017 9018
f 9014 9018 9015
f 9017 9019 9020
f 9017 9020 9018
f 8913 9021 9022
f 8913 9022 8914
f 9021 9023 9024
f 9021 9024 9022
f 9023 9025 9026
f 9023 9026 9024
f 8960 8959 9027
f 8960 9027 9028
f 9028 9027 9029
f 9028 9029 9030
f 9030 9029 9031
f 9030 9031 9032
f 9033 9034 9035
f 9033 9035 9036
f 9037 9038 9039
f 9037 9039 9040
f 8976 8975 9041
f 8976 9041 9042
f 9042 9041 9043
f 9042 9043 9044
f 9044 9043 9045
f 9044 9045 9046
f 9005 9047 9048
f 9005 9048 9006
f 9047 9049 9050
f 9047 9050 9048
f 9049 9051 9052
f 9049 9052 9050
f 8889 9053 9054
f 8889 9054 8890
f 9053 9055 9056
f 9053 9056 9054
f 9055 9057 9058
f 9055 9058 9056
f 8936 8935 9059
f 8936 9059 9060
f 9060 9059 9061
f 9060 9061 9062
f 9062 9061 9063
f 9062 9063 9064
f 9065 9066 9067
f 9065 9067 9068
f 9069 9070 9071
f 9069 9071 9072
f 9073 9074 9075
f 9073 9075 9076
f 9076 9075 9077
f 9076 9077 9078
f 9078 9077 8984
f 9078 8984 8983
f 9079 9080 9081
f 9079 9081 9082
f 9080 9083 9084
f 9080 9084 9081
f 9083 9013 9016
f 9083 9016 9084
f 9085 9086 9087
f 9085 9087 9088
f 9086 9089 9090
f 9086 9090 9087
f 9089 8897 8900
f 9089 8900 9090
f 9091 9092 9093
f 9091 9093 9094
f 9094 9093 9095
f 9094 9095 9096
f 9096 9095 8944
f 9096 8944 8943
f 9097 9098 9099
f 9097 9099 9100
f 9101 9102 9103
f 9101 9103 9104
f 9105 9106 9107
f 9105 9107 9108
f 9109 9110 9111
f 9109 9111 9112
f 9113 9114 9115
f 9113 9115 9116
f 9117 9118 9119
f 9117 9119 9120
f 9121 9122 9123
f 9121 9123 9124
f 9125 9126 9127
f 9125 9127 9128
f 9129 9130 9131
f 9129 9131 9132
f 9132 9131 9133
f 9132 9133 9134
f 9134 9133 9135
f 9134 9135 9136
f 9137 9138 9139
f 9137 9139 9140
f 9138 9141 9142
f 9138 9142 9139
f 9141 9143 9144
f 9141 9144 9142
f 9145 9146 9147
f 9145 9147 9148
f 9146 9149 9150
f 9146 9150 9147
f 9149 9151 9152
f 9149 9152 9150
f 9153 9154 9155
f 9153 9155 9156
f 9156 9155 9157
f 9156 9157 9158
f 9158 9157 9159
f 9158 9159 9160
f 9161 9162 9163
f 9161 9163 9164
f 9165 9166 9167
f 9165 9167 9168
f 9169 9170 9171
f 9169 9171 9172
f 9172 9171 9173
f 9172 9173 9174
f 9174 9173 9175
f 9174 9175 9176
f 9177 9178 9179
f 9177 9179 9180
f 9178 9181 9182
f 9178 9182 9179
f 9181 9183 9184
f 9181 9184 9182
f 9185 9186 9187
f 9185 9187 9188
f 9186 9189 9190
f 9186 9190 9187
f 9189 9191 9192
f 9189 9192 9190
f 9193 9194 9195
f 9193 9195 9196
f 9196 9195 9197
f 9196 9197 9198
f 9198 9197 9199
f 9198 9199 9200
f 9201 9202 9203
f 9201 9203 9204
f 9205 9206 9207
f 9205 9207 9208
f 9209 9210 9211
f 9209 9211 9212
f 9212 9211 9213
f 9212 9213 9214
f 9214 9213 9215
f 9214 9215 9216
f 9217 9218 9219
f 9217 9219 9220
f 9218 9221 9222
f 9218 9222 9219
f 9221 9223 9224
f 9221 9224 9222
f 9225 9226 9227
f 9225 9227 9228
f 9226 9229 9230
f 9226 9230 9227
f 9229 9145 9148
f 9229 9148 9230
f 9231 9232 9233
f 9231 9233 9234
f 9234 9233 9235
f 9234 9235 9236
f 9236 9235 9192
f 9236 9192 9191
f 9237 9238 9239
f 9237 9239 9240
f 9241 9242 9243
f 9241 9243 9244
f 9245 9246 9247
f 9245 9247 9248
f 9248 9247 9249
f 9248 9249 9250
f 9250 9249 9251
f 9250 9251 9252
f 9253 9254 9255
f 9253 9255 9256
f 9254 9257 9258
f 9254 9258 9255
f 9257 9259 9260
f 9257 9260 9258
f 9153 9261 9262
f 9153 9262 9154
f 9261 9263 9264
f 9261 9264 9262
f 9263 9265 9266
f 9263 9266 9264
f 9200 9199 9267
f 9200 9267 9268
f 9268 9267 9269
f 9268 9269 9270
f 9270 9269 9271
f 9270 9271 9272
f 9273 9274 9275
f 9273 9275 9276
f 9277 9278 9279
f 9277 9279 9280
f 9216 9215 9281
f 9216 9281 9282
f 9282 9281 9283
f 9282 9283 9284
f 9284 9283 9285
f 9284 9285 9286
f 9245 9287 9288
f 9245 9288 9246
f 9287 9289 9290
f 9287 9290 9288
f 9289 9291 9292
f 9289 9292 9290
f 9129 9293 9294
f 9129 9294 9130
f 9293 9295 9296
f 9293 9296 9294
f 9295 9297 9298
f 9295 9298 9296
f 9176 9175 9299
f 9176 9299 9300
f 9300 9299 9301
f 9300 9301 9302
f 9302 9301 9303
f 9302 9303 9304
f 9305 9306 9307
f 9305 9307 9308
f 9309 9310 9311
f 9309 9311 9312
f 9313 9314 9315
f 9313 9315 9316
f 9316 9315 9317
f 9316 9317 9318
f 9318 9317 9224
f 9318 9224 9223
f 9319 9320 9321
f 9319 9321 9322
f 9320 9323 9324
f 9320 9324 9321
f 9323 9253 9256
f 9323 9256 9324
f 9325 9326 9327
f 9325 9327 9328
f 9326 9329 9330
f 9326 9330 9327
f 9329 9137 9140
f 9329 9140 9330
f 9331 9332 9333
f 9331 9333 9334
f 9334 9333 9335
f 9334 9335 9336
f 9336 9335 9184
f 9336 9184 9183
f 9337 9338 9339
f 9337 9339 9340
f 9341 9342 9343
f 9341 9343 9344
f 9345 9346 9347
f 9345 9347 9348
f 9349 9350 9351
f 9349 9351 9352
f 9353 9354 9355
f 9353 9355 9356
f 9357 9358 9359
f 9357 9359 9360
f 9361 9362 9363
f 9361 9363 9364
f 9365 9366 9367
f 9365 9367 9368
f 9369 9370 9371
f 9369 9371 9372
f 9372 9371 9373
f 9372 9373 9374
f 9374 9373 9375
f 9374 9375 9376
f 9377 9378 9379
f 9377 9379 9380
f 9378 9381 9382
f 9378 9382 9379
f 9381 9383 9384
f 9381 9384 9382
f 9385 9386 9387
f 9385 9387 9388
f 9386 9389 9390
f 9386 9390 9387
f 9389 9391 9392
f 9389 9392 9390
f 9393 9394 9395
f 9393 9395 9396
f 9396 9395 9397
f 9396 9397 9398
f 9398 9397 9399
f 9398 9399 9400
f 9401 9402 9403
f 9401 9403 9404
f 9405 9406 9407
f 9405 9407 9408
f 9409 9410 9411
f 9409 9411 9412
f 9412 9411 9413
f 9412 9413 9414
f 9414 9413 9415
f 9414 9415 9416
f 9417 9418 9419
f 9417 9419 9420
f 9418 9421 9422
f 9418 9422 9419
f 9421 9423 9424
f 9421 9424 9422
f 9425 9426 9427
f 9425 9427 9428
f 9426 9429 9430
f 9426 9430 9427
f 9429 9431 9432
f 9429 9432 9430
f 9433 9434 9435
f 9433 9435 9436
f 9436 9435 9437
f 9436 9437 9438
f 9438 9437 9439
f 9438 9439 9440
f 9441 9442 9443
f 9441 9443 9444
f 9445 9446 9447
f 9445 9447 9448
f 9449 9450 9451
f 9449 9451 9452
f 9452 9451 9453
f 9452 9453 9454
f 9454 9453 9455
f 9454 9455 9456
f 9457 9458 9459
f 9457 9459 9460
f 9458 9461 9462
f 9458 9462 9459
f 9461 9463 9464
f 9461 9464 9462
f 9465 9466 9467
f 9465 9467 9468
f 9466 9469 9470
f 9466 9470 9467
f 9469 9385 9388
f 9469 9388 9470
f 9471 9472 9473
f 9471 9473 9474
f 9474 9473 9475
f 9474 9475 9476
f 9476 9475 9432
f 9476 9432 9431
f 9477 9478 9479
f 9477 9479 9480
f 9481 9482 9483
f 9481 9483 9484
f 9485 9486 9487
f 9485 9487 9488
f 9488 9487 9489
f 9488 9489 9490
f 9490 9489 9491
f 9490 9491 9492
f 9493 9494 9495
f 9493 9495 9496
f 9494 9497 9498
f 9494 9498 9495
f 9497 9499 9500
f 9497 9500 9498
f 9393 9501 9502
f 9393 9502 9394
f 9501 9503 9504
f 9501 9504 9502
f 9503 9505 9506
f 9503 9506 9504
f 9440 9439 9507
f 9440 9507 9508
f 9508 9507 9509
f 9508 9509 9510
f 9510 9509 9511
f 9510 9511 9512
f 9513 9514 9515
f 9513 9515 9516
f 9517 9518 9519
f 9517 9519 9520
f 9456 9455 9521
f 9456 9521 9522
f 9522 9521 9523
f 9522 9523 9524
f 9524 9523 9525
f 9524 9525 9526
f 9485 9527 9528
f 9485 9528 9486
f 9527 9529 9530
f 9527 9530 9528
f 9529 9531 9532
f 9529 9532 9530
f 9369 9533 9534
f 9369 9534 9370
f 9533 9535 9536
f 9533 9536 9534
f 9535 9537 9538
f 9535 9538 9536
f 9416 9415 9539
f 9416 9539 9540
f 9540 9539 9541
f 9540 9541 9542
f 9542 9541 9543
f 9542 9543 9544
f 9545 9546 9547
f 9545 9547 9548
f 9549 9550 9551
f 9549 9551 9552
f 9553 9554 9555
f 9553 9555 9556
f 9556 9555 9557
f 9556 9557 9558
f 9558 9557 9464
f 9558 9464 9463
f 9559 9560 9561
f 9559 9561 9562
f 9560 9563 9564
f 9560 9564 9561
f 9563 9493 9496
f 9563 9496 9564
f 9565 9566 9567
f 9565 9567 9568
f 9566 9569 9570
f 9566 9570 9567
f 9569 9377 9380
f 9569 9380 9570
f 9571 9572 9573
f 9571 9573 9574
f 9574 9573 9575
f 9574 9575 9576
f 9576 9575 9424
f 9576 9424 9423
f 9577 9578 9579
f 9577 9579 9580
f 9581 9582 9583
f 9581 9583 9584
f 9585 9586 9587
f 9585 9587 9588
f 9589 9590 9591
f 9589 9591 9592
f 9593 9594 9595
f 9593 9595 9596
f 9597 9598 9599
f 9597 9599 9600
f 9601 9602 9603
f 9601 9603 9604
f 9605 9606 9607
f 9605 9607 9608
f 9609 9610 9611
f 9609 9611 9612
f 9612 9611 9613
f 9612 9613 9614
f 9614 9613 9615
f 9614 9615 9616
f 9617 9618 9619
f 9617 9619 9620
f 9618 9621 9622
f 9618 9622 9619
f 9621 9623 9624
f 9621 9624 9622
f 9625 9626 9627
f 9625 9627 9628
f 9626 9629 9630
f 9626 9630 9627
f 9629 9631 9632
f 9629 9632 9630
f 9633 9634 9635
f 9633 9635 9636
f 9636 9635 9637
f 9636 9637 9638
f 9638 9637 9639
f 9638 9639 9640
f 9641 9642 9643
f 9641 9643 9644
f 9645 9646 9647
f 9645 9647 9648
f 9649 9650 9651
f 9649 9651 9652
f 9652 9651 9653
f 9652 9653 9654
f 9654 9653 9655
f 9654 9655 9656
f 9657 9658 9659
f 9657 9659 9660
f 9658 9661 9662
f 9658 9662 9659
f 9661 9663 9664
f 9661 9664 9662
f 9665 9666 9667
f 9665 9667 9668
f 9666 9669 9670
f 9666 9670 9667
f 9669 9671 9672
f 9669 9672 9670
f 9673 9674 9675
f 9673 9675 9676
f 9676 9675 9677
f 9676 9677 9678
f 9678 9677 9679
f 9678 9679 9680
f 9681 9682 9683
f 9681 9683 9684
f 9685 9686 9687
f 9685 9687 9688
f 9689 9690 9691
f 9689 9691 9692
f 9692 9691 9693
f 9692 9693 9694
f 9694 9693 9695
f 9694 9695 9696
f 9697 9698 9699
f 9697 9699 9700
f 9698 9701 9702
f 9698 9702 9699
f 9701 9703 9704
f 9701 9704 9702
f 9705 9706 9707
f 9705 9707 9708
f 9706 9709 9710
f 9706 9710 9707
f 9709 9625 9628
f 9709 9628 9710
f 9711 9712 9713
f 9711 9713 9714
f 9714 9713 9715
f 9714 9715 9716
f 9716 9715 9672
f 9716 9672 9671
f 9717 9718 9719
f 9717 9719 9720
f 9721 9722 9723
f 9721 9723 9724
f 9725 9726 9727
f 9725 9727 9728
f 9728 9727 9729
f 9728 9729 9730
f 9730 9729 9731
f 9730 9731 9732
f 9733 9734 9735
f 9733 9735 9736
f 9734 9737 9738
f 9734 9738 9735
f 9737 9739 9740
f 9737 9740 9738
f 9633 9741 9742
f 9633 9742 9634
f 9741 9743 9744
f 9741 9744 9742
f 9743 9745 9746
f 9743 9746 9744
f 9680 9679 9747
f 9680 9747 9748
f 9748 9747 9749
f 9748 9749 9750
f 9750 9749 9751
f 9750 9751 9752
f 9753 9754 9755
f 9753 9755 9756
f 9757 9758 9759
f 9757 9759 9760
f 9696 9695 9761
f 9696 9761 9762
f 9762 9761 9763
f 9762 9763 9764
f 9764 9763 9765
f 9764 9765 9766
f 9725 9767 9768
f 9725 9768 9726
f 9767 9769 9770
f 9767 9770 9768
f 9769 9771 9772
f 9769 9772 9770
f 9609 9773 9774
f 9609 9774 9610
f 9773 9775 9776
f 9773 9776 9774
f 9775 9777 9778
f 9775 9778 9776
f 9656 9655 9779
f 9656 9779 9780
f 9780 9779 9781
f 9780 9781 9782
f 9782 9781 9783
f 9782 9783 9784
f 9785 9786 9787
f 9785 9787 9788
f 9789 9790 9791
f 9789 9791 9792
f 9793 9794 9795
f 9793 9795 9796
f 9796 9795 9797
f 9796 9797 9798
f 9798 9797 9704
f 9798 9704 9703
f 9799 9800 9801
f 9799 9801 9802
f 9800 9803 9804
f 9800 9804 9801
f 9803 9733 9736
f 9803 9736 9804
f 9805 9806 9807
f 9805 9807 9808
f 9806 9809 9810
f 9806 9810 9807
f 9809 9617 9620
f 9809 9620 9810
f 9811 9812 9813
f 9811 9813 9814
f 9814 9813 9815
f 9814 9815 9816
f 9816 9815 9664
f 9816 9664 9663
f 9817 9818 9819
f 9817 9819 9820
f 9821 9822 9823
f 9821 9823 9824
f 9825 9826 9827
f 9825 9827 9828
f 9829 9830 9831
f 9829 9831 9832
f 9833 9834 9835
f 9833 9835 9836
f 9837 9838 9839
f 9837 9839 9840
f 9841 9842 9843
f 9841 9843 9844
f 9845 9846 9847
f 9845 9847 9848
f 9849 9850 9851
f 9849 9851 9852
f 9852 9851 9853
f 9852 9853 9854
f 9854 9853 9855
f 9854 9855 9856
f 9857 9858 9859
f 9857 9859 9860
f 9858 9861 9862
f 9858 9862 9859
f 9861 9863 9864
f 9861 9864 9862
f 9865 9866 9867
f 9865 9867 9868
f 9866 9869 9870
f 9866 9870 9867
f 9869 9871 9872
f 9869 9872 9870
f 9873 9874 9875
f 9873 9875 9876
f 9876 9875 9877
f 9876 9877 9878
f 9878 9877 9879
f 9878 9879 9880
f 9881 9882 9883
f 9881 9883 9884
f 9885 9886 9887
f 9885 9887 9888
f 9889 9890 9891
f 9889 9891 9892
f 9892 9891 9893
f 9892 9893 9894
f 9894 9893 9895
f 9894 9895 9896
f 9897 9898 9899
f 9897 9899 9900
f 9898 9901 9902
f 9898 9902 9899
f 9901 9903 9904
f 9901 9904 9902
f 9905 9906 9907
f 9905 9907 9908
f 9906 9909 9910
f 9906 9910 9907
f 9909 9911 9912
f 9909 9912 9910
f 9913 9914 9915
f 9913 9915 9916
f 9916 9915 9917
f 9916 9917 9918
f 9918 9917 9919
f 9918 9919 9920
f 9921 9922 9923
f 9921 9923 9924
f 9925 9926 9927
f 9925 9927 9928
f 9929 9930 9931
f 9929 9931 9932
f 9932 9931 9933
f 9932 9933 9934
f 9934 9933 9935
f 9934 9935 9936
f 9937 9938 9939
f 9937 9939 9940
f 9938 9941 9942
f 9938 9942 9939
f 9941 9943 9944
f 9941 9944 9942
f 9945 9946 9947
f 9945 9947 9948
f 9946 9949 9950
f 9946 9950 9947
f 9949 9865 9868
f 9949 9868 9950
f 9951 9952 9953
f 9951 9953 9954
f 9954 9953 9955
f 9954 9955 9956
f 9956 9955 9912
f 9956 9912 9911
f 9957 9958 9959
f 9957 9959 9960
f 9961 9962 9963
f 9961 9963 9964
f 9965 9966 9967
f 9965 9967 9968
f 9968 9967 9969
f 9968 9969 9970
f 9970 9969 9971
f 9970 9971 9972
f 9973 9974 9975
f 9973 9975 9976
f 9974 9977 9978
f 9974 9978 9975
f 9977 9979 9980
f 9977 9980 9978
f 9873 9981 9982
f 9873 9982 9874
f 9981 9983 9984
f 9981 9984 9982
f 9983 9985 9986
f 9983 9986 9984
f 9920 9919 9987
f 9920 9987 9988
f 9988 9987 9989
f 9988 9989 9990
f 9990 9989 9991
f 9990 9991 9992
f 9993 9994 9995
f 9993 9995 9996
f 9997 9998 9999
f 9997 9999 10000
f 9936 9935 10001
f 9936 10001 10002
f 10002 10001 10003
f 10002 10003 10004
f 10004 10003 10005
f 10004 10005 10006
f 9965 10007 10008
f 9965 10008 9966
f 10007 10009 10010
f 10007 10010 10008
f 10009 10011 10012
f 10009 10012 10010
f 9849 10013 10014
f 9849 10014 9850
f 10013 10015 10016
f 10013 10016 10014
f 10015 10017 10018
f 10015 10018 10016
f 9896 9895 10019
f 9896 10019 10020
f 10020 10019 10021
f 10020 10021 10022
f 10022 10021 10023
f 10022 10023 10024
f 10025 10026 10027
f 10025 10027 10028
f 10029 10030 10031
f 10029 10031 10032
f 10033 10034 10035
f 10033 10035 10036
f 10036 10035 10037
f 10036 10037 10038
f 10038 10037 9944
f 10038 9944 9943
f 10039 10040 10041
f 10039 10041 10042
f 10040 10043 10044
f 10040 10044 10041
f 10043 9973 9976
f 10043 9976 10044
f 10045 10046 10047
f 10045 10047 10048
f 10046 10049 10050
f 10046 10050 10047
f 10049 9857 9860
f 10049 9860 10050
f 10051 10052 10053
f 10051 10053 10054
f 10054 10053 10055
f 10054 10055 10056
f 10056 10055 9904
f 10056 9904 9903
f 10057 10058 10059
f 10057 10059 10060
f 10061 10062 10063
f 10061 10063 10064
f 10065 10066 10067
f 10065 10067 10068
f 10069 10070 10071
f 10069 10071 10072
f 10073 10074 10075
f 10073 10075 10076
f 10077 10078 10079
f 10077 10079 10080
f 10081 10082 10083
f 10081 10083 10084
f 10085 10086 10087
f 10085 10087 10088
f 10089 10090 10091
f 10089 10091 10092
f 10092 10091 10093
f 10092 10093 10094
f 10094 10093 10095
f 10094 10095 10096
f 10097 10098 10099
f 10097 10099 10100
f 10098 10101 10102
f 10098 10102 10099
f 10101 10103 10104
f 10101 10104 10102
f 10105 10106 10107
f 10105 10107 10108
f 10106 10109 10110
f 10106 10110 10107
f 10109 10111 10112
f 10109 10112 10110
f 10113 10114 10115
f 10113 10115 10116
f 10116 10115 10117
f 10116 10117 10118
f 10118 10117 10119
f 10118 10119 10120
f 10121 10122 10123
f 10121 10123 10124
f 10125 10126 10127
f 10125 10127 10128
f 10129 10130 10131
f 10129 10131 10132
f 10132 10131 10133
f 10132 10133 10134
f 10134 10133 10135
f 10134 10135 10136
f 10137 10138 10139
f 10137 10139 10140
f 10138 10141 10142
f 10138 10142 10139
f 10141 10143 10144
f 10141 10144 10142
f 10145 10146 10147
f 10145 10147 10148
f 10146 10149 10150
f 10146 10150 10147
f 10149 10151 10152
f 10149 10152 10150
f 10153 10154 10155
f 10153 10155 10156
f 10156 10155 10157
f 10156 10157 10158
f 10158 10157 10159
f 10158 10159 10160
f 10161 10162 10163
f 10161 10163 10164
f 10165 10166 10167
f 10165 10167 10168
f 10169 10170 10171
f 10169 10171 10172
f 10172 10171 10173
f 10172 10173 10174
f 10174 10173 10175
f 10174 10175 10176
f 10177 10178 10179
f 10177 10179 10180
f 10178 10181 10182
f 10178 10182 10179
f 10181 10183 10184
f 10181 10184 10182
f 10185 10186 10187
f 10185 10187 10188
f 10186 10189 10190
f 10186 10190 10187
f 10189 10105 10108
f 10189 10108 10190
f 10191 10192 10193
f 10191 10193 10194
f 10194 10193 10195
f 10194 10195 10196
f 10196 10195 10152
f 10196 10152 10151
f 10197 10198 10199
f 10197 10199 10200
f 10201 10202 10203
f 10201 10203 10204
f 10205 10206 10207
f 10205 10207 10208
f 10208 10207 10209
f 10208 10209 10210
f 10210 10209 10211
f 10210 10211 10212
f 10213 10214 10215
f 10213 10215 10216
f 10214 10217 10218
f 10214 10218 10215
f 10217 10219 10220
f 10217 10220 10218
f 10113 10221 10222
f 10113 10222 10114
f 10221 10223 10224
f 10221 10224 10222
f 10223 10225 10226
f 10223 10226 10224
f 10160 10159 10227
f 10160 10227 10228
f 10228 10227 10229
f 10228 10229 10230
f 10230 10229 10231
f 10230 10231 10232
f 10233 10234 10235
f 10233 10235 10236
f 10237 10238 10239
f 10237 10239 10240
f 10176 10175 10241
f 10176 10241 10242
f 10242 10241 10243
f 10242 10243 10244
f 10244 10243 10245
f 10244 10245 10246
f 10205 10247 10248
f 10205 10248 10206
f 10247 10249 10250
f 10247 10250 10248
f 10249 10251 10252
f 10249 10252 10250
f 10089 10253 10254
f 10089 10254 10090
f 10253 10255 10256
f 10253 10256 10254
f 10255 10257 10258
f 10255 10258 10256
f 10136 10135 10259
f 10136 10259 10260
f 10260 10259 10261
f 10260 10261 10262
f 10262 10261 10263
f 10262 10263 10264
f 10265 10266 10267
f 10265 10267 10268
f 10269 10270 10271
f 10269 10271 10272
f 10273 10274 10275
f 10273 10275 10276
f 10276 10275 10277
f 10276 10277 10278
f 10278 10277 10184
f 10278 10184 10183
f 10279 10280 10281
f 10279 10281 10282
f 10280 10283 10284
f 10280 10284 10281
f 10283 10213 10216
f 10283 10216 10284
f 10285 10286 10287
f 10285 10287 10288
f 10286 10289 10290
f 10286 10290 10287
f 10289 10097 10100
f 10289 10100 10290
f 10291 10292 10293
f 10291 10293 10294
f 10294 10293 10295
f 10294 10295 10296
f 10296 10295 10144
f 10296 10144 10143
f 10297 10298 10299
f 10297 10299 10300
f 10301 10302 10303
f 10301 10303 10304
f 10305 10306 10307
f 10305 10307 10308
f 10309 10310 10311
f 10309 10311 10312
f 10313 10314 10315
f 10313 10315 10316
f 10317 10318 10319
f 10317 10319 10320
f 10321 10322 10323
f 10321 10323 10324
f 10325 10326 10327
f 10325 10327 10328
f 10329 10330 10331
f 10329 10331 10332
f 10332 10331 10333
f 10332 10333 10334
f 10334 10333 10335
f 10334 10335 10336
f 10337 10338 10339
f 10337 10339 10340
f 10338 10341 10342
f 10338 10342 10339
f 10341 10343 10344
f 10341 10344 10342
f 10345 10346 10347
f 10345 10347 10348
f 10346 10349 10350
f 10346 10350 10347
f 10349 10351 10352
f 10349 10352 10350
f 10353 10354 10355
f 10353 10355 10356
f 10356 10355 10357
f 10356 10357 10358
f 10358 10357 10359
f 10358 10359 10360
f 10361 10362 10363
f 10361 10363 10364
f 10365 10366 10367
f 10365 10367 10368
f 10369 10370 10371
f 10369 10371 10372
f 10372 10371 10373
f 10372 10373 10374
f 10374 10373 10375
f 10374 10375 10376
f 10377 10378 10379
f 10377 10379 10380
f 10378 10381 10382
f 10378 10382 10379
f 10381 10383 10384
f 10381 10384 10382
f 10385 10386 10387
f 10385 10387 10388
f 10386 10389 10390
f 10386 10390 10387
f 10389 10391 10392
f 10389 10392 10390
f 10393 10394 10395
f 10393 10395 10396
f 10396 10395 10397
f 10396 10397 10398
f 10398 10397 10399
f 10398 10399 10400
f 10401 10402 10403
f 10401 10403 10404
f 10405 10406 10407
f 10405 10407 10408
f 10409 10410 10411
f 10409 10411 10412
f 10412 10411 10413
f 10412 10413 10414
f 10414 10413 10415
f 10414 10415 10416
f 10417 10418 10419
f 10417 10419 10420
f 10418 10421 10422
f 10418 10422 10419
f 10421 10423 10424
f 10421 10424 10422
f 10425 10426 10427
f 10425 10427 10428
f 10426 10429 10430
f 10426 10430 10427
f 10429 10345 10348
f 10429 10348 10430
f 10431 10432 10433
f 10431 10433 10434
f 10434 10433 10435
f 10434 10435 10436
f 10436 10435 10392
f 10436 10392 10391
f 10437 10438 10439
f 10437 10439 10440
f 10441 10442 10443
f 10441 10443 10444
f 10445 10446 10447
f 10445 10447 10448
f 10448 10447 10449
f 10448 10449 10450
f 10450 10449 10451
f 10450 10451 10452
f 10453 10454 10455
f 10453 10455 10456
f 10454 10457 10458
f 10454 10458 10455
f 10457 10459 10460
f 10457 10460 10458
f 10353 10461 10462
f 10353 10462 10354
f 10461 10463 10464
f 10461 10464 10462
f 10463 10465 10466
f 10463 10466 10464
f 10400 10399 10467
f 10400 10467 10468
f 10468 10467 10469
f 10468 10469 10470
f 10470 10469 10471
f 10470 10471 10472
f 10473 10474 10475
f 10473 10475 10476
f 10477 10478 10479
f 10477 10479 10480
f 10416 10415 10481
f 10416 10481 10482
f 10482 10481 10483
f 10482 10483 10484
f 10484 10483 10485
f 10484 10485 10486
f 10445 10487 10488
f 10445 10488 10446
f 10487 10489 10490
f 10487 10490 10488
f 10489 10491 10492
f 10489 10492 10490
f 10329 10493 10494
f 10329 10494 10330
f 10493 10495 10496
f 10493 10496 10494
f 10495 10497 10498
f 10495 10498 10496
f 10376 10375 10499
f 10376 10499 10500
f 10500 10499 10501
f 10500 10501 10502
f 10502 10501 10503
f 10502 10503 10504
f 10505 10506 10507
f 10505 10507 10508
f 10509 10510 10511
f 10509 10511 10512
f 10513 10514 10515
f 10513 10515 10516
f 10516 10515 10517
f 10516 10517 10518
f 10518 10517 10424
f 10518 10424 10423
f 10519 10520 10521
f 10519 10521 10522
f 10520 10523 10524
f 10520 10524 10521
f 10523 10453 10456
f 10523 10456 10524
f 10525 10526 10527
f 10525 10527 10528
f 10526 10529 10530
f 10526 10530 10527
f 10529 10337 10340
f 10529 10340 10530
f 10531 10532 10533
f 10531 10533 10534
f 10534 10533 10535
f 10534 10535 10536
f 10536 10535 10384
f 10536 10384 10383
f 10537 10538 10539
f 10537 10539 10540
f 10541 10542 10543
f 10541 10543 10544
f 10545 10546 10547
f 10545 10547 10548
f 10549 10550 10551
f 10549 10551 10552
f 10553 10554 10555
f 10553 10555 10556
f 10557 10558 10559
f 10557 10559 10560
f 10561 10562 10563
f 10561 10563 10564
f 10565 10566 10567
f 10565 10567 10568
f 10569 10570 10571
f 10569 10571 10572
f 10572 10571 10573
f 10572 10573 10574
f 10574 10573 10575
f 10574 10575 10576
f 10577 10578 10579
f 10577 10579 10580
f 10578 10581 10582
f 10578 10582 10579
f 10581 10583 10584
f 10581 10584 10582
f 10585 10586 10587
f 10585 10587 10588
f 10586 10589 10590
f 10586 10590 10587
f 10589 10591 10592
f 10589 10592 10590
f 10593 10594 10595
f 10593 10595 10596
f 10596 10595 10597
f 10596 10597 10598
f 10598 10597 10599
f 10598 10599 10600
f 10601 10602 10603
f 10601 10603 10604
f 10605 10606 10607
f 10605 10607 10608
f 10609 10610 10611
f 10609 10611 10612
f 10612 10611 10613
f 10612 10613 10614
f 10614 10613 10615
f 10614 10615 10616
f 10617 10618 10619
f 10617 10619 10620
f 10618 10621 10622
f 10618 10622 10619
f 10621 10623 10624
f 10621 10624 10622
f 10625 10626 10627
f 10625 10627 10628
f 10626 10629 10630
f 10626 10630 10627
f 10629 10631 10632
f 10629 10632 10630
f 10633 10634 10635
f 10633 10635 10636
f 10636 10635 10637
f 10636 10637 10638
f 10638 10637 10639
f 10638 10639 10640
f 10641 10642 10643
f 10641 10643 10644
f 10645 10646 10647
f 10645 10647 10648
f 10649 10650 10651
f 10649 10651 10652
f 10652 10651 10653
f 10652 10653 10654
f 10654 10653 10655
f 10654 10655 10656
f 10657 10658 10659
f 10657 10659 10660
f 10658 10661 10662
f 10658 10662 10659
f 10661 10663 10664
f 10661 10664 10662
f 10665 10666 10667
f 10665 10667 10668
f 10666 10669 10670
f 10666 10670 10667
f 10669 10585 10588
f 10669 10588 10670
f 10671 10672 10673
f 10671 10673 10674
f 10674 10673 10675
f 10674 10675 10676
f 10676 10675 10632
f 10676 10632 10631
f 10677 10678 10679
f 10677 10679 10680
f 10681 10682 10683
f 10681 10683 10684
f 10685 10686 10687
f 10685 10687 10688
f 10688 10687 10689
f 10688 10689 10690
f 10690 10689 10691
f 10690 10691 10692
f 10693 10694 10695
f 10693 10695 10696
f 10694 10697 10698
f 10694 10698 10695
f 10697 10699 10700
f 10697 10700 10698
f 10593 10701 10702
f 10593 10702 10594
f 10701 10703 10704
f 10701 10704 10702
f 10703 10705 10706
f 10703 10706 10704
f 10640 10639 10707
f 10640 10707 10708
f 10708 10707 10709
f 10708 10709 10710
f 10710 10709 10711
f 10710 10711 10712
f 10713 10714 10715
f 10713 10715 10716
f 10717 10718 10719
f 10717 10719 10720
f 10656 10655 10721
f 10656 10721 10722
f 10722 10721 10723
f 10722 10723 10724
f 10724 10723 10725
f 10724 10725 10726
f 10685 10727 10728
f 10685 10728 10686
f 10727 10729 10730
f 10727 10730 10728
f 10729 10731 10732
f 10729 10732 10730
f 10569 10733 10734
f 10569 10734 10570
f 10733 10735 10736
f 10733 10736 10734
f 10735 10737 10738
f 10735 10738 10736
f 10616 10615 10739
f 10616 10739 10740
f 10740 10739 10741
f 10740 10741 10742
f 10742 10741 10743
f 10742 10743 10744
f 10745 10746 10747
f 10745 10747 10748
f 10749 10750 10751
f 10749 10751 10752
f 10753 10754 10755
f 10753 10755 10756
f 10756 10755 10757
f 10756 10757 10758
f 10758 10757 10664
f 10758 10664 10663
f 10759 10760 10761
f 10759 10761 10762
f 10760 10763 10764
f 10760 10764 10761
f 10763 10693 10696
f 10763 10696 10764
f 10765 10766 10767
f 10765 10767 10768
f 10766 10769 10770
f 10766 10770 10767
f 10769 10577 10580
f 10769 10580 10770
f 10771 10772 10773
f 10771 10773 10774
f 10774 10773 10775
f 10774 10775 10776
f 10776 10775 10624
f 10776 10624 10623
f 10777 10778 10779
f 10777 10779 10780
f 10781 10782 10783
f 10781 10783 10784
f 10785 10786 10787
f 10785 10787 10788
f 10789 10790 10791
f 10789 10791 10792
f 10793 10794 10795
f 10793 10795 10796
f 10797 10798 10799
f 10797 10799 10800
f 10801 10802 10803
f 10801 10803 10804
f 10805 10806 10807
f 10805 10807 10808
f 10809 10810 10811
f 10809 10811 10812
f 10812 10811 10813
f 10812 10813 10814
f 10814 10813 10815
f 10814 10815 10816
f 10817 10818 10819
f 10817 10819 10820
f 10818 10821 10822
f 10818 10822 10819
f 10821 10823 10824
f 10821 10824 10822
f 10825 10826 10827
f 10825 10827 10828
f 10826 10829 10830
f 10826 10830 10827
f 10829 10831 10832
f 10829 10832 10830
f 10833 10834 10835
f 10833 10835 10836
f 10836 10835 10837
f 10836 10837 10838
f 10838 10837 10839
f 10838 10839 10840
f 10841 10842 10843
f 10841 10843 10844
f 10845 10846 10847
f 10845 10847 10848
f 10849 10850 10851
f 10849 10851 10852
f 10852 10851 10853
f 10852 10853 10854
f 10854 10853 10855
f 10854 10855 10856
f 10857 10858 10859
f 10857 10859 10860
f 10858 10861 10862
f 10858 10862 10859
f 10861 10863 10864
f 10861 10864 10862
f 10865 10866 10867
f 10865 10867 10868
f 10866 10869 10870
f 10866 10870 10867
f 10869 10871 10872
f 10869 10872 10870
f 10873 10874 10875
f 10873 10875 10876
f 10876 10875 10877
f 10876 10877 10878
f 10878 10877 10879
f 10878 10879 10880
f 10881 10882 10883
f 10881 10883 10884
f 10885 10886 10887
f 10885 10887 10888
f 10889 10890 10891
f 10889 10891 10892
f 10892 10891 10893
f 10892 10893 10894
f 10894 10893 10895
f 10894 10895 10896
f 10897 10898 10899
f 10897 10899 10900
f 10898 10901 10902
f 10898 10902 10899
f 10901 10903 10904
f 10901 10904 10902
f 10905 10906 10907
f 10905 10907 10908
f 10906 10909 10910
f 10906 10910 10907
f 10909 10825 10828
f 10909 10828 10910
f 10911 10912 10913
f 10911 10913 10914
f 10914 10913 10915
f 10914 10915 10916
f 10916 10915 10872
f 10916 10872 10871
f 10917 10918 10919
f 10917 10919 10920
f 10921 10922 10923
f 10921 10923 10924
f 10925 10926 10927
f 10925 10927 10928
f 10928 10927 10929
f 10928 10929 10930
f 10930 10929 10931
f 10930 10931 10932
f 10933 10934 10935
f 10933 10935 10936
f 10934 10937 10938
f 10934 10938 10935
f 10937 10939 10940
f 10937 10940 10938
f 10833 10941 10942
f 10833 10942 10834
f 10941 10943 10944
f 10941 10944 10942
f 10943 10945 10946
f 10943 10946 10944
f 10880 10879 10947
f 10880 10947 10948
f 10948 10947 10949
f 10948 10949 10950
f 10950 10949 10951
f 10950 10951 10952
f 10953 10954 10955
f 10953 10955 10956
f 10957 10958 10959
f 10957 10959 10960
f 10896 10895 10961
f 10896 10961 10962
f 10962 10961 10963
f 10962 10963 10964
f 10964 10963 10965
f 10964 10965 10966
f 10925 10967 10968
f 10925 10968 10926
f 10967 10969 10970
f 10967 10970 10968
f 10969 10971 10972
f 10969 10972 10970
f 10809 10973 10974
f 10809 10974 10810
f 10973 10975 10976
f 10973 10976 10974
f 10975 10977 10978
f 10975 10978 10976
f 10856 10855 10979
f 10856 10979 10980
f 10980 10979 10981
f 10980 10981 10982
f 10982 10981 10983
f 10982 10983 10984
f 10985 10986 10987
f 10985 10987 10988
f 10989 10990 10991
f 10989 10991 10992
f 10993 10994 10995
f 10993 10995 10996
f 10996 10995 10997
f 10996 10997 10998
f 10998 10997 10904
f 10998 10904 10903
f 10999 11000 11001
f 10999 11001 11002
f 11000 11003 11004
f 11000 11004 11001
f 11003 10933 10936
f 11003 10936 11004
f 11005 11006 11007
f 11005 11007 11008
f 11006 11009 11010
f 11006 11010 11007
f 11009 10817 10820
f 11009 10820 11010
f 11011 11012 11013
f 11011 11013 11014
f 11014 11013 11015
f 11014 11015 11016
f 11016 11015 10864
f 11016 10864 10863
f 11017 11018 11019
f 11017 11019 11020
f 11021 11022 11023
f 11021 11023 11024
f 11025 11026 11027
f 11025 11027 11028
f 11029 11030 11031
f 11029 11031 11032
f 11033 11034 11035
f 11033 11035 11036
f 11037 11038 11039
f 11037 11039 11040
f 11041 11042 11043
f 11041 11043 11044
f 11045 11046 11047
f 11045 11047 11048
f 11049 11050 11051
f 11049 11051 11052
f 11052 11051 11053
f 11052 11053 11054
f 11054 11053 11055
f 11054 11055 11056
f 11057 11058 11059
f 11057 11059 11060
f 11058 11061 11062
f 11058 11062 11059
f 11061 11063 11064
f 11061 11064 11062
f 11065 11066 11067
f 11065 11067 11068
f 11066 11069 11070
f 11066 11070 11067
f 11069 11071 11072
f 11069 11072 11070
f 11073 11074 11075
f 11073 11075 11076
f 11076 11075 11077
f 11076 11077 11078
f 11078 11077 11079
f 11078 11079 11080
f 11081 11082 11083
f 11081 11083 11084
f 11085 11086 11087
f 11085 11087 11088
f 11089 11090 11091
f 11089 11091 11092
f 11092 11091 11093
f 11092 11093 11094
f 11094 11093 11095
f 11094 11095 11096
f 11097 11098 11099
f 11097 11099 11100
f 11098 11101 11102
f 11098 11102 11099
f 11101 11103 11104
f 11101 11104 11102
f 11105 11106 11107
f 11105 11107 11108
f 11106 11109 11110
f 11106 11110 11107
f 11109 11111 11112
f 11109 11112 11110
f 11113 11114 11115
f 11113 11115 11116
f 11116 11115 11117
f 11116 11117 11118
f 11118 11117 11119
f 11118 11119 11120
f 11121 11122 11123
f 11121 11123 11124
f 11125 11126 11127
f 11125 11127 11128
f 11129 11130 11131
f 11129 11131 11132
f 11132 11131 11133
f 11132 11133 11134
f 11134 11133 11135
f 11134 11135 11136
f 11137 11138 11139
f 11137 11139 11140
f 11138 11141 11142
f 11138 11142 11139
f 11141 11143 11144
f 11141 11144 11142
f 11145 11146 11147
f 11145 11147 11148
f 11146 11149 11150
f 11146 11150 11147
f 11149 11065 11068
f 11149 11068 11150
f 11151 11152 11153
f 11151 11153 11154
f 11154 11153 11155
f 11154 11155 11156
f 11156 11155 11112
f 11156 11112 11111
f 11157 11158 11159
f 11157 11159 11160
f 11161 11162 11163
f 11161 11163 11164
f 11165 11166 11167
f 11165 11167 11168
f 11168 11167 11169
f 11168 11169 11170
f 11170 11169 11171
f 11170 11171 11172
f 11173 11174 11175
f 11173 11175 11176
f 11174 11177 11178
f 11174 11178 11175
f 11177 11179 11180
f 11177 11180 11178
f 11073 11181 11182
f 11073 11182 11074
f 11181 11183 11184
f 11181 11184 11182
f 11183 11185 11186
f 11183 11186 11184
f 11120 11119 11187
f 11120 11187 11188
f 11188 11187 11189
f 11188 11189 11190
f 11190 11189 11191
f 11190 11191 11192
f 11193 11194 11195
f 11193 11195 11196
f 11197 11198 11199
f 11197 11199 11200
f 11136 11135 11201
f 11136 11201 11202
f 11202 11201 11203
f 11202 11203 11204
f 11204 11203 11205
f 11204 11205 11206
f 11165 11207 11208
f 11165 11208 11166
f 11207 11209 11210
f 11207 11210 11208
f 11209 11211 11212
f 11209 11212 11210
f 11049 11213 11214
f 11049 11214 11050
f 11213 11215 11216
f 11213 11216 11214
f 11215 11217 11218
f 11215 11218 11216
f 11096 11095 11219
f 11096 11219 11220
f 11220 11219 11221
f 11220 11221 11222
f 11222 11221 11223
f 11222 11223 11224
f 11225 11226 11227
f 11225 11227 11228
f 11229 11230 11231
f 11229 11231 11232
f 11233 11234 11235
f 11233 11235 11236
f 11236 11235 11237
f 11236 11237 11238
f 11238 11237 11144
f 11238 11144 11143
f 11239 11240 11241
f 11239 11241 11242
f 11240 11243 11244
f 11240 11244 11241
f 11243 11173 11176
f 11243 11176 11244
f 11245 11246 11247
f 11245 11247 11248
f 11246 11249 11250
f 11246 11250 11247
f 11249 11057 11060
f 11249 11060 11250
f 11251 11252 11253
f 11251 11253 11254
f 11254 11253 11255
f 11254 11255 11256
f 11256 11255 11104
f 11256 11104 11103
f 11257 11258 11259
f 11257 11259 11260
f 11261 11262 11263
f 11261 11263 11264
f 11265 11266 11267
f 11265 11267 11268
f 11269 11270 11271
f 11269 11271 11272
f 11273 11274 11275
f 11273 11275 11276
f 11277 11278 11279
f 11277 11279 11280
f 11281 11282 11283
f 11281 11283 11284
f 11285 11286 11287
f 11285 11287 11288
f 11289 11290 11291
f 11289 11291 11292
f 11292 11291 11293
f 11292 11293 11294
f 11294 11293 11295
f 11294 11295 11296
f 11297 11298 11299
f 11297 11299 11300
f 11298 11301 11302
f 11298 11302 11299
f 11301 11303 11304
f 11301 11304 11302
f 11305 11306 11307
f 11305 11307 11308
f 11306 11309 11310
f 11306 11310 11307
f 11309 11311 11312
f 11309 11312 11310
f 11313 11314 11315
f 11313 11315 11316
f 11316 11315 11317
f 11316 11317 11318
f 11318 11317 11319
f 11318 11319 11320
f 11321 11322 11323
f 11321 11323 11324
f 11325 11326 11327
f 11325 11327 11328
f 11329 11330 11331
f 11329 11331 11332
f 11332 11331 11333
f 11332 11333 11334
f 11334 11333 11335
f 11334 11335 11336
f 11337 11338 11339
f 11337 11339 11340
f 11338 11341 11342
f 11338 11342 11339
f 11341 11343 11344
f 11341 11344 11342
f 11345 11346 11347
f 11345 11347 11348
f 11346 11349 11350
f 11346 11350 11347
f 11349 11351 11352
f 11349 11352 11350
f 11353 11354 11355
f 11353 11355 11356
f 11356 11355 11357
f 11356 11357 11358
f 11358 11357 11359
f 11358 11359 11360
f 11361 11362 11363
f 11361 11363 11364
f 11365 11366 11367
f 11365 11367 11368
f 11369 11370 11371
f 11369 11371 11372
f 11372 11371 11373
f 11372 11373 11374
f 11374 11373 11375
f 11374 11375 11376
f 11377 11378 11379
f 11377 11379 11380
f 11378 11381 11382
f 11378 11382 11379
f 11381 11383 11384
f 11381 11384 11382
f 11385 11386 11387
f 11385 11387 11388
f 11386 11389 11390
f 11386 11390 11387
f 11389 11305 11308
f 11389 11308 11390
f 11391 11392 11393
f 11391 11393 11394
f 11394 11393 11395
f 11394 11395 11396
f 11396 11395 11352
f 11396 11352 11351
f 11397 11398 11399
f 11397 11399 11400
f 11401 11402 11403
f 11401 11403 11404
f 11405 11406 11407
f 11405 11407 11408
f 11408 11407 11409
f 11408 11409 11410
f 11410 11409 11411
f 11410 11411 11412
f 11413 11414 11415
f 11413 11415 11416
f 11414 11417 11418
f 11414 11418 11415
f 11417 11419 11420
f 11417 11420 11418
f 11313 11421 11422
f 11313 11422 11314
f 11421 11423 11424
f 11421 11424 11422
f 11423 11425 11426
f 11423 11426 11424
f 11360 11359 11427
f 11360 11427 11428
f 11428 11427 11429
f 11428 11429 11430
f 11430 11429 11431
f 11430 11431 11432
f 11433 11434 11435
f 11433 11435 11436
f 11437 11438 11439
f 11437 11439 11440
f 11376 11375 11441
f 11376 11441 11442
f 11442 11441 11443
f 11442 11443 11444
f 11444 11443 11445
f 11444 11445 11446
f 11405 11447 11448
f 11405 11448 11406
f 11447 11449 11450
f 11447 11450 11448
f 11449 11451 11452
f 11449 11452 11450
f 11289 11453 11454
f 11289 11454 11290
f 11453 11455 11456
f 11453 11456 11454
f 11455 11457 11458
f 11455 11458 11456
f 11336 11335 11459
f 11336 11459 11460
f 11460 11459 11461
f 11460 11461 11462
f 11462 11461 11463
f 11462 11463 11464
f 11465 11466 11467
f 11465 11467 11468
f 11469 11470 11471
f 11469 11471 11472
f 11473 11474 11475
f 11473 11475 11476
f 11476 11475 11477
f 11476 11477 11478
f 11478 11477 11384
f 11478 11384 11383
f 11479 11480 11481
f 11479 11481 11482
f 11480 11483 11484
f 11480 11484 11481
f 11483 11413 11416
f 11483 11416 11484
f 11485 11486 11487
f 11485 11487 11488
f 11486 11489 11490
f 11486 11490 11487
f 11489 11297 11300
f 11489 11300 11490
f 11491 11492 11493
f 11491 11493 11494
f 11494 11493 11495
f 11494 11495 11496
f 11496 11495 11344
f 11496 11344 11343
f 11497 11498 11499
f 11497 11499 11500
f 11501 11502 11503
f 11501 11503 11504
f 11505 11506 11507
f 11505 11507 11508
f 11509 11510 11511
f 11509 11511 11512
f 11513 11514 11515
f 11513 11515 11516
f 11517 11518 11519
f 11517 11519 11520
f 11521 11522 11523
f 11521 11523 11524
f 11525 11526 11527
f 11525 11527 11528
f 11529 11530 11531
f 11529 11531 11532
f 11532 11531 11533
f 11532 11533 11534
f 11534 11533 11535
f 11534 11535 11536
f 11537 11538 11539
f 11537 11539 11540
f 11538 11541 11542
f 11538 11542 11539
f 11541 11543 11544
f 11541 11544 11542
f 11545 11546 11547
f 11545 11547 11548
f 11546 11549 11550
f 11546 11550 11547
f 11549 11551 11552
f 11549 11552 11550
f 11553 11554 11555
f 11553 11555 11556
f 11556 11555 11557
f 11556 11557 11558
f 11558 11557 11559
f 11558 11559 11560
f 11561 11562 11563
f 11561 11563 11564
f 11565 11566 11567
f 11565 11567 11568
f 11569 11570 11571
f 11569 11571 11572
f 11572 11571 11573
f 11572 11573 11574
f 11574 11573 11575
f 11574 11575 11576
f 11577 11578 11579
f 11577 11579 11580
f 11578 11581 11582
f 11578 11582 11579
f 11581 11583 11584
f 11581 11584 11582
f 11585 11586 11587
f 11585 11587 11588
f 11586 11589 11590
f 11586 11590 11587
f 11589 11591 11592
f 11589 11592 11590
f 11593 11594 11595
f 11593 11595 11596
f 11596 11595 11597
f 11596 11597 11598
f 11598 11597 11599
f 11598 11599 11600
f 11601 11602 11603
f 11601 11603 11604
f 11605 11606 11607
f 11605 11607 11608
f 11609 11610 11611
f 11609 11611 11612
f 11612 11611 11613
f 11612 11613 11614
f 11614 11613 11615
f 11614 11615 11616
f 11617 11618 11619
f 11617 11619 11620
f 11618 11621 11622
f 11618 11622 11619
f 11621 11623 11624
f 11621 11624 11622
f 11625 11626 11627
f 11625 11627 11628
f 11626 11629 11630
f 11626 11630 11627
f 11629 11545 11548
f 11629 11548 11630
f 11631 11632 11633
f 11631 11633 11634
f 11634 11633 11635
f 11634 11635 11636
f 11636 11635 11592
f 11636 11592 11591
f 11637 11638 11639
f 11637 11639 11640
f 11641 11642 11643
f 11641 11643 11644
f 11645 11646 11647
f 11645 11647 11648
f 11648 11647 11649
f 11648 11649 11650
f 11650 11649 11651
f 11650 11651 11652
f 11653 11654 11655
f 11653 11655 11656
f 11654 11657 11658
f 11654 11658 11655
f 11657 11659 11660
f 11657 11660 11658
f 11553 11661 11662
f 11553 11662 11554
f 11661 11663 11664
f 11661 11664 11662
f 11663 11665 11666
f 11663 11666 11664
f 11600 11599 11667
f 11600 11667 11668
f 11668 11667 11669
f 11668 11669 11670
f 11670 11669 11671
f 11670 11671 11672
f 11673 11674 11675
f 11673 11675 11676
f 11677 11678 11679
f 11677 11679 11680
f 11616 11615 11681
f 11616 11681 11682
f 11682 11681 11683
f 11682 11683 11684
f 11684 11683 11685
f 11684 11685 11686
f 11645 11687 11688
f 11645 11688 11646
f 11687 11689 11690
f 11687 11690 11688
f 11689 11691 11692
f 11689 11692 11690
f 11529 11693 11694
f 11529 11694 11530
f 11693 11695 11696
f 11693 11696 11694
f 11695 11697 11698
f 11695 11698 11696
f 11576 11575 11699
f 11576 11699 11700
f 11700 11699 11701
f 11700 11701 11702
f 11702 11701 11703
f 11702 11703 11704
f 11705 11706 11707
f 11705 11707 11708
f 11709 11710 11711
f 11709 11711 11712
f 11713 11714 11715
f 11713 11715 11716
f 11716 11715 11717
f 11716 11717 11718
f 11718 11717 11624
f 11718 11624 11623
f 11719 11720 11721
f 11719 11721 11722
f 11720 11723 11724
f 11720 11724 11721
f 11723 11653 11656
f 11723 11656 11724
f 11725 11726 11727
f 11725 11727 11728
f 11726 11729 11730
f 11726 11730 11727
f 11729 11537 11540
f 11729 11540 11730
f 11731 11732 11733
f 11731 11733 11734
f 11734 11733 11735
f 11734 11735 11736
f 11736 11735 11584
f 11736 11584 11583
f 11737 11738 11739
f 11737 11739 11740
f 11741 11742 11743
f 11741 11743 11744
f 11745 11746 11747
f 11745 11747 11748
f 11749 11750 11751
f 11749 11751 11752
f 11753 11754 11755
f 11753 11755 11756
f 11757 11758 11759
f 11757 11759 11760
f 11761 11762 11763
f 11761 11763 11764
f 11765 11766 11767
f 11765 11767 11768
f 11769 11770 11771
f 11769 11771 11772
f 11772 11771 11773
f 11772 11773 11774
f 11774 11773 11775
f 11774 11775 11776
f 11777 11778 11779
f 11777 11779 11780
f 11778 11781 11782
f 11778 11782 11779
f 11781 11783 11784
f 11781 11784 11782
f 11785 11786 11787
f 11785 11787 11788
f 11786 11789 11790
f 11786 11790 11787
f 11789 11791 11792
f 11789 11792 11790
f 11793 11794 11795
f 11793 11795 11796
f 11796 11795 11797
f 11796 11797 11798
f 11798 11797 11799
f 11798 11799 11800
f 11801 11802 11803
f 11801 11803 11804
f 11805 11806 11807
f 11805 11807 11808
f 11809 11810 11811
f 11809 11811 11812
f 11812 11811 11813
f 11812 11813 11814
f 11814 11813 11815
f 11814 11815 11816
f 11817 11818 11819
f 11817 11819 11820
f 11818 11821 11822
f 11818 11822 11819
f 11821 11823 11824
f 11821 11824 11822
f 11825 11826 11827
f 11825 11827 11828
f 11826 11829 11830
f 11826 11830 11827
f 11829 11831 11832
f 11829 11832 11830
f 11833 11834 11835
f 11833 11835 11836
f 11836 11835 11837
f 11836 11837 11838
f 11838 11837 11839
f 11838 11839 11840
f 11841 11842 11843
f 11841 11843 11844
f 11845 11846 11847
f 11845 11847 11848
f 11849 11850 11851
f 11849 11851 11852
f 11852 11851 11853
f 11852 11853 11854
f 11854 11853 11855
f 11854 11855 11856
f 11857 11858 11859
f 11857 11859 11860
f 11858 11861 11862
f 11858 11862 11859
f 11861 11863 11864
f 11861 11864 11862
f 11865 11866 11867
f 11865 11867 11868
f 11866 11869 11870
f 11866 11870 11867
f 11869 11785 11788
f 11869 11788 11870
f 11871 11872 11873
f 11871 11873 11874
f 11874 11873 11875
f 11874 11875 11876
f 11876 11875 11832
f 11876 11832 11831
f 11877 11878 11879
f 11877 11879 11880
f 11881 11882 11883
f 11881 11883 11884
f 11885 11886 11887
f 11885 11887 11888
f 11888 11887 11889
f 11888 11889 11890
f 11890 11889 11891
f 11890 11891 11892
f 11893 11894 11895
f 11893 11895 11896
f 11894 11897 11898
f 11894 11898 11895
f 11897 11899 11900
f 11897 11900 11898
f 11793 11901 11902
f 11793 11902 11794
f 11901 11903 11904
f 11901 11904 11902
f 11903 11905 11906
f 11903 11906 11904
f 11840 11839 11907
f 11840 11907 11908
f 11908 11907 11909
f 11908 11909 11910
f 11910 11909 11911
f 11910 11911 11912
f 11913 11914 11915
f 11913 11915 11916
f 11917 11918 11919
f 11917 11919 11920
f 11856 11855 11921
f 11856 11921 11922
f 11922 11921 11923
f 11922 11923 11924
f 11924 11923 11925
f 11924 11925 11926
f 11885 11927 11928
f 11885 11928 11886
f 11927 11929 11930
f 11927 11930 11928
f 11929 11931 11932
f 11929 11932 11930
f 11769 11933 11934
f 11769 11934 11770
f 11933 11935 11936
f 11933 11936 11934
f 11935 11937 11938
f 11935 11938 11936
f 11816 11815 11939
f 11816 11939 11940
f 11940 11939 11941
f 11940 11941 11942
f 11942 11941 11943
f 11942 11943 11944
f 11945 11946 11947
f 11945 11947 11948
f 11949 11950 11951
f 11949 11951 11952
f 11953 11954 11955
f 11953 11955 11956
f 11956 11955 11957
f 11956 11957 11958
f 11958 11957 11864
f 11958 11864 11863
f 11959 11960 11961
f 11959 11961 11962
f 11960 11963 11964
f 11960 11964 11961
f 11963 11893 11896
f 11963 11896 11964
f 11965 11966 11967
f 11965 11967 11968
f 11966 11969 11970
f 11966 11970 11967
f 11969 11777 11780
f 11969 11780 11970
f 11971 11972 11973
f 11971 11973 11974
f 11974 11973 11975
f 11974 11975 11976
f 11976 11975 11824
f 11976 11824 11823
f 11977 11978 11979
f 11977 11979 11980
f 11981 11982 11983
f 11981 11983 11984
f 11985 11986 11987
f 11985 11987 11988
f 11989 11990 11991
f 11989 11991 11992
f 11993 11994 11995
f 11993 11995 11996
f 11997 11998 11999
f 11997 11999 12000
f 12001 12002 12003
f 12001 12003 12004
f 12005 12006 12007
f 12005 12007 12008
f 12009 12010 12011
f 12009 12011 12012
f 12012 12011 12013
f 12012 12013 12014
f 12014 12013 12015
f 12014 12015 12016
f 12017 12018 12019
f 12017 12019 12020
f 12018 12021 12022
f 12018 12022 12019
f 12021 12023 12024
f 12021 12024 12022
f 12025 12026 12027
f 12025 12027 12028
f 12026 12029 12030
f 12026 12030 12027
f 12029 12031 12032
f 12029 12032 12030
f 12033 12034 12035
f 12033 12035 12036
f 12036 12035 12037
f 12036 12037 12038
f 12038 12037 12039
f 12038 12039 12040
f 12041 12042 12043
f 12041 12043 12044
f 12045 12046 12047
f 12045 12047 12048
f 12049 12050 12051
f 12049 12051 12052
f 12052 12051 12053
f 12052 12053 12054
f 12054 12053 12055
f 12054 12055 12056
f 12057 12058 12059
f 12057 12059 12060
f 12058 12061 12062
f 12058 12062 12059
f 12061 12063 12064
f 12061 12064 12062
f 12065 12066 12067
f 12065 12067 12068
f 12066 12069 12070
f 12066 12070 12067
f 12069 12071 12072
f 12069 12072 12070
f 12073 12074 12075
f 12073 12075 12076
f 12076 12075 12077
f 12076 12077 12078
f 12078 12077 12079
f 12078 12079 12080
f 12081 12082 12083
f 12081 12083 12084
f 12085 12086 12087
f 12085 12087 12088
f 12089 12090 12091
f 12089 12091 12092
f 12092 12091 12093
f 12092 12093 12094
f 12094 12093 12095
f 12094 12095 12096
f 12097 12098 12099
f 12097 12099 12100
f 12098 12101 12102
f 12098 12102 12099
f 12101 12103 12104
f 12101 12104 12102
f 12105 12106 12107
f 12105 12107 12108
f 12106 12109 12110
f 12106 12110 12107
f 12109 12025 12028
f 12109 12028 12110
f 12111 12112 12113
f 12111 12113 12114
f 12114 12113 12115
f 12114 12115 12116
f 12116 12115 12072
f 12116 12072 12071
f 12117 12118 12119
f 12117 12119 12120
f 12121 12122 12123
f 12121 12123 12124
f 12125 12126 12127
f 12125 12127 12128
f 12128 12127 12129
f 12128 12129 12130
f 12130 12129 12131
f 12130 12131 12132
f 12133 12134 12135
f 12133 12135 12136
f 12134 12137 12138
f 12134 12138 12135
f 12137 12139 12140
f 12137 12140 12138
f 12033 12141 12142
f 12033 12142 12034
f 12141 12143 12144
f 12141 12144 12142
f 12143 12145 12146
f 12143 12146 12144
f 12080 12079 12147
f 12080 12147 12148
f 12148 12147 12149
f 12148 12149 12150
f 12150 12149 12151
f 12150 12151 12152
f 12153 12154 12155
f 12153 12155 12156
f 12157 12158 12159
f 12157 12159 12160
f 12096 12095 12161
f 12096 12161 12162
f 12162 12161 12163
f 12162 12163 12164
f 12164 12163 12165
f 12164 12165 12166
f 12125 12167 12168
f 12125 12168 12126
f 12167 12169 12170
f 12167 12170 12168
f 12169 12171 12172
f 12169 12172 12170
f 12009 12173 12174
f 12009 12174 12010
f 12173 12175 12176
f 12173 12176 12174
f 12175 12177 12178
f 12175 12178 12176
f 12056 12055 12179
f 12056 12179 12180
f 12180 12179 12181
f 12180 12181 12182
f 12182 12181 12183
f 12182 12183 12184
f 12185 12186 12187
f 12185 12187 12188
f 12189 12190 12191
f 12189 12191 12192
f 12193 12194 12195
f 12193 12195 12196
f 12196 12195 12197
f 12196 12197 12198
f 12198 12197 12104
f 12198 12104 12103
f 12199 12200 12201
f 12199 12201 12202
f 12200 12203 12204
f 12200 12204 12201
f 12203 12133 12136
f 12203 12136 12204
f 12205 12206 12207
f 12205 12207 12208
f 12206 12209 12210
f 12206 12210 12207
f 12209 12017 12020
f 12209 12020 12210
f 12211 12212 12213
f 12211 12213 12214
f 12214 12213 12215
f 12214 12215 12216
f 12216 12215 12064
f 12216 12064 12063
f 12217 12218 12219
f 12217 12219 12220
f 12221 12222 12223
f 12221 12223 12224
f 12225 12226 12227
f 12225 12227 12228
f 12229 12230 12231
f 12229 12231 12232
f 12233 12234 12235
f 12233 12235 12236
f 12237 12238 12239
f 12237 12239 12240
f 12241 12242 12243
f 12241 12243 12244
f 12245 12246 12247
f 12245 12247 12248
f 12249 12250 12251
f 12249 12251 12252
f 12252 12251 12253
f 12252 12253 12254
f 12254 12253 12255
f 12254 12255 12256
f 12257 12258 12259
f 12257 12259 12260
f 12258 12261 12262
f 12258 12262 12259
f 12261 12263 12264
f 12261 12264 12262
f 12265 12266 12267
f 12265 12267 12268
f 12266 12269 12270
f 12266 12270 12267
f 12269 12271 12272
f 12269 12272 12270
f 12273 12274 12275
f 12273 12275 12276
f 12276 12275 12277
f 12276 12277 12278
f 12278 12277 12279
f 12278 12279 12280
f 12281 12282 12283
f 12281 12283 12284
f 12285 12286 12287
f 12285 12287 12288
f 12289 12290 12291
f 12289 12291 12292
f 12292 12291 12293
f 12292 12293 12294
f 12294 12293 12295
f 12294 12295 12296
f 12297 12298 12299
f 12297 12299 12300
f 12298 12301 12302
f 12298 12302 12299
f 12301 12303 12304
f 12301 12304 12302
f 12305 12306 12307
f 12305 12307 12308
f 12306 12309 12310
f 12306 12310 12307
f 12309 12311 12312
f 12309 12312 12310
f 12313 12314 12315
f 12313 12315 12316
f 12316 12315 12317
f 12316 12317 12318
f 12318 12317 12319
f 12318 12319 12320
f 12321 12322 12323
f 12321 12323 12324
f 12325 12326 12327
f 12325 12327 12328
f 12329 12330 12331
f 12329 12331 12332
f 12332 12331 12333
f 12332 12333 12334
f 12334 12333 12335
f 12334 12335 12336
f 12337 12338 12339
f 12337 12339 12340
f 12338 12341 12342
f 12338 12342 12339
f 12341 12343 12344
f 12341 12344 12342
f 12345 12346 12347
f 12345 12347 12348
f 12346 12349 12350
f 12346 12350 12347
f 12349 12265 12268
f 12349 12268 12350
f 12351 12352 12353
f 12351 12353 12354
f 12354 12353 12355
f 12354 12355 12356
f 12356 12355 12312
f 12356 12312 12311
f 12357 12358 12359
f 12357 12359 12360
f 12361 12362 12363
f 12361 12363 12364
f 12365 12366 12367
f 12365 12367 12368
f 12368 12367 12369
f 12368 12369 12370
f 12370 12369 12371
f 12370 12371 12372
f 12373 12374 12375
f 12373 12375 12376
f 12374 12377 12378
f 12374 12378 12375
f 12377 12379 12380
f 12377 12380 12378
f 12273 12381 12382
f 12273 12382 12274
f 12381 12383 12384
f 12381 12384 12382
f 12383 12385 12386
f 12383 12386 12384
f 12320 12319 12387
f 12320 12387 12388
f 12388 12387 12389
f 12388 12389 12390
f 12390 12389 12391
f 12390 12391 12392
f 12393 12394 12395
f 12393 12395 12396
f 12397 12398 12399
f 12397 12399 12400
f 12336 12335 12401
f 12336 12401 12402
f 12402 12401 12403
f 12402 12403 12404
f 12404 12403 12405
f 12404 12405 12406
f 12365 12407 12408
f 12365 12408 12366
f 12407 12409 12410
f 12407 12410 12408
f 12409 12411 12412
f 12409 12412 12410
f 12249 12413 12414
f 12249 12414 12250
f 12413 12415 12416
f 12413 12416 12414
f 12415 12417 12418
f 12415 12418 12416
f 12296 12295 12419
f 12296 12419 12420
f 12420 12419 12421
f 12420 12421 12422
f 12422 12421 12423
f 12422 12423 12424
f 12425 12426 12427
f 12425 12427 12428
f 12429 12430 12431
f 12429 12431 12432
f 12433 12434 12435
f 12433 12435 12436
f 12436 12435 12437
f 12436 12437 12438
f 12438 12437 12344
f 12438 12344 12343
f 12439 12440 12441
f 12439 12441 12442
f 12440 12443 12444
f 12440 12444 12441
f 12443 12373 12376
f 12443 12376 12444
f 12445 12446 12447
f 12445 12447 12448
f 12446 12449 12450
f 12446 12450 12447
f 12449 12257 12260
f 12449 12260 12450
f 12451 12452 12453
f 12451 12453 12454
f 12454 12453 12455
f 12454 12455 12456
f 12456 12455 12304
f 12456 12304 12303
f 12457 12458 12459
f 12457 12459 12460
f 12461 12462 12463
f 12461 12463 12464
f 12465 12466 12467
f 12465 12467 12468
f 12469 12470 12471
f 12469 12471 12472
f 12473 12474 12475
f 12473 12475 12476
f 12477 12478 12479
f 12477 12479 12480
f 12481 12482 12483
f 12481 12483 12484
f 12485 12486 12487
f 12485 12487 12488
f 12489 12490 12491
f 12489 12491 12492
f 12492 12491 12493
f 12492 12493 12494
f 12494 12493 12495
f 12494 12495 12496
f 12497 12498 12499
f 12497 12499 12500
f 12498 12501 12502
f 12498 12502 12499
f 12501 12503 12504
f 12501 12504 12502
f 12505 12506 12507
f 12505 12507 12508
f 12506 12509 12510
f 12506 12510 12507
f 12509 12511 12512
f 12509 12512 12510
f 12513 12514 12515
f 12513 12515 12516
f 12516 12515 12517
f 12516 12517 12518
f 12518 12517 12519
f 12518 12519 12520
f 12521 12522 12523
f 12521 12523 12524
f 12525 12526 12527
f 12525 12527 12528
f 12529 12530 12531
f 12529 12531 12532
f 12532 12531 12533
f 12532 12533 12534
f 12534 12533 12535
f 12534 12535 12536
f 12537 12538 12539
f 12537 12539 12540
f 12538 12541 12542
f 12538 12542 12539
f 12541 12543 12544
f 12541 12544 12542
f 12545 12546 12547
f 12545 12547 12548
f 12546 12549 12550
f 12546 12550 12547
f 12549 12551 12552
f 12549 12552 12550
f 12553 12554 12555
f 12553 12555 12556
f 12556 12555 12557
f 12556 12557 12558
f 12558 12557 12559
f 12558 12559 12560
f 12561 12562 12563
f 12561 12563 12564
f 12565 12566 12567
f 12565 12567 12568
f 12569 12570 12571
f 12569 12571 12572
f 12572 12571 12573
f 12572 12573 12574
f 12574 12573 12575
f 12574 12575 12576
f 12577 12578 12579
f 12577 12579 12580
f 12578 12581 12582
f 12578 12582 12579
f 12581 12583 12584
f 12581 12584 12582
f 12585 12586 12587
f 12585 12587 12588
f 12586 12589 12590
f 12586 12590 12587
f 12589 12505 12508
f 12589 12508 12590
f 12591 12592 12593
f 12591 12593 12594
f 12594 12593 12595
f 12594 12595 12596
f 12596 12595 12552
f 12596 12552 12551
f 12597 12598 12599
f 12597 12599 12600
f 12601 12602 12603
f 12601 12603 12604
f 12605 12606 12607
f 12605 12607 12608
f 12608 12607 12609
f 12608 12609 12610
f 12610 12609 12611
f 12610 12611 12612
f 12613 12614 12615
f 12613 12615 12616
f 12614 12617 12618
f 12614 12618 12615
f 12617 12619 12620
f 12617 12620 12618
f 12513 12621 12622
f 12513 12622 12514
f 12621 12623 12624
f 12621 12624 12622
f 12623 12625 12626
f 12623 12626 12624
f 12560 12559 12627
f 12560 12627 12628
f 12628 12627 12629
f 12628 12629 12630
f 12630 12629 12631
f 12630 12631 12632
f 12633 12634 12635
f 12633 12635 12636
f 12637 12638 12639
f 12637 12639 12640
f 12576 12575 12641
f 12576 12641 12642
f 12642 12641 12643
f 12642 12643 12644
f 12644 12643 12645
f 12644 12645 12646
f 12605 12647 12648
f 12605 12648 12606
f 12647 12649 12650
f 12647 12650 12648
f 12649 12651 12652
f 12649 12652 12650
f 12489 12653 12654
f 12489 12654 12490
f 12653 12655 12656
f 12653 12656 12654
f 12655 12657 12658
f 12655 12658 12656
f 12536 12535 12659
f 12536 12659 12660
f 12660 12659 12661
f 12660 12661 12662
f 12662 12661 12663
f 12662 12663 12664
f 12665 12666 12667
f 12665 12667 12668
f 12669 12670 12671
f 12669 12671 12672
f 12673 12674 12675
f 12673 12675 12676
f 12676 12675 12677
f 12676 12677 12678
f 12678 12677 12584
f 12678 12584 12583
f 12679 12680 12681
f 12679 12681 12682
f 12680 12683 12684
f 12680 12684 12681
f 12683 12613 12616
f 12683 12616 12684
f 12685 12686 12687
f 12685 12687 12688
f 12686 12689 12690
f 12686 12690 12687
f 12689 12497 12500
f 12689 12500 12690
f 12691 12692 12693
f 12691 12693 12694
f 12694 12693 12695
f 12694 12695 12696
f 12696 12695 12544
f 12696 12544 12543
f 12697 12698 12699
f 12697 12699 12700
f 12701 12702 12703
f 12701 12703 12704
f 12705 12706 12707
f 12705 12707 12708
f 12709 12710 12711
f 12709 12711 12712
f 12713 12714 12715
f 12713 12715 12716
f 12717 12718 12719
f 12717 12719 12720
f 12721 12722 12723
f 12721 12723 12724
f 12725 12726 12727
f 12725 12727 12728
f 12729 12730 12731
f 12729 12731 12732
f 12732 12731 12733
f 12732 12733 12734
f 12734 12733 12735
f 12734 12735 12736
f 12737 12738 12739
f 12737 12739 12740
f 12738 12741 12742
f 12738 12742 12739
f 12741 12743 12744
f 12741 12744 12742
f 12745 12746 12747
f 12745 12747 12748
f 12746 12749 12750
f 12746 12750 12747
f 12749 12751 12752
f 12749 12752 12750
f 12753 12754 12755
f 12753 12755 12756
f 12756 12755 12757
f 12756 12757 12758
f 12758 12757 12759
f 12758 12759 12760
f 12761 12762 12763
f 12761 12763 12764
f 12765 12766 12767
f 12765 12767 12768
f 12769 12770 12771
f 12769 12771 12772
f 12772 12771 12773
f 12772 12773 12774
f 12774 12773 12775
f 12774 12775 12776
f 12777 12778 12779
f 12777 12779 12780
f 12778 12781 12782
f 12778 12782 12779
f 12781 12783 12784
f 12781 12784 12782
f 12785 12786 12787
f 12785 12787 12788
f 12786 12789 12790
f 12786 12790 12787
f 12789 12791 12792
f 12789 12792 12790
f 12793 12794 12795
f 12793 12795 12796
f 12796 12795 12797
f 12796 12797 12798
f 12798 12797 12799
f 12798 12799 12800
f 12801 12802 12803
f 12801 12803 12804
f 12805 12806 12807
f 12805 12807 12808
f 12809 12810 12811
f 12809 12811 12812
f 12812 12811 12813
f 12812 12813 12814
f 12814 12813 12815
f 12814 12815 12816
f 12817 12818 12819
f 12817 12819 12820
f 12818 12821 12822
f 12818 12822 12819
f 12821 12823 12824
f 12821 12824 12822
f 12825 12826 12827
f 12825 12827 12828
f 12826 12829 12830
f 12826 12830 12827
f 12829 12745 12748
f 12829 12748 12830
f 12831 12832 12833
f 12831 12833 12834
f 12834 12833 12835
f 12834 12835 12836
f 12836 12835 12792
f 12836 12792 12791
f 12837 12838 12839
f 12837 12839 12840
f 12841 12842 12843
f 12841 12843 12844
f 12845 12846 12847
f 12845 12847 12848
f 12848 12847 12849
f 12848 12849 12850
f 12850 12849 12851
f 12850 12851 12852
f 12853 12854 12855
f 12853 12855 12856
f 12854 12857 12858
f 12854 12858 12855
f 12857 12859 12860
f 12857 12860 12858
f 12753 12861 12862
f 12753 12862 12754
f 12861 12863 12864
f 12861 12864 12862
f 12863 12865 12866
f 12863 12866 12864
f 12800 12799 12867
f 12800 12867 12868
f 12868 12867 12869
f 12868 12869 12870
f 12870 12869 12871
f 12870 12871 12872
f 12873 12874 12875
f 12873 12875 12876
f 12877 12878 12879
f 12877 12879 12880
f 12816 12815 12881
f 12816 12881 12882
f 12882 12881 12883
f 12882 12883 12884
f 12884 12883 12885
f 12884 12885 12886
f 12845 12887 12888
f 12845 12888 12846
f 12887 12889 12890
f 12887 12890 12888
f 12889 12891 12892
f 12889 12892 12890
f 12729 12893 12894
f 12729 12894 12730
f 12893 12895 12896
f 12893 12896 12894
f 12895 12897 12898
f 12895 12898 12896
f 12776 12775 12899
f 12776 12899 12900
f 12900 12899 12901
f 12900 12901 12902
f 12902 12901 12903
f 12902 12903 12904
f 12905 12906 12907
f 12905 12907 12908
f 12909 12910 12911
f 12909 12911 12912
f 12913 12914 12915
f 12913 12915 12916
f 12916 12915 12917
f 12916 12917 12918
f 12918 12917 12824
f 12918 12824 12823
f 12919 12920 12921
f 12919 12921 12922
f 12920 12923 12924
f 12920 12924 12921
f 12923 12853 12856
f 12923 12856 12924
f 12925 12926 12927
f 12925 12927 12928
f 12926 12929 12930
f 12926 12930 12927
f 12929 12737 12740
f 12929 12740 12930
f 12931 12932 12933
f 12931 12933 12934
f 12934 12933 12935
f 12934 12935 12936
f 12936 12935 12784
f 12936 12784 12783
f 12937 12938 12939
f 12937 12939 12940
f 12941 12942 12943
f 12941 12943 12944
f 12945 12946 12947
f 12945 12947 12948
f 12949 12950 12951
f 12949 12951 12952
f 12953 12954 12955
f 12953 12955 12956
f 12957 12958 12959
f 12957 12959 12960
f 12961 12962 12963
f 12961 12963 12964
f 12965 12966 12967
f 12965 12967 12968
f 12969 12970 12971
f 12969 12971 12972
f 12972 12971 12973
f 12972 12973 12974
f 12974 12973 12975
f 12974 12975 12976
f 12977 12978 12979
f 12977 12979 12980
f 12978 12981 12982
f 12978 12982 12979
f 12981 12983 12984
f 12981 12984 12982
f 12985 12986 12987
f 12985 12987 12988
f 12986 12989 12990
f 12986 12990 12987
f 12989 12991 12992
f 12989 12992 12990
f 12993 12994 12995
f 12993 12995 12996
f 12996 12995 12997
f 12996 12997 12998
f 12998 12997 12999
f 12998 12999 13000
f 13001 13002 13003
f 13001 13003 13004
f 13005 13006 13007
f 13005 13007 13008
f 13009 13010 13011
f 13009 13011 13012
f 13012 13011 13013
f 13012 13013 13014
f 13014 13013 13015
f 13014 13015 13016
f 13017 13018 13019
f 13017 13019 13020
f 13018 13021 13022
f 13018 13022 13019
f 13021 13023 13024
f 13021 13024 13022
f 13025 13026 13027
f 13025 13027 13028
f 13026 13029 13030
f 13026 13030 13027
f 13029 13031 13032
f 13029 13032 13030
f 13033 13034 13035
f 13033 13035 13036
f 13036 13035 13037
f 13036 13037 13038
f 13038 13037 13039
f 13038 13039 13040
f 13041 13042 13043
f 13041 13043 13044
f 13045 13046 13047
f 13045 13047 13048
f 13049 13050 13051
f 13049 13051 13052
f 13052 13051 13053
f 13052 13053 13054
f 13054 13053 13055
f 13054 13055 13056
f 13057 13058 13059
f 13057 13059 13060
f 13058 13061 13062
f 13058 13062 13059
f 13061 13063 13064
f 13061 13064 13062
f 13065 13066 13067
f 13065 13067 13068
f 13066 13069 13070
f 13066 13070 13067
f 13069 12985 12988
f 13069 12988 13070
f 13071 13072 13073
f 13071 13073 13074
f 13074 13073 13075
f 13074 13075 13076
f 13076 13075 13032
f 13076 13032 13031
f 13077 13078 13079
f 13077 13079 13080
f 13081 13082 13083
f 13081 13083 13084
f 13085 13086 13087
f 13085 13087 13088
f 13088 13087 13089
f 13088 13089 13090
f 13090 13089 13091
f 13090 13091 13092
f 13093 13094 13095
f 13093 13095 13096
f 13094 13097 13098
f 13094 13098 13095
f 13097 13099 13100
f 13097 13100 13098
f 12993 13101 13102
f 12993 13102 12994
f 13101 13103 13104
f 13101 13104 13102
f 13103 13105 13106
f 13103 13106 13104
f 13040 13039 13107
f 13040 13107 13108
f 13108 13107 13109
f 13108 13109 13110
f 13110 13109 13111
f 13110 13111 13112
f 13113 13114 13115
f 13113 13115 13116
f 13117 13118 13119
f 13117 13119 13120
f 13056 13055 13121
f 13056 13121 13122
f 13122 13121 13123
f 13122 13123 13124
f 13124 13123 13125
f 13124 13125 13126
f 13085 13127 13128
f 13085 13128 13086
f 13127 13129 13130
f 13127 13130 13128
f 13129 13131 13132
f 13129 13132 13130
f 12969 13133 13134
f 12969 13134 12970
f 13133 13135 13136
f 13133 13136 13134
f 13135 13137 13138
f 13135 13138 13136
f 13016 13015 13139
f 13016 13139 13140
f 13140 13139 13141
f 13140 13141 13142
f 13142 13141 13143
f 13142 13143 13144
f 13145 13146 13147
f 13145 13147 13148
f 13149 13150 13151
f 13149 13151 13152
f 13153 13154 13155
f 13153 13155 13156
f 13156 13155 13157
f 13156 13157 13158
f 13158 13157 13064
f 13158 13064 13063
f 13159 13160 13161
f 13159 13161 13162
f 13160 13163 13164
f 13160 13164 13161
f 13163 13093 13096
f 13163 13096 13164
f 13165 13166 13167
f 13165 13167 13168
f 13166 13169 13170
f 13166 13170 13167
f 13169 12977 12980
f 13169 12980 13170
f 13171 13172 13173
f 13171 13173 13174
f 13174 13173 13175
f 13174 13175 13176
f 13176 13175 13024
f 13176 13024 13023
f 13177 13178 13179
f 13177 13179 13180
f 13181 13182 13183
f 13181 13183 13184
f 13185 13186 13187
f 13185 13187 13188
f 13189 13190 13191
f 13189 13191 13192
f 13193 13194 13195
f 13193 13195 13196
f 13197 13198 13199
f 13197 13199 13200
f 13201 13202 13203
f 13201 13203 13204
f 13205 13206 13207
f 13205 13207 13208
f 13209 13210 13211
f 13209 13211 13212
f 13212 13211 13213
f 13212 13213 13214
f 13214 13213 13215
f 13214 13215 13216
f 13217 13218 13219
f 13217 13219 13220
f 13218 13221 13222
f 13218 13222 13219
f 13221 13223 13224
f 13221 13224 13222
f 13225 13226 13227
f 13225 13227 13228
f 13226 13229 13230
f 13226 13230 13227
f 13229 13231 13232
f 13229 13232 13230
f 13233 13234 13235
f 13233 13235 13236
f 13236 13235 13237
f 13236 13237 13238
f 13238 13237 13239
f 13238 13239 13240
f 13241 13242 13243
f 13241 13243 13244
f 13245 13246 13247
f 13245 13247 13248
f 13249 13250 13251
f 13249 13251 13252
f 13252 13251 13253
f 13252 13253 13254
f 13254 13253 13255
f 13254 13255 13256
f 13257 13258 13259
f 13257 13259 13260
f 13258 13261 13262
f 13258 13262 13259
f 13261 13263 13264
f 13261 13264 13262
f 13265 13266 13267
f 13265 13267 13268
f 13266 13269 13270
f 13266 13270 13267
f 13269 13271 13272
f 13269 13272 13270
f 13273 13274 13275
f 13273 13275 13276
f 13276 13275 13277
f 13276 13277 13278
f 13278 13277 13279
f 13278 13279 13280
f 13281 13282 13283
f 13281 13283 13284
f 13285 13286 13287
f 13285 13287 13288
f 13289 13290 13291
f 13289 13291 13292
f 13292 13291 13293
f 13292 13293 13294
f 13294 13293 13295
f 13294 13295 13296
f 13297 13298 13299
f 13297 13299 13300
f 13298 13301 13302
f 13298 13302 13299
f 13301 13303 13304
f 13301 13304 13302
f 13305 13306 13307
f 13305 13307 13308
f 13306 13309 13310
f 13306 13310 13307
f 13309 13225 13228
f 13309 13228 13310
f 13311 13312 13313
f 13311 13313 13314
f 13314 13313 13315
f 13314 13315 13316
f 13316 13315 13272
f 13316 13272 13271
f 13317 13318 13319
f 13317 13319 13320
f 13321 13322 13323
f 13321 13323 13324
f 13325 13326 13327
f 13325 13327 13328
f 13328 13327 13329
f 13328 13329 13330
f 13330 13329 13331
f 13330 13331 13332
f 13333 13334 13335
f 13333 13335 13336
f 13334 13337 13338
f 13334 13338 13335
f 13337 13339 13340
f 13337 13340 13338
f 13233 13341 13342
f 13233 13342 13234
f 13341 13343 13344
f 13341 13344 13342
f 13343 13345 13346
f 13343 13346 13344
f 13280 13279 13347
f 13280 13347 13348
f 13348 13347 13349
f 13348 13349 13350
f 13350 13349 13351
f 13350 13351 13352
f 13353 13354 13355
f 13353 13355 13356
f 13357 13358 13359
f 13357 13359 13360
f 13296 13295 13361
f 13296 13361 13362
f 13362 13361 13363
f 13362 13363 13364
f 13364 13363 13365
f 13364 13365 13366
f 13325 13367 13368
f 13325 13368 13326
f 13367 13369 13370
f 13367 13370 13368
f 13369 13371 13372
f 13369 13372 13370
f 13209 13373 13374
f 13209 13374 13210
f 13373 13375 13376
f 13373 13376 13374
f 13375 13377 13378
f 13375 13378 13376
f 13256 13255 13379
f 13256 13379 13380
f 13380 13379 13381
f 13380 13381 13382
f 13382 13381 13383
f 13382 13383 13384
f 13385 13386 13387
f 13385 13387 13388
f 13389 13390 13391
f 13389 13391 13392
f 13393 13394 13395
f 13393 13395 13396
f 13396 13395 13397
f 13396 13397 13398
f 13398 13397 13304
f 13398 13304 13303
f 13399 13400 13401
f 13399 13401 13402
f 13400 13403 13404
f 13400 13404 13401
f 13403 13333 13336
f 13403 13336 13404
f 13405 13406 13407
f 13405 13407 13408
f 13406 13409 13410
f 13406 13410 13407
f 13409 13217 13220
f 13409 13220 13410
f 13411 13412 13413
f 13411 13413 13414
f 13414 13413 13415
f 13414 13415 13416
f 13416 13415 13264
f 13416 13264 13263
f 13417 13418 13419
f 13417 13419 13420
f 13421 13422 13423
f 13421 13423 13424
f 13425 13426 13427
f 13425 13427 13428
f 13429 13430 13431
f 13429 13431 13432
f 13433 13434 13435
f 13433 13435 13436
f 13437 13438 13439
f 13437 13439 13440
f 13441 13442 13443
f 13441 13443 13444
f 13445 13446 13447
f 13445 13447 13448
f 13449 13450 13451
f 13449 13451 13452
f 13452 13451 13453
f 13452 13453 13454
f 13454 13453 13455
f 13454 13455 13456
f 13457 13458 13459
f 13457 13459 13460
f 13458 13461 13462
f 13458 13462 13459
f 13461 13463 13464
f 13461 13464 13462
f 13465 13466 13467
f 13465 13467 13468
f 13466 13469 13470
f 13466 13470 13467
f 13469 13471 13472
f 13469 13472 13470
f 13473 13474 13475
f 13473 13475 13476
f 13476 13475 13477
f 13476 13477 13478
f 13478 13477 13479
f 13478 13479 13480
f 13481 13482 13483
f 13481 13483 13484
f 13485 13486 13487
f 13485 13487 13488
f 13489 13490 13491
f 13489 13491 13492
f 13492 13491 13493
f 13492 13493 13494
f 13494 13493 13495
f 13494 13495 13496
f 13497 13498 13499
f 13497 13499 13500
f 13498 13501 13502
f 13498 13502 13499
f 13501 13503 13504
f 13501 13504 13502
f 13505 13506 13507
f 13505 13507 13508
f 13506 13509 13510
f 13506 13510 13507
f 13509 13511 13512
f 13509 13512 13510
f 13513 13514 13515
f 13513 13515 13516
f 13516 13515 13517
f 13516 13517 13518
f 13518 13517 13519
f 13518 13519 13520
f 13521 13522 13523
f 13521 13523 13524
f 13525 13526 13527
f 13525 13527 13528
f 13529 13530 13531
f 13529 13531 13532
f 13532 13531 13533
f 13532 13533 13534
f 13534 13533 13535
f 13534 13535 13536
f 13537 13538 13539
f 13537 13539 13540
f 13538 13541 13542
f 13538 13542 13539
f 13541 13543 13544
f 13541 13544 13542
f 13545 13546 13547
f 13545 13547 13548
f 13546 13549 13550
f 13546 13550 13547
f 13549 13465 13468
f 13549 13468 13550
f 13551 13552 13553
f 13551 13553 13554
f 13554 13553 13555
f 13554 13555 13556
f 13556 13555 13512
f 13556 13512 13511
f 13557 13558 13559
f 13557 13559 13560
f 13561 13562 13563
f 13561 13563 13564
f 13565 13566 13567
f 13565 13567 13568
f 13568 13567 13569
f 13568 13569 13570
f 13570 13569 13571
f 13570 13571 13572
f 13573 13574 13575
f 13573 13575 13576
f 13574 13577 13578
f 13574 13578 13575
f 13577 13579 13580
f 13577 13580 13578
f 13473 13581 13582
f 13473 13582 13474
f 13581 13583 13584
f 13581 13584 13582
f 13583 13585 13586
f 13583 13586 13584
f 13520 13519 13587
f 13520 13587 13588
f 13588 13587 13589
f 13588 13589 13590
f 13590 13589 13591
f 13590 13591 13592
f 13593 13594 13595
f 13593 13595 13596
f 13597 13598 13599
f 13597 13599 13600
f 13536 13535 13601
f 13536 13601 13602
f 13602 13601 13603
f 13602 13603 13604
f 13604 13603 13605
f 13604 13605 13606
f 13565 13607 13608
f 13565 13608 13566
f 13607 13609 13610
f 13607 13610 13608
f 13609 13611 13612
f 13609 13612 13610
f 13449 13613 13614
f 13449 13614 13450
f 13613 13615 13616
f 13613 13616 13614
f 13615 13617 13618
f 13615 13618 13616
f 13496 13495 13619
f 13496 13619 13620
f 13620 13619 13621
f 13620 13621 13622
f 13622 13621 13623
f 13622 13623 13624
f 13625 13626 13627
f 13625 13627 13628
f 13629 13630 13631
f 13629 13631 13632
f 13633 13634 13635
f 13633 13635 13636
f 13636 13635 13637
f 13636 13637 13638
f 13638 13637 13544
f 13638 13544 13543
f 13639 13640 13641
f 13639 13641 13642
f 13640 13643 13644
f 13640 13644 13641
f 13643 13573 13576
f 13643 13576 13644
f 13645 13646 13647
f 13645 13647 13648
f 13646 13649 13650
f 13646 13650 13647
f 13649 13457 13460
f 13649 13460 13650
f 13651 13652 13653
f 13651 13653 13654
f 13654 13653 13655
f 13654 13655 13656
f 13656 13655 13504
f 13656 13504 13503
f 13657 13658 13659
f 13657 13659 13660
f 13661 13662 13663
f 13661 13663 13664
f 13665 13666 13667
f 13665 13667 13668
f 13669 13670 13671
f 13669 13671 13672
f 13673 13674 13675
f 13673 13675 13676
f 13677 13678 13679
f 13677 13679 13680
f 13681 13682 13683
f 13681 13683 13684
f 13685 13686 13687
f 13685 13687 13688
f 13689 13690 13691
f 13689 13691 13692
f 13692 13691 13693
f 13692 13693 13694
f 13694 13693 13695
f 13694 13695 13696
f 13697 13698 13699
f 13697 13699 13700
f 13698 13701 13702
f 13698 13702 13699
f 13701 13703 13704
f 13701 13704 13702
f 13705 13706 13707
f 13705 13707 13708
f 13706 13709 13710
f 13706 13710 13707
f 13709 13711 13712
f 13709 13712 13710
f 13713 13714 13715
f 13713 13715 13716
f 13716 13715 13717
f 13716 13717 13718
f 13718 13717 13719
f 13718 13719 13720
f 13721 13722 13723
f 13721 13723 13724
f 13725 13726 13727
f 13725 13727 13728
f 13729 13730 13731
f 13729 13731 13732
f 13732 13731 13733
f 13732 13733 13734
f 13734 13733 13735
f 13734 13735 13736
f 13737 13738 13739
f 13737 13739 13740
f 13738 13741 13742
f 13738 13742 13739
f 13741 13743 13744
f 13741 13744 13742
f 13745 13746 13747
f 13745 13747 13748
f 13746 13749 13750
f 13746 13750 13747
f 13749 13751 13752
f 13749 13752 13750
f 13753 13754 13755
f 13753 13755 13756
f 13756 13755 13757
f 13756 13757 13758
f 13758 13757 13759
f 13758 13759 13760
f 13761 13762 13763
f 13761 13763 13764
f 13765 13766 13767
f 13765 13767 13768
f 13769 13770 13771
f 13769 13771 13772
f 13772 13771 13773
f 13772 13773 13774
f 13774 13773 13775
f 13774 13775 13776
f 13777 13778 13779
f 13777 13779 13780
f 13778 13781 13782
f 13778 13782 13779
f 13781 13783 13784
f 13781 13784 13782
f 13785 13786 13787
f 13785 13787 13788
f 13786 13789 13790
f 13786 13790 13787
f 13789 13705 13708
f 13789 13708 13790
f 13791 13792 13793
f 13791 13793 13794
f 13794 13793 13795
f 13794 13795 13796
f 13796 13795 13752
f 13796 13752 13751
f 13797 13798 13799
f 13797 13799 13800
f 13801 13802 13803
f 13801 13803 13804
f 13805 13806 13807
f 13805 13807 13808
f 13808 13807 13809
f 13808 13809 13810
f 13810 13809 13811
f 13810 13811 13812
f 13813 13814 13815
f 13813 13815 13816
f 13814 13817 13818
f 13814 13818 13815
f 13817 13819 13820
f 13817 13820 13818
f 13713 13821 13822
f 13713 13822 13714
f 13821 13823 13824
f 13821 13824 13822
f 13823 13825 13826
f 13823 13826 13824
f 13760 13759 13827
f 13760 13827 13828
f 13828 13827 13829
f 13828 13829 13830
f 13830 13829 13831
f 13830 13831 13832
f 13833 13834 13835
f 13833 13835 13836
f 13837 13838 13839
f 13837 13839 13840
f 13776 13775 13841
f 13776 13841 13842
f 13842 13841 13843
f 13842 13843 13844
f 13844 13843 13845
f 13844 13845 13846
f 13805 13847 13848
f 13805 13848 13806
f 13847 13849 13850
f 13847 13850 13848
f 13849 13851 13852
f 13849 13852 13850
f 13689 13853 13854
f 13689 13854 13690
f 13853 13855 13856
f 13853 13856 13854
f 13855 13857 13858
f 13855 13858 13856
f 13736 13735 13859
f 13736 13859 13860
f 13860 13859 13861
f 13860 13861 13862
f 13862 13861 13863
f 13862 13863 13864
f 13865 13866 13867
f 13865 13867 13868
f 13869 13870 13871
f 13869 13871 13872
f 13873 13874 13875
f 13873 13875 13876
f 13876 13875 13877
f 13876 13877 13878
f 13878 13877 13784
f 13878 13784 13783
f 13879 13880 13881
f 13879 13881 13882
f 13880 13883 13884
f 13880 13884 13881
f 13883 13813 13816
f 13883 13816 13884
f 13885 13886 13887
f 13885 13887 13888
f 13886 13889 13890
f 13886 13890 13887
f 13889 13697 13700
f 13889 13700 13890
f 13891 13892 13893
f 13891 13893 13894
f 13894 13893 13895
f 13894 13895 13896
f 13896 13895 13744
f 13896 13744 13743
f 13897 13898 13899
f 13897 13899 13900
f 13901 13902 13903
f 13901 13903 13904
f 13905 13906 13907
f 13905 13907 13908
f 13909 13910 13911
f 13909 13911 13912
f 13913 13914 13915
f 13913 13915 13916
f 13917 13918 13919
f 13917 13919 13920
f 13921 13922 13923
f 13921 13923 13924
f 13925 13926 13927
f 13925 13927 13928
f 13929 13930 13931
f 13929 13931 13932
f 13932 13931 13933
f 13932 13933 13934
f 13934 13933 13935
f 13934 13935 13936
f 13937 13938 13939
f 13937 13939 13940
f 13938 13941 13942
f 13938 13942 13939
f 13941 13943 13944
f 13941 13944 13942
f 13945 13946 13947
f 13945 13947 13948
f 13946 13949 13950
f 13946 13950 13947
f 13949 13951 13952
f 13949 13952 13950
f 13953 13954 13955
f 13953 13955 13956
f 13956 13955 13957
f 13956 13957 13958
f 13958 13957 13959
f 13958 13959 13960
f 13961 13962 13963
f 13961 13963 13964
f 13965 13966 13967
f 13965 13967 13968
f 13969 13970 13971
f 13969 13971 13972
f 13972 13971 13973
f 13972 13973 13974
f 13974 13973 13975
f 13974 13975 13976
f 13977 13978 13979
f 13977 13979 13980
f 13978 13981 13982
f 13978 13982 13979
f 13981 13983 13984
f 13981 13984 13982
f 13985 13986 13987
f 13985 13987 13988
f 13986 13989 13990
f 13986 13990 13987
f 13989 13991 13992
f 13989 13992 13990
f 13993 13994 13995
f 13993 13995 13996
f 13996 13995 13997
f 13996 13997 13998
f 13998 13997 13999
f 13998 13999 14000
f 14001 14002 14003
f 14001 14003 14004
f 14005 14006 14007
f 14005 14007 14008
f 14009 14010 14011
f 14009 14011 14012
f 14012 14011 14013
f 14012 14013 14014
f 14014 14013 14015
f 14014 14015 14016
f 14017 14018 14019
f 14017 14019 14020
f 14018 14021 14022
f 14018 14022 14019
f 14021 14023 14024
f 14021 14024 14022
f 14025 14026 14027
f 14025 14027 14028
f 14026 14029 14030
f 14026 14030 14027
f 14029 13945 13948
f 14029 13948 14030
f 14031 14032 14033
f 14031 14033 14034
f 14034 14033 14035
f 14034 14035 14036
f 14036 14035 13992
f 14036 13992 13991
f 14037 14038 14039
f 14037 14039 14040
f 14041 14042 14043
f 14041 14043 14044
f 14045 14046 14047
f 14045 14047 14048
f 14048 14047 14049
f 14048 14049 14050
f 14050 14049 14051
f 14050 14051 14052
f 14053 14054 14055
f 14053 14055 14056
f 14054 14057 14058
f 14054 14058 14055
f 14057 14059 14060
f 14057 14060 14058
f 13953 14061 14062
f 13953 14062 13954
f 14061 14063 14064
f 14061 14064 14062
f 14063 14065 14066
f 14063 14066 14064
f 14000 13999 14067
f 14000 14067 14068
f 14068 14067 14069
f 14068 14069 14070
f 14070 14069 14071
f 14070 14071 14072
f 14073 14074 14075
f 14073 14075 14076
f 14077 14078 14079
f 14077 14079 14080
f 14016 14015 14081
f 14016 14081 14082
f 14082 14081 14083
f 14082 14083 14084
f 14084 14083 14085
f 14084 14085 14086
f 14045 14087 14088
f 14045 14088 14046
f 14087 14089 14090
f 14087 14090 14088
f 14089 14091 14092
f 14089 14092 14090
f 13929 14093 14094
f 13929 14094 13930
f 14093 14095 14096
f 14093 14096 14094
f 14095 14097 14098
f 14095 14098 14096
f 13976 13975 14099
f 13976 14099 14100
f 14100 14099 14101
f 14100 14101 14102
f 14102 14101 14103
f 14102 14103 14104
f 14105 14106 14107
f 14105 14107 14108
f 14109 14110 14111
f 14109 14111 14112
f 14113 14114 14115
f 14113 14115 14116
f 14116 14115 14117
f 14116 14117 14118
f 14118 14117 14024
f 14118 14024 14023
f 14119 14120 14121
f 14119 14121 14122
f 14120 14123 14124
f 14120 14124 14121
f 14123 14053 14056
f 14123 14056 14124
f 14125 14126 14127
f 14125 14127 14128
f 14126 14129 14130
f 14126 14130 14127
f 14129 13937 13940
f 14129 13940 14130
f 14131 14132 14133
f 14131 14133 14134
f 14134 14133 14135
f 14134 14135 14136
f 14136 14135 13984
f 14136 13984 13983
f 14137 14138 14139
f 14137 14139 14140
f 14141 14142 14143
f 14141 14143 14144
f 14145 14146 14147
f 14145 14147 14148
f 14149 14150 14151
f 14149 14151 14152
f 14153 14154 14155
f 14153 14155 14156
f 14157 14158 14159
f 14157 14159 14160
f 14161 14162 14163
f 14161 14163 14164
f 14165 14166 14167
f 14165 14167 14168
f 14169 14170 14171
f 14169 14171 14172
f 14172 14171 14173
f 14172 14173 14174
f 14174 14173 14175
f 14174 14175 14176
f 14177 14178 14179
f 14177 14179 14180
f 14178 14181 14182
f 14178 14182 14179
f 14181 14183 14184
f 14181 14184 14182
f 14185 14186 14187
f 14185 14187 14188
f 14186 14189 14190
f 14186 14190 14187
f 14189 14191 14192
f 14189 14192 14190
f 14193 14194 14195
f 14193 14195 14196
f 14196 14195 14197
f 14196 14197 14198
f 14198 14197 14199
f 14198 14199 14200
f 14201 14202 14203
f 14201 14203 14204
f 14205 14206 14207
f 14205 14207 14208
f 14209 14210 14211
f 14209 14211 14212
f 14212 14211 14213
f 14212 14213 14214
f 14214 14213 14215
f 14214 14215 14216
f 14217 14218 14219
f 14217 14219 14220
f 14218 14221 14222
f 14218 14222 14219
f 14221 14223 14224
f 14221 14224 14222
f 14225 14226 14227
f 14225 14227 14228
f 14226 14229 14230
f 14226 14230 14227
f 14229 14231 14232
f 14229 14232 14230
f 14233 14234 14235
f 14233 14235 14236
f 14236 14235 14237
f 14236 14237 14238
f 14238 14237 14239
f 14238 14239 14240
f 14241 14242 14243
f 14241 14243 14244
f 14245 14246 14247
f 14245 14247 14248
f 14249 14250 14251
f 14249 14251 14252
f 14252 14251 14253
f 14252 14253 14254
f 14254 14253 14255
f 14254 14255 14256
f 14257 14258 14259
f 14257 14259 14260
f 14258 14261 14262
f 14258 14262 14259
f 14261 14263 14264
f 14261 14264 14262
f 14265 14266 14267
f 14265 14267 14268
f 14266 14269 14270
f 14266 14270 14267
f 14269 14185 14188
f 14269 14188 14270
f 14271 14272 14273
f 14271 14273 14274
f 14274 14273 14275
f 14274 14275 14276
f 14276 14275 14232
f 14276 14232 14231
f 14277 14278 14279
f 14277 14279 14280
f 14281 14282 14283
f 14281 14283 14284
f 14285 14286 14287
f 14285 14287 14288
f 14288 14287 14289
f 14288 14289 14290
f 14290 14289 14291
f 14290 14291 14292
f 14293 14294 14295
f 14293 14295 14296
f 14294 14297 14298
f 14294 14298 14295
f 14297 14299 14300
f 14297 14300 14298
f 14193 14301 14302
f 14193 14302 14194
f 14301 14303 14304
f 14301 14304 14302
f 14303 14305 14306
f 14303 14306 14304
f 14240 14239 14307
f 14240 14307 14308
f 14308 14307 14309
f 14308 14309 14310
f 14310 14309 14311
f 14310 14311 14312
f 14313 14314 14315
f 14313 14315 14316
f 14317 14318 14319
f 14317 14319 14320
f 14256 14255 14321
f 14256 14321 14322
f 14322 14321 14323
f 14322 14323 14324
f 14324 14323 14325
f 14324 14325 14326
f 14285 14327 14328
f 14285 14328 14286
f 14327 14329 14330
f 14327 14330 14328
f 14329 14331 14332
f 14329 14332 14330
f 14169 14333 14334
f 14169 14334 14170
f 14333 14335 14336
f 14333 14336 14334
f 14335 14337 14338
f 14335 14338 14336
f 14216 14215 14339
f 14216 14339 14340
f 14340 14339 14341
f 14340 14341 14342
f 14342 14341 14343
f 14342 14343 14344
f 14345 14346 14347
f 14345 14347 14348
f 14349 14350 14351
f 14349 14351 14352
f 14353 14354 14355
f 14353 14355 14356
f 14356 14355 14357
f 14356 14357 14358
f 14358 14357 14264
f 14358 14264 14263
f 14359 14360 14361
f 14359 14361 14362
f 14360 14363 14364
f 14360 14364 14361
f 14363 14293 14296
f 14363 14296 14364
f 14365 14366 14367
f 14365 14367 14368
f 14366 14369 14370
f 14366 14370 14367
f 14369 14177 14180
f 14369 14180 14370
f 14371 14372 14373
f 14371 14373 14374
f 14374 14373 14375
f 14374 14375 14376
f 14376 14375 14224
f 14376 14224 14223
f 14377 14378 14379
f 14377 14379 14380
f 14381 14382 14383
f 14381 14383 14384
f 14385 14386 14387
f 14385 14387 14388
f 14389 14390 14391
f 14389 14391 14392
f 14393 14394 14395
f 14393 14395 14396
f 14397 14398 14399
f 14397 14399 14400
f 14401 14402 14403
f 14401 14403 14404
f 14405 14406 14407
f 14405 14407 14408
f 14409 14410 14411
f 14409 14411 14412
f 14412 14411 14413
f 14412 14413 14414
f 14414 14413 14415
f 14414 14415 14416
f 14417 14418 14419
f 14417 14419 14420
f 14418 14421 14422
f 14418 14422 14419
f 14421 14423 14424
f 14421 14424 14422
f 14425 14426 14427
f 14425 14427 14428
f 14426 14429 14430
f 14426 14430 14427
f 14429 14431 14432
f 14429 14432 14430
f 14433 14434 14435
f 14433 14435 14436
f 14436 14435 14437
f 14436 14437 14438
f 14438 14437 14439
f 14438 14439 14440
f 14441 14442 14443
f 14441 14443 14444
f 14445 14446 14447
f 14445 14447 14448
f 14449 14450 14451
f 14449 14451 14452
f 14452 14451 14453
f 14452 14453 14454
f 14454 14453 14455
f 14454 14455 14456
f 14457 14458 14459
f 14457 14459 14460
f 14458 14461 14462
f 14458 14462 14459
f 14461 14463 14464
f 14461 14464 14462
f 14465 14466 14467
f 14465 14467 14468
f 14466 14469 14470
f 14466 14470 14467
f 14469 14471 14472
f 14469 14472 14470
f 14473 14474 14475
f 14473 14475 14476
f 14476 14475 14477
f 14476 14477 14478
f 14478 14477 14479
f 14478 14479 14480
f 14481 14482 14483
f 14481 14483 14484
f 14485 14486 14487
f 14485 14487 14488
f 14489 14490 14491
f 14489 14491 14492
f 14492 14491 14493
f 14492 14493 14494
f 14494 14493 14495
f 14494 14495 14496
f 14497 14498 14499
f 14497 14499 14500
f 14498 14501 14502
f 14498 14502 14499
f 14501 14503 14504
f 14501 14504 14502
f 14505 14506 14507
f 14505 14507 14508
f 14506 14509 14510
f 14506 14510 14507
f 14509 14425 14428
f 14509 14428 14510
f 14511 14512 14513
f 14511 14513 14514
f 14514 14513 14515
f 14514 14515 14516
f 14516 14515 14472
f 14516 14472 14471
f 14517 14518 14519
f 14517 14519 14520
f 14521 14522 14523
f 14521 14523 14524
f 14525 14526 14527
f 14525 14527 14528
f 14528 14527 14529
f 14528 14529 14530
f 14530 14529 14531
f 14530 14531 14532
f 14533 14534 14535
f 14533 14535 14536
f 14534 14537 14538
f 14534 14538 14535
f 14537 14539 14540
f 14537 14540 14538
f 14433 14541 14542
f 14433 14542 14434
f 14541 14543 14544
f 14541 14544 14542
f 14543 14545 14546
f 14543 14546 14544
f 14480 14479 14547
f 14480 14547 14548
f 14548 14547 14549
f 14548 14549 14550
f 14550 14549 14551
f 14550 14551 14552
f 14553 14554 14555
f 14553 14555 14556
f 14557 14558 14559
f 14557 14559 14560
f 14496 14495 14561
f 14496 14561 14562
f 14562 14561 14563
f 14562 14563 14564
f 14564 14563 14565
f 14564 14565 14566
f 14525 14567 14568
f 14525 14568 14526
f 14567 14569 14570
f 14567 14570 14568
f 14569 14571 14572
f 14569 14572 14570
f 14409 14573 14574
f 14409 14574 14410
f 14573 14575 14576
f 14573 14576 14574
f 14575 14577 14578
f 14575 14578 14576
f 14456 14455 14579
f 14456 14579 14580
f 14580 14579 14581
f 14580 14581 14582
f 14582 14581 14583
f 14582 14583 14584
f 14585 14586 14587
f 14585 14587 14588
f 14589 14590 14591
f 14589 14591 14592
f 14593 14594 14595
f 14593 14595 14596
f 14596 14595 14597
f 14596 14597 14598
f 14598 14597 14504
f 14598 14504 14503
f 14599 14600 14601
f 14599 14601 14602
f 14600 14603 14604
f 14600 14604 14601
f 14603 14533 14536
f 14603 14536 14604
f 14605 14606 14607
f 14605 14607 14608
f 14606 14609 14610
f 14606 14610 14607
f 14609 14417 14420
f 14609 14420 14610
f 14611 14612 14613
f 14611 14613 14614
f 14614 14613 14615
f 14614 14615 14616
f 14616 14615 14464
f 14616 14464 14463
f 14617 14618 14619
f 14617 14619 14620
f 14621 14622 14623
f 14621 14623 14624
f 14625 14626 14627
f 14625 14627 14628
f 14629 14630 14631
f 14629 14631 14632
f 14633 14634 14635
f 14633 14635 14636
f 14637 14638 14639
f 14637 14639 14640
f 14641 14642 14643
f 14641 14643 14644
f 14645 14646 14647
f 14645 14647 14648
f 14649 14650 14651
f 14649 14651 14652
f 14652 14651 14653
f 14652 14653 14654
f 14654 14653 14655
f 14654 14655 14656
f 14657 14658 14659
f 14657 14659 14660
f 14658 14661 14662
f 14658 14662 14659
f 14661 14663 14664
f 14661 14664 14662
f 14665 14666 14667
f 14665 14667 14668
f 14666 14669 14670
f 14666 14670 14667
f 14669 14671 14672
f 14669 14672 14670
f 14673 14674 14675
f 14673 14675 14676
f 14676 14675 14677
f 14676 14677 14678
f 14678 14677 14679
f 14678 14679 14680
f 14681 14682 14683
f 14681 14683 14684
f 14685 14686 14687
f 14685 14687 14688
f 14689 14690 14691
f 14689 14691 14692
f 14692 14691 14693
f 14692 14693 14694
f 14694 14693 14695
f 14694 14695 14696
f 14697 14698 14699
f 14697 14699 14700
f 14698 14701 14702
f 14698 14702 14699
f 14701 14703 14704
f 14701 14704 14702
f 14705 14706 14707
f 14705 14707 14708
f 14706 14709 14710
f 14706 14710 14707
f 14709 14711 14712
f 14709 14712 14710
f 14713 14714 14715
f 14713 14715 14716
f 14716 14715 14717
f 14716 14717 14718
f 14718 14717 14719
f 14718 14719 14720
f 14721 14722 14723
f 14721 14723 14724
f 14725 14726 14727
f 14725 14727 14728
f 14729 14730 14731
f 14729 14731 14732
f 14732 14731 14733
f 14732 14733 14734
f 14734 14733 14735
f 14734 14735 14736
f 14737 14738 14739
f 14737 14739 14740
f 14738 14741 14742
f 14738 14742 14739
f 14741 14743 14744
f 14741 14744 14742
f 14745 14746 14747
f 14745 14747 14748
f 14746 14749 14750
f 14746 14750 14747
f 14749 14665 14668
f 14749 14668 14750
f 14751 14752 14753
f 14751 14753 14754
f 14754 14753 14755
f 14754 14755 14756
f 14756 14755 14712
f 14756 14712 14711
f 14757 14758 14759
f 14757 14759 14760
f 14761 14762 14763
f 14761 14763 14764
f 14765 14766 14767
f 14765 14767 14768
f 14768 14767 14769
f 14768 14769 14770
f 14770 14769 14771
f 14770 14771 14772
f 14773 14774 14775
f 14773 14775 14776
f 14774 14777 14778
f 14774 14778 14775
f 14777 14779 14780
f 14777 14780 14778
f 14673 14781 14782
f 14673 14782 14674
f 14781 14783 14784
f 14781 14784 14782
f 14783 14785 14786
f 14783 14786 14784
f 14720 14719 14787
f 14720 14787 14788
f 14788 14787 14789
f 14788 14789 14790
f 14790 14789 14791
f 14790 14791 14792
f 14793 14794 14795
f 14793 14795 14796
f 14797 14798 14799
f 14797 14799 14800
f 14736 14735 14801
f 14736 14801 14802
f 14802 14801 14803
f 14802 14803 14804
f 14804 14803 14805
f 14804 14805 14806
f 14765 14807 14808
f 14765 14808 14766
f 14807 14809 14810
f 14807 14810 14808
f 14809 14811 14812
f 14809 14812 14810
f 14649 14813 14814
f 14649 14814 14650
f 14813 14815 14816
f 14813 14816 14814
f 14815 14817 14818
f 14815 14818 14816
f 14696 14695 14819
f 14696 14819 14820
f 14820 14819 14821
f 14820 14821 14822
f 14822 14821 14823
f 14822 14823 14824
f 14825 14826 14827
f 14825 14827 14828
f 14829 14830 14831
f 14829 14831 14832
f 14833 14834 14835
f 14833 14835 14836
f 14836 14835 14837
f 14836 14837 14838
f 14838 14837 14744
f 14838 14744 14743
f 14839 14840 14841
f 14839 14841 14842
f 14840 14843 14844
f 14840 14844 14841
f 14843 14773 14776
f 14843 14776 14844
f 14845 14846 14847
f 14845 14847 14848
f 14846 14849 14850
f 14846 14850 14847
f 14849 14657 14660
f 14849 14660 14850
f 14851 14852 14853
f 14851 14853 14854
f 14854 14853 14855
f 14854 14855 14856
f 14856 14855 14704
f 14856 14704 14703
f 14857 14858 14859
f 14857 14859 14860
f 14861 14862 14863
f 14861 14863 14864
f 14865 14866 14867
f 14865 14867 14868
f 14869 14870 14871
f 14869 14871 14872
f 14873 14874 14875
f 14873 14875 14876
f 14877 14878 14879
f 14877 14879 14880
f 14881 14882 14883
f 14881 14883 14884
f 14885 14886 14887
f 14885 14887 14888
f 14889 14890 14891
f 14889 14891 14892
f 14892 14891 14893
f 14892 14893 14894
f 14894 14893 14895
f 14894 14895 14896
f 14897 14898 14899
f 14897 14899 14900
f 14898 14901 14902
f 14898 14902 14899
f 14901 14903 14904
f 14901 14904 14902
f 14905 14906 14907
f 14905 14907 14908
f 14906 14909 14910
f 14906 14910 14907
f 14909 14911 14912
f 14909 14912 14910
f 14913 14914 14915
f 14913 14915 14916
f 14916 14915 14917
f 14916 14917 14918
f 14918 14917 14919
f 14918 14919 14920
f 14921 14922 14923
f 14921 14923 14924
f 14925 14926 14927
f 14925 14927 14928
f 14929 14930 14931
f 14929 14931 14932
f 14932 14931 14933
f 14932 14933 14934
f 14934 14933 14935
f 14934 14935 14936
f 14937 14938 14939
f 14937 14939 14940
f 14938 14941 14942
f 14938 14942 14939
f 14941 14943 14944
f 14941 14944 14942
f 14945 14946 14947
f 14945 14947 14948
f 14946 14949 14950
f 14946 14950 14947
f 14949 14951 14952
f 14949 14952 14950
f 14953 14954 14955
f 14953 14955 14956
f 14956 14955 14957
f 14956 14957 14958
f 14958 14957 14959
f 14958 14959 14960
f 14961 14962 14963
f 14961 14963 14964
f 14965 14966 14967
f 14965 14967 14968
f 14969 14970 14971
f 14969 14971 14972
f 14972 14971 14973
f 14972 14973 14974
f 14974 14973 14975
f 14974 14975 14976
f 14977 14978 14979
f 14977 14979 14980
f 14978 14981 14982
f 14978 14982 14979
f 14981 14983 14984
f 14981 14984 14982
f 14985 14986 14987
f 14985 14987 14988
f 14986 14989 14990
f 14986 14990 14987
f 14989 14905 14908
f 14989 14908 14990
f 14991 14992 14993
f 14991 14993 14994
f 14994 14993 14995
f 14994 14995 14996
f 14996 14995 14952
f 14996 14952 14951
f 14997 14998 14999
f 14997 14999 15000
f 15001 15002 15003
f 15001 15003 15004
f 15005 15006 15007
f 15005 15007 15008
f 15008 15007 15009
f 15008 15009 15010
f 15010 15009 15011
f 15010 15011 15012
f 15013 15014 15015
f 15013 15015 15016
f 15014 15017 15018
f 15014 15018 15015
f 15017 15019 15020
f 15017 15020 15018
f 14913 15021 15022
f 14913 15022 14914
f 15021 15023 15024
f 15021 15024 15022
f 15023 15025 15026
f 15023 15026 15024
f 14960 14959 15027
f 14960 15027 15028
f 15028 15027 15029
f 15028 15029 15030
f 15030 15029 15031
f 15030 15031 15032
f 15033 15034 15035
f 15033 15035 15036
f 15037 15038 15039
f 15037 15039 15040
f 14976 14975 15041
f 14976 15041 15042
f 15042 15041 15043
f 15042 15043 15044
f 15044 15043 15045
f 15044 15045 15046
f 15005 15047 15048
f 15005 15048 15006
f 15047 15049 15050
f 15047 15050 15048
f 15049 15051 15052
f 15049 15052 15050
f 14889 15053 15054
f 14889 15054 14890
f 15053 15055 15056
f 15053 15056 15054
f 15055 15057 15058
f 15055 15058 15056
f 14936 14935 15059
f 14936 15059 15060
f 15060 15059 15061
f 15060 15061 15062
f 15062 15061 15063
f 15062 15063 15064
f 15065 15066 15067
f 15065 15067 15068
f 15069 15070 15071
f 15069 15071 15072
f 15073 15074 15075
f 15073 15075 15076
f 15076 15075 15077
f 15076 15077 15078
f 15078 15077 14984
f 15078 14984 14983
f 15079 15080 15081
f 15079 15081 15082
f 15080 15083 15084
f 15080 15084 15081
f 15083 15013 15016
f 15083 15016 15084
f 15085 15086 15087
f 15085 15087 15088
f 15086 15089 15090
f 15086 15090 15087
f 15089 14897 14900
f 15089 14900 15090
f 15091 15092 15093
f 15091 15093 15094
f 15094 15093 15095
f 15094 15095 15096
f 15096 15095 14944
f 15096 14944 14943
f 15097 15098 15099
f 15097 15099 15100
f 15101 15102 15103
f 15101 15103 15104
f 15105 15106 15107
f 15105 15107 15108
f 15109 15110 15111
f 15109 15111 15112
f 15113 15114 15115
f 15113 15115 15116
f 15117 15118 15119
f 15117 15119 15120
f 15121 15122 15123
f 15121 15123 15124
f 15125 15126 15127
f 15125 15127 15128
f 15129 15130 15131
f 15129 15131 15132
f 15132 15131 15133
f 15132 15133 15134
f 15134 15133 15135
f 15134 15135 15136
f 15137 15138 15139
f 15137 15139 15140
f 15138 15141 15142
f 15138 15142 15139
f 15141 15143 15144
f 15141 15144 15142
f 15145 15146 15147
f 15145 15147 15148
f 15146 15149 15150
f 15146 15150 15147
f 15149 15151 15152
f 15149 15152 15150
f 15153 15154 15155
f 15153 15155 15156
f 15156 15155 15157
f 15156 15157 15158
f 15158 15157 15159
f 15158 15159 15160
f 15161 15162 15163
f 15161 15163 15164
f 15165 15166 15167
f 15165 15167 15168
f 15169 15170 15171
f 15169 15171 15172
f 15172 15171 15173
f 15172 15173 15174
f 15174 15173 15175
f 15174 15175 15176
f 15177 15178 15179
f 15177 15179 15180
f 15178 15181 15182
f 15178 15182 15179
f 15181 15183 15184
f 15181 15184 15182
f 15185 15186 15187
f 15185 15187 15188
f 15186 15189 15190
f 15186 15190 15187
f 15189 15191 15192
f 15189 15192 15190
f 15193 15194 15195
f 15193 15195 15196
f 15196 15195 15197
f 15196 15197 15198
f 15198 15197 15199
f 15198 15199 15200
f 15201 15202 15203
f 15201 15203 15204
f 15205 15206 15207
f 15205 15207 15208
f 15209 15210 15211
f 15209 15211 15212
f 15212 15211 15213
f 15212 15213 15214
f 15214 15213 15215
f 15214 15215 15216
f 15217 15218 15219
f 15217 15219 15220
f 15218 15221 15222
f 15218 15222 15219
f 15221 15223 15224
f 15221 15224 15222
f 15225 15226 15227
f 15225 15227 15228
f 15226 15229 15230
f 15226 15230 15227
f 15229 15145 15148
f 15229 15148 15230
f 15231 15232 15233
f 15231 15233 15234
f 15234 15233 15235
f 15234 15235 15236
f 15236 15235 15192
f 15236 15192 15191
f 15237 15238 15239
f 15237 15239 15240
f 15241 15242 15243
f 15241 15243 15244
f 15245 15246 15247
f 15245 15247 15248
f 15248 15247 15249
f 15248 15249 15250
f 15250 15249 15251
f 15250 15251 15252
f 15253 15254 15255
f 15253 15255 15256
f 15254 15257 15258
f 15254 15258 15255
f 15257 15259 15260
f 15257 15260 15258
f 15153 15261 15262
f 15153 15262 15154
f 15261 15263 15264
f 15261 15264 15262
f 15263 15265 15266
f 15263 15266 15264
f 15200 15199 15267
f 15200 15267 15268
f 15268 15267 15269
f 15268 15269 15270
f 15270 15269 15271
f 15270 15271 15272
f 15273 15274 15275
f 15273 15275 15276
f 15277 15278 15279
f 15277 15279 15280
f 15216 15215 15281
f 15216 15281 15282
f 15282 15281 15283
f 15282 15283 15284
f 15284 15283 15285
f 15284 15285 15286
f 15245 15287 15288
f 15245 15288 15246
f 15287 15289 15290
f 15287 15290 15288
f 15289 15291 15292
f 15289 15292 15290
f 15129 15293 15294
f 15129 15294 15130
f 15293 15295 15296
f 15293 15296 15294
f 15295 15297 15298
f 15295 15298 15296
f 15176 15175 15299
f 15176 15299 15300
f 15300 15299 15301
f 15300 15301 15302
f 15302 15301 15303
f 15302 15303 15304
f 15305 15306 15307
f 15305 15307 15308
f 15309 15310 15311
f 15309 15311 15312
f 15313 15314 15315
f 15313 15315 15316
f 15316 15315 15317
f 15316 15317 15318
f 15318 15317 15224
f 15318 15224 15223
f 15319 15320 15321
f 15319 15321 15322
f 15320 15323 15324
f 15320 15324 15321
f 15323 15253 15256
f 15323 15256 15324
f 15325 15326 15327
f 15325 15327 15328
f 15326 15329 15330
f 15326 15330 15327
f 15329 15137 15140
f 15329 15140 15330
f 15331 15332 15333
f 15331 15333 15334
f 15334 15333 15335
f 15334 15335 15336
f 15336 15335 15184
f 15336 15184 15183
f 15337 15338 15339
f 15337 15339 15340
f 15341 15342 15343
f 15341 15343 15344
f 15345 15346 15347
f 15345 15347 15348
f 15349 15350 15351
f 15349 15351 15352
f 15353 15354 15355
f 15353 15355 15356
f 15357 15358 15359
f 15357 15359 15360
# 11520 faces, 0 coords texture

# End of File
